<?xml version="1.0" encoding="UTF-8"?><root>
<DocumentType TYPEID="java.lang.String" TYPENAME="java.lang.String" TYPEOFTYPE="java.lang.Integer" PRINCIPALOBJECTID="java.lang.String" SEARCHID="java.lang.String" EXPIRINGDATETIME="java.sql.Timestamp" PERMISSIONSID="java.lang.String" REVISION="java.lang.Integer" CREATIONDATETIME="java.sql.Timestamp">
<row TYPEID="4228578E-13D3-4D0C-9BD5-6067362A7B22" TYPENAME="Correspondence" TYPEOFTYPE="2" PRINCIPALOBJECTID="&lt;NULL&gt;" SEARCHID="&lt;NULL&gt;" EXPIRINGDATETIME="&lt;NULL&gt;" PERMISSIONSID="&lt;NULL&gt;" REVISION="110" CREATIONDATETIME="2017-06-07 19:30:03.653"/>
<row TYPEID="B593E211-FFD7-4088-80D1-8894ABEEBBAC" TYPENAME="Document_Broker" TYPEOFTYPE="2" PRINCIPALOBJECTID="&lt;NULL&gt;" SEARCHID="&lt;NULL&gt;" EXPIRINGDATETIME="&lt;NULL&gt;" PERMISSIONSID="&lt;NULL&gt;" REVISION="87" CREATIONDATETIME="2017-06-07 19:30:03.823"/>
<row TYPEID="AF853455-8CD7-49C8-AA4C-C22F177C30BC" TYPENAME="DteResidentialEbill" TYPEOFTYPE="2" PRINCIPALOBJECTID="&lt;NULL&gt;" SEARCHID="&lt;NULL&gt;" EXPIRINGDATETIME="&lt;NULL&gt;" PERMISSIONSID="&lt;NULL&gt;" REVISION="28" CREATIONDATETIME="2017-06-07 19:30:03.607"/>
<row TYPEID="9CA84B63-01B5-461B-A703-CFF49B2DEF83" TYPENAME="DteEbill" TYPEOFTYPE="2" PRINCIPALOBJECTID="&lt;NULL&gt;" SEARCHID="&lt;NULL&gt;" EXPIRINGDATETIME="&lt;NULL&gt;" PERMISSIONSID="&lt;NULL&gt;" REVISION="82" CREATIONDATETIME="2017-06-07 19:30:03.53"/>
<row TYPEID="32568911-7E61-4999-929A-F5733F382C2E" TYPENAME="DteEbillDocBroker" TYPEOFTYPE="2" PRINCIPALOBJECTID="&lt;NULL&gt;" SEARCHID="&lt;NULL&gt;" EXPIRINGDATETIME="&lt;NULL&gt;" PERMISSIONSID="&lt;NULL&gt;" REVISION="14" CREATIONDATETIME="2017-06-07 19:30:03.777"/>
<row TYPEID="BAF66296-A6F5-4697-AA08-F806B2B50A56" TYPENAME="Invoice" TYPEOFTYPE="2" PRINCIPALOBJECTID="&lt;NULL&gt;" SEARCHID="&lt;NULL&gt;" EXPIRINGDATETIME="&lt;NULL&gt;" PERMISSIONSID="&lt;NULL&gt;" REVISION="40" CREATIONDATETIME="2017-06-07 19:30:03.833"/>
</DocumentType>
</root>
