<?xml version="1.0" encoding="UTF-8"?><root>
<PMVIEW IDPMVIEW="java.lang.String" IDPMDOCUMENTTYPE="java.lang.String" PMVIEWNAME="java.lang.String" PMGROUPVIEW="java.lang.String" PMDEFAULTSEARCH="java.lang.String"/>
<PMDOCUMENTROLE IDPMROLE="java.lang.String" IDPMDOCUMENTTYPE="java.lang.String" ROLEID="java.lang.String"/>
<PMVIEWROLE IDPMROLE="java.lang.String" IDPMVIEW="java.lang.String" ROLEID="java.lang.String"/>
<PMACTION IDPMACTION="java.lang.String" IDPMVIEW="java.lang.String" PMACTIONNAME="java.lang.String" PMACTIONORDER="java.lang.Long"/>
<PMVIEWCOLUMN IDPMCOLUMN="java.lang.String" IDPMVIEW="java.lang.String" PMCOLUMNNAME="java.lang.String" PMDOCUMENTCOLUMN="java.lang.String" PMCOLUMNORDER="java.lang.Long" PMVISIBLE="java.lang.String" PMSEARCHABLE="java.lang.String" PMAGGREGATEFUNCTION="java.lang.String" PMCOLUMTYPE="java.lang.String" PMRESTRICTIONOPERATOR="java.lang.String" PMRESTRICTIONVALUE="java.lang.String" PMTRACKABLE="java.lang.String"/>
<PMTASK IDPMTASK="java.lang.String" IDPMACTION="java.lang.String" PMTASKNAME="java.lang.String" PMTASKORDER="java.lang.Long" PMTASKRELID="java.lang.String" PMTASKVISIBILITY="java.lang.String" PMTASKOPERATION="java.lang.String" PMTASKCONFIG="java.lang.String" PMTASKDISPLAYORDER="java.lang.Long"/>
<PMACTIONROLE IDPMROLE="java.lang.String" IDPMACTION="java.lang.String" ROLEID="java.lang.String"/>
<PMTRACKING IDPMTRACKING="java.lang.String" PMTRACKINGDATE="java.sql.Timestamp"/>
<PMDOCPACKAGE IDPMDOCPACKAGE="java.lang.String" IDPM="java.lang.String" IDPMTRACKING="java.lang.String" IDPACKAGE="java.lang.String"/>
<PMTRACKINGDATA IDPMTRACKINGDATA="java.lang.String" IDPMTRACKING="java.lang.String" PMTRACKDATE="java.sql.Timestamp" PMACTIONNAME="java.lang.String" PMCHANGE="java.lang.String" PMUSER="java.lang.String" STATUS="java.lang.String" PMREMARK="java.lang.String"/>
<PMEXTERNALTRACKING IDEXTERNAL="java.lang.String" IDPACKAGE="java.lang.String" STATUS="java.lang.String" ORIGIN="java.lang.String" EXTERNALDATE="java.sql.Timestamp" NUM_DOC="java.lang.Long" NUM_PAGES="java.lang.Long" NUM_PAGES_INS="java.lang.Long" NUM_ENVELOPES="java.lang.Long" NUM_PALETS="java.lang.Long" NUM_PP1="java.lang.Long" NUM_PP2="java.lang.Long" NUM_PP3="java.lang.Long" NUM_PP4="java.lang.Long" NUM_MK1="java.lang.Long" NUM_MK2="java.lang.Long" NUM_MK3="java.lang.Long" NUM_MK4="java.lang.Long" DEST="java.lang.String"/>
<EXTERNALTBL EXTERNALID="java.lang.String" NUMBEROFDOCUMENTS="java.lang.Long" STRSSERVICE="java.lang.String" DESCRIPTION="java.lang.String" EXTERNALDATE="java.sql.Timestamp"/>
<PMTRACKINGFIELDS IDPMTRACKINGFIELDS="java.lang.String" IDPMTRACKING="java.lang.String" IDPMCOLUMN="java.lang.String" IDPM="java.lang.String" FIELDNAME="java.lang.String" FIELDVALUE="java.lang.String"/>
</root>
