<?xml version="1.0" encoding="UTF-8"?><root>
<Role ROLEID="java.lang.String" PARENTROLEID="java.lang.String" ROLEATTRIBUTESID="java.lang.String" ROLEDESCRIPTION="java.lang.String" ROLENAME="java.lang.String" ROLECREATIONTIME="java.sql.Timestamp">
<row ROLEID="3BF389E4-16F7-450E-B852-119CAC0E6191" PARENTROLEID="C77D777E-42C1-4DDB-AE47-A0798F7202D1" ROLEATTRIBUTESID="&lt;NULL&gt;" ROLEDESCRIPTION="The Production Manager monitors the jobs that have been sent with Streamserve using the Reporter application." ROLENAME="Production Manager" ROLECREATIONTIME="2017-05-30 14:34:56.893"/>
<row ROLEID="3A2AEA49-AE34-42BF-A7CD-4635AE1D3C46" PARENTROLEID="&lt;NULL&gt;" ROLEATTRIBUTESID="&lt;NULL&gt;" ROLEDESCRIPTION="External" ROLENAME="External" ROLECREATIONTIME="2017-05-30 14:34:56.887"/>
<row ROLEID="BA475D33-809F-4F0E-A197-4E14620EB5E8" PARENTROLEID="C77D777E-42C1-4DDB-AE47-A0798F7202D1" ROLEATTRIBUTESID="&lt;NULL&gt;" ROLEDESCRIPTION="Administrative role that has access to all applications." ROLENAME="System Manager" ROLECREATIONTIME="2017-05-30 14:34:56.89"/>
<row ROLEID="93FB848C-B97B-4744-BC40-7D95B06DB328" PARENTROLEID="C77D777E-42C1-4DDB-AE47-A0798F7202D1" ROLEATTRIBUTESID="&lt;NULL&gt;" ROLEDESCRIPTION="Sets up the available Distribution channels." ROLENAME="IT-Staff" ROLECREATIONTIME="2017-05-30 14:34:56.89"/>
<row ROLEID="0A6D1A2A-170F-4B8C-B2EB-886BC94053F4" PARENTROLEID="C77D777E-42C1-4DDB-AE47-A0798F7202D1" ROLEATTRIBUTESID="&lt;NULL&gt;" ROLEDESCRIPTION="The Marketing Manager uses the Composition Center application to approve created marketing messages." ROLENAME="Marketing Manager" ROLECREATIONTIME="2017-05-30 14:34:56.893"/>
<row ROLEID="7E40502B-C68B-4789-A4CE-8D5D49EDBD49" PARENTROLEID="C77D777E-42C1-4DDB-AE47-A0798F7202D1" ROLEATTRIBUTESID="&lt;NULL&gt;" ROLEDESCRIPTION="The Call Center Manager manages the Call Center Personnel using the Administrator application." ROLENAME="Call Center Manager" ROLECREATIONTIME="2017-05-30 14:34:56.893"/>
<row ROLEID="DAF62A9A-C1A6-4301-924C-9DF8FF3E9992" PARENTROLEID="C77D777E-42C1-4DDB-AE47-A0798F7202D1" ROLEATTRIBUTESID="&lt;NULL&gt;" ROLEDESCRIPTION="Marketing Personnel uses the Composition Center application to create dynamic personalized marketing messages for their customers." ROLENAME="Marketing Personnel" ROLECREATIONTIME="2017-05-30 14:34:56.893"/>
<row ROLEID="C77D777E-42C1-4DDB-AE47-A0798F7202D1" PARENTROLEID="&lt;NULL&gt;" ROLEATTRIBUTESID="&lt;NULL&gt;" ROLEDESCRIPTION="Internal" ROLENAME="Internal" ROLECREATIONTIME="2017-05-30 14:34:56.89"/>
<row ROLEID="6A2A6E89-4FE5-4111-9B1F-A9894A49D825" PARENTROLEID="3A2AEA49-AE34-42BF-A7CD-4635AE1D3C46" ROLEATTRIBUTESID="&lt;NULL&gt;" ROLEDESCRIPTION="The main application for the Customer is the Dispatcher application where the preferred distribution methods can be selected." ROLENAME="Customer" ROLECREATIONTIME="2017-05-30 14:34:56.887"/>
<row ROLEID="5ED00A14-3BFE-4CB9-B4D5-C74F74CF8369" PARENTROLEID="C77D777E-42C1-4DDB-AE47-A0798F7202D1" ROLEATTRIBUTESID="&lt;NULL&gt;" ROLEDESCRIPTION="Call Center Personnel uses the Collector application to find documents for their customers." ROLENAME="Call Center Personnel" ROLECREATIONTIME="2017-05-30 14:34:56.89"/>
<row ROLEID="E55DAD42-072F-4A0F-A110-E646825911E0" PARENTROLEID="&lt;NULL&gt;" ROLEATTRIBUTESID="&lt;NULL&gt;" ROLEDESCRIPTION="internal" ROLENAME="streamserve" ROLECREATIONTIME="2017-05-30 14:34:56.88"/>
</Role>
<RoleAttributes ROLEATTRIBUTESID="java.lang.String" ROLEID="java.lang.String" METADATAVALUE="java.lang.String" METADATANAMEID="java.lang.String" CREATIONDATETIME="java.sql.Timestamp"/>
<PrincipalAttributes PRINCIPALATTRIBUTESID="java.lang.String" PASSWORD="java.lang.String" LOGINNAME="java.lang.String">
<row PRINCIPALATTRIBUTESID="76236E23-598F-4A2E-BAFA-63D7E1D2E4A4" PASSWORD="changeoninstall342" LOGINNAME="strsAdministrator"/>
</PrincipalAttributes>
<PrincipalType PRINCIPALTYPEID="java.lang.String" TYPENAME="java.lang.String" URI="java.lang.String">
<row PRINCIPALTYPEID="10627AAE-A2B0-418E-BC21-58C76742B1DF" TYPENAME="EXTERNAL" URI="http://schemas.streamserve.com/uid/resource/externaldirectoryservicegroup/1.0"/>
<row PRINCIPALTYPEID="9F0B4967-2D2B-4AF3-8836-FEAECA0916A0" TYPENAME="INTERNAL" URI="http://schemas.streamserve.com/uid/resource/internaldirectoryservicegroup/1.0"/>
</PrincipalType>
<PrincipalObject PRINCIPALOBJECTID="java.lang.String" PRINCIPALTYPEID="java.lang.String" PRINCIPALATTRIBUTESID="java.lang.String">
<row PRINCIPALOBJECTID="CN=STRSDOMAINADMIN,OU=DEFAULT,DC=SCHEMAS,DC=STREAMSERVE,DC=COM" PRINCIPALTYPEID="9F0B4967-2D2B-4AF3-8836-FEAECA0916A0" PRINCIPALATTRIBUTESID="&lt;NULL&gt;"/>
</PrincipalObject>
<relPrincipalObjectRole RELPRINCIPALOBJECTROLEID="java.lang.String" ROLEID="java.lang.String" PRINCIPALOBJECTID="java.lang.String" CREATIONDATETIME="java.sql.Timestamp">
<row RELPRINCIPALOBJECTROLEID="91FA07B2-EA6C-44AC-9421-902DA18A24A9" ROLEID="BA475D33-809F-4F0E-A197-4E14620EB5E8" PRINCIPALOBJECTID="CN=STRSDOMAINADMIN,OU=DEFAULT,DC=SCHEMAS,DC=STREAMSERVE,DC=COM" CREATIONDATETIME="2017-05-31 12:34:36.19"/>
</relPrincipalObjectRole>
<Operation OPERATIONID="java.lang.String" OPERATIONNAME="java.lang.String">
<row OPERATIONID="1016D1C4-3BBA-4EA0-A07A-097ECC8424C5" OPERATIONNAME="reject"/>
<row OPERATIONID="4762CF3D-3CED-4848-A74A-1F55CED8ED33" OPERATIONNAME="modify"/>
<row OPERATIONID="FC229911-C65F-4509-B450-35724D59976A" OPERATIONNAME="access"/>
<row OPERATIONID="0EE32427-A671-4C23-9823-608BB3A444C4" OPERATIONNAME="batch-delete"/>
<row OPERATIONID="76D2C0F2-5034-435B-B654-687BA051FBD3" OPERATIONNAME="delete"/>
<row OPERATIONID="B549FC99-79AF-4E61-9A28-7A2B33DCD077" OPERATIONNAME="approve"/>
<row OPERATIONID="CE58B145-B3FB-4EA1-AC2E-A17E3C629956" OPERATIONNAME="forward"/>
<row OPERATIONID="C0F098CE-817C-4865-983B-BF98BCBFEC7B" OPERATIONNAME="create"/>
<row OPERATIONID="BDE0758D-DC74-4EF5-87D9-CA7008DE2D13" OPERATIONNAME="view"/>
<row OPERATIONID="BB7A66E3-8E2C-4ABB-88E3-D86D31951CA8" OPERATIONNAME="execute"/>
<row OPERATIONID="4C799025-ABF7-46D4-8168-DC92E9FD40F3" OPERATIONNAME="publish"/>
</Operation>
<ApplicationResourceType APPLICATIONRESOURCETYPEID="java.lang.String" TYPENAME="java.lang.String">
<row APPLICATIONRESOURCETYPEID="A9D7A15A-4855-490E-AC64-44D2B2375CE7" TYPENAME="docland"/>
</ApplicationResourceType>
<Permissions PERMISSIONSID="java.lang.String">
<row PERMISSIONSID="3242FECA-F534-42A3-985C-0A94E33E03DC"/>
<row PERMISSIONSID="BA037FBD-D544-4883-9732-0D19C5646212"/>
<row PERMISSIONSID="C2EE0068-A076-4ADC-832C-0FF41D763C0F"/>
<row PERMISSIONSID="C493CF45-088B-4074-B308-113ED6056191"/>
<row PERMISSIONSID="C83C9C70-3694-4EF8-8079-124FE9B86233"/>
<row PERMISSIONSID="473CA875-BCD3-4A2B-904F-197AD0B36AD0"/>
<row PERMISSIONSID="D611193F-98D7-4072-BE77-1AEA1B9DCB22"/>
<row PERMISSIONSID="4BE191BE-3B2E-4667-81DC-1B85DBEDE669"/>
<row PERMISSIONSID="CAAF3972-79D8-4B69-BFAF-1D2570A17CAC"/>
<row PERMISSIONSID="E2784D0F-A074-498C-8433-1E1703137D35"/>
<row PERMISSIONSID="BDDAF1D1-3D7E-4490-A8A0-21EA4ED3B2F3"/>
<row PERMISSIONSID="42E7AF2D-399F-4913-AC8F-23ACE0928D3B"/>
<row PERMISSIONSID="905094FC-2268-41AA-BA31-263742AD77D1"/>
<row PERMISSIONSID="3B424ECE-8498-45E0-9487-2760E1B038B0"/>
<row PERMISSIONSID="D83F9676-C849-4FEF-843C-2A47BD4E1BB2"/>
<row PERMISSIONSID="48F98927-3324-4AF6-B332-2C3FE1E05B74"/>
<row PERMISSIONSID="B8E1628A-64CE-4298-AC5E-2E5CF74569B2"/>
<row PERMISSIONSID="D644297B-6F5A-4393-83D7-3316F26500F5"/>
<row PERMISSIONSID="662E7FB5-E86B-4B88-A4E9-3582C6F35F80"/>
<row PERMISSIONSID="5D9A2F07-6675-42C7-8AEF-37A92A492C49"/>
<row PERMISSIONSID="B4FC93D1-97C0-4BD4-91C6-3834B01F351F"/>
<row PERMISSIONSID="8621FB2D-DF6F-4652-A105-439694389205"/>
<row PERMISSIONSID="4124C53D-4FCF-4029-86BA-44E449161373"/>
<row PERMISSIONSID="D7DDDC8E-A4C9-4E9C-BBEC-456BDDAFF4BF"/>
<row PERMISSIONSID="DCDF9887-BE27-4DA4-A6EC-49D634CCD2FD"/>
<row PERMISSIONSID="D72720BB-6562-40A0-BCF3-4A7915D616F4"/>
<row PERMISSIONSID="213B7C27-40B5-4232-BE43-4E9485851D68"/>
<row PERMISSIONSID="66B5F076-A617-461C-B952-4FB25E0FFBC9"/>
<row PERMISSIONSID="B6003980-B9F1-4E42-A8A3-5330C63CA592"/>
<row PERMISSIONSID="B6003980-B9F1-4E42-A8A4-5330C63CA592"/>
<row PERMISSIONSID="B6003980-B9F1-4E42-A8A5-5330C63CA592"/>
<row PERMISSIONSID="B6003980-B9F1-4E42-A8A6-5330C63CA592"/>
<row PERMISSIONSID="B6003980-B9F1-4E42-A8A7-5330C63CA592"/>
<row PERMISSIONSID="B6003980-B9F1-4E42-A8A8-5330C63CA592"/>
<row PERMISSIONSID="ED711BD0-23A0-4A52-8B9E-5649D317F6B7"/>
<row PERMISSIONSID="5CDD84A4-F342-48EA-97E7-57474830847C"/>
<row PERMISSIONSID="2CB55361-E717-461A-AB32-5856D7103D88"/>
<row PERMISSIONSID="45FA31B5-4CD6-44FB-8721-59C7B85D8A1E"/>
<row PERMISSIONSID="54F006CB-70B3-49B9-8CD9-6088346AC539"/>
<row PERMISSIONSID="0305C989-264E-4453-B066-60A9413FB42A"/>
<row PERMISSIONSID="8D73AA98-161C-41F4-8711-61BC62C915E8"/>
<row PERMISSIONSID="8D73AA98-161C-41F4-8712-61BC62C915E8"/>
<row PERMISSIONSID="7D23D53A-E15B-44EF-B933-65DB79684960"/>
<row PERMISSIONSID="3192E426-765F-4185-89D2-6C7666953C22"/>
<row PERMISSIONSID="779A8FCB-9AF8-45A7-BE6A-6E6E6C841803"/>
<row PERMISSIONSID="28FC8409-CCE6-4168-80B9-6E9E6A11610E"/>
<row PERMISSIONSID="A2D69B22-D2A4-4205-807A-7157ECDC5D6C"/>
<row PERMISSIONSID="790EB459-0B85-45A7-9745-74DC6E3BEBAA"/>
<row PERMISSIONSID="708580D7-42AB-4219-9D22-75D011F2D77E"/>
<row PERMISSIONSID="5EFBDAC4-261E-4B1B-8ED9-7DDD1DB0BA71"/>
<row PERMISSIONSID="3A51FD07-0F89-4BD3-9018-8255D7A9E1FD"/>
<row PERMISSIONSID="7394C0F9-24A5-4C78-854E-8A1CAB4C6E6A"/>
<row PERMISSIONSID="71B2C75F-4BCC-41A7-AC01-91E27F39843D"/>
<row PERMISSIONSID="6E087399-79CE-4F64-B947-97C5B2DBD1C0"/>
<row PERMISSIONSID="66C115F7-A0F4-4B93-BA0F-99901E14A1F2"/>
<row PERMISSIONSID="0A92B690-964E-43AD-B3CE-99E3B69F39C5"/>
<row PERMISSIONSID="FD6B6CE0-25A2-4096-BAB0-A55CD1B4BEA7"/>
<row PERMISSIONSID="6ABB0D9F-8E30-45DD-97F0-A5B6F24F9838"/>
<row PERMISSIONSID="FC08641C-E634-4C30-9158-AAA0A470A2DC"/>
<row PERMISSIONSID="B15CC46A-F068-41E3-A1C4-AC44E883B7DC"/>
<row PERMISSIONSID="C15EFAB0-939A-46C8-9E0A-B0BD32870955"/>
<row PERMISSIONSID="6351F37F-A167-4D5D-8A78-B215B51CB35F"/>
<row PERMISSIONSID="EED99045-CD8F-4611-B85A-B2EB65172571"/>
<row PERMISSIONSID="E99BDDA4-A72D-4314-9458-B68D1D4294BE"/>
<row PERMISSIONSID="45C58E5C-EF09-437B-A1A3-B724D7CEBDA6"/>
<row PERMISSIONSID="82B9CBCC-3162-478B-9355-BE033B4FE246"/>
<row PERMISSIONSID="DDA4B4E5-10D4-4BA7-B544-C74E057230E4"/>
<row PERMISSIONSID="5CB72727-49EF-41C8-A152-CA004AE1F83B"/>
<row PERMISSIONSID="F0A0B791-3C73-4A83-A0A1-D08AF338A2EC"/>
<row PERMISSIONSID="55C2989B-2B2C-41CF-864D-D54A5F520AB9"/>
<row PERMISSIONSID="EB2AA2FC-05F1-40EA-BEAA-D55F4F14A943"/>
<row PERMISSIONSID="D4561F34-CC9B-4201-91FB-D784C0DC8B2D"/>
<row PERMISSIONSID="97BB06B7-423D-4354-BE63-D78A3A0245AA"/>
<row PERMISSIONSID="ECCF8F3A-C43C-4F3C-BFD4-DA7DACEFB6A0"/>
<row PERMISSIONSID="959643D8-8664-43BF-833E-E108BE20DA6F"/>
<row PERMISSIONSID="85F85C85-4774-45B0-BFC2-E228E50BA1F1"/>
<row PERMISSIONSID="CDABCF6F-16A5-47C8-B1A0-E24655106C4D"/>
<row PERMISSIONSID="327BEB10-2F0A-480E-A82E-E3792C21E130"/>
<row PERMISSIONSID="01079877-E116-45E1-A442-E609FDF88E6B"/>
<row PERMISSIONSID="49626408-3C22-4DF7-B1BC-E63048F592DD"/>
<row PERMISSIONSID="42F41E86-F510-4A33-ADF7-E70754DC539B"/>
<row PERMISSIONSID="8730C2F4-4723-4EFA-9881-F059BDBDA42D"/>
<row PERMISSIONSID="D4322346-553D-4BF7-B23C-FBB36F1C2F45"/>
<row PERMISSIONSID="276D1EAF-7808-4B77-B71C-FDD913C3390F"/>
<row PERMISSIONSID="4C2D42AE-1548-4033-AA97-FE9B48096AE9"/>
<row PERMISSIONSID="4B4B87B4-B202-48B6-894E-FF8279EB9253"/>
</Permissions>
<Permission PERMISSIONID="java.lang.String" ROLEID="java.lang.String" PERMISSIONSID="java.lang.String" OPERATIONID="java.lang.String">
<row PERMISSIONID="7ED03C0A-7A99-45AF-8628-070CD910DF5E" ROLEID="BA475D33-809F-4F0E-A197-4E14620EB5E8" PERMISSIONSID="6E087399-79CE-4F64-B947-97C5B2DBD1C0" OPERATIONID="BDE0758D-DC74-4EF5-87D9-CA7008DE2D13"/>
<row PERMISSIONID="B7BBDD9B-F7A1-47EE-82B3-0A837F838E57" ROLEID="BA475D33-809F-4F0E-A197-4E14620EB5E8" PERMISSIONSID="4BE191BE-3B2E-4667-81DC-1B85DBEDE669" OPERATIONID="BDE0758D-DC74-4EF5-87D9-CA7008DE2D13"/>
<row PERMISSIONID="EBD698CA-13F0-4387-8EA2-0C525D22AF7C" ROLEID="BA475D33-809F-4F0E-A197-4E14620EB5E8" PERMISSIONSID="54F006CB-70B3-49B9-8CD9-6088346AC539" OPERATIONID="4762CF3D-3CED-4848-A74A-1F55CED8ED33"/>
<row PERMISSIONID="6C1CA24E-709A-4591-ADAF-0D08A63F46F3" ROLEID="BA475D33-809F-4F0E-A197-4E14620EB5E8" PERMISSIONSID="7D23D53A-E15B-44EF-B933-65DB79684960" OPERATIONID="BB7A66E3-8E2C-4ABB-88E3-D86D31951CA8"/>
<row PERMISSIONID="D1755632-D743-402F-8932-0E6D407EDCFB" ROLEID="0A6D1A2A-170F-4B8C-B2EB-886BC94053F4" PERMISSIONSID="42E7AF2D-399F-4913-AC8F-23ACE0928D3B" OPERATIONID="BDE0758D-DC74-4EF5-87D9-CA7008DE2D13"/>
<row PERMISSIONID="E4B5AC85-AC61-46CB-A535-0F06147B7F65" ROLEID="7E40502B-C68B-4789-A4CE-8D5D49EDBD49" PERMISSIONSID="EED99045-CD8F-4611-B85A-B2EB65172571" OPERATIONID="BDE0758D-DC74-4EF5-87D9-CA7008DE2D13"/>
<row PERMISSIONID="41148DF4-9664-4093-BD20-100A88C864F4" ROLEID="BA475D33-809F-4F0E-A197-4E14620EB5E8" PERMISSIONSID="4BE191BE-3B2E-4667-81DC-1B85DBEDE669" OPERATIONID="76D2C0F2-5034-435B-B654-687BA051FBD3"/>
<row PERMISSIONID="885496D0-3A42-4F0C-BF51-104B42139B24" ROLEID="7E40502B-C68B-4789-A4CE-8D5D49EDBD49" PERMISSIONSID="7D23D53A-E15B-44EF-B933-65DB79684960" OPERATIONID="BB7A66E3-8E2C-4ABB-88E3-D86D31951CA8"/>
<row PERMISSIONID="6DB45F27-E5EE-4087-A371-10BC46A30C55" ROLEID="BA475D33-809F-4F0E-A197-4E14620EB5E8" PERMISSIONSID="DCDF9887-BE27-4DA4-A6EC-49D634CCD2FD" OPERATIONID="BDE0758D-DC74-4EF5-87D9-CA7008DE2D13"/>
<row PERMISSIONID="FB07815C-C73A-49E8-9A0C-10BE7220E2F9" ROLEID="3BF389E4-16F7-450E-B852-119CAC0E6191" PERMISSIONSID="EED99045-CD8F-4611-B85A-B2EB65172571" OPERATIONID="4762CF3D-3CED-4848-A74A-1F55CED8ED33"/>
<row PERMISSIONID="2B19714A-708D-4DAB-B96D-10FA1ED7557E" ROLEID="BA475D33-809F-4F0E-A197-4E14620EB5E8" PERMISSIONSID="5EFBDAC4-261E-4B1B-8ED9-7DDD1DB0BA71" OPERATIONID="76D2C0F2-5034-435B-B654-687BA051FBD3"/>
<row PERMISSIONID="591E2F0E-14D1-44BE-8558-12D2E7BFFF9E" ROLEID="BA475D33-809F-4F0E-A197-4E14620EB5E8" PERMISSIONSID="CDABCF6F-16A5-47C8-B1A0-E24655106C4D" OPERATIONID="B549FC99-79AF-4E61-9A28-7A2B33DCD077"/>
<row PERMISSIONID="A00DF809-D57B-42AE-949D-12FA1A2F1038" ROLEID="DAF62A9A-C1A6-4301-924C-9DF8FF3E9992" PERMISSIONSID="BDDAF1D1-3D7E-4490-A8A0-21EA4ED3B2F3" OPERATIONID="BDE0758D-DC74-4EF5-87D9-CA7008DE2D13"/>
<row PERMISSIONID="974163DC-04CA-42E2-AFE3-17A113D8DAC0" ROLEID="3BF389E4-16F7-450E-B852-119CAC0E6191" PERMISSIONSID="213B7C27-40B5-4232-BE43-4E9485851D68" OPERATIONID="76D2C0F2-5034-435B-B654-687BA051FBD3"/>
<row PERMISSIONID="2328591E-8A87-4FF2-B350-19D9D18BC62C" ROLEID="5ED00A14-3BFE-4CB9-B4D5-C74F74CF8369" PERMISSIONSID="DCDF9887-BE27-4DA4-A6EC-49D634CCD2FD" OPERATIONID="BDE0758D-DC74-4EF5-87D9-CA7008DE2D13"/>
<row PERMISSIONID="5F0BCA1A-0E5E-4353-B6A2-1A14214D5D28" ROLEID="93FB848C-B97B-4744-BC40-7D95B06DB328" PERMISSIONSID="EED99045-CD8F-4611-B85A-B2EB65172571" OPERATIONID="BDE0758D-DC74-4EF5-87D9-CA7008DE2D13"/>
<row PERMISSIONID="1CE397F4-6070-4D59-9E5A-1B07DBF8AB47" ROLEID="7E40502B-C68B-4789-A4CE-8D5D49EDBD49" PERMISSIONSID="4BE191BE-3B2E-4667-81DC-1B85DBEDE669" OPERATIONID="C0F098CE-817C-4865-983B-BF98BCBFEC7B"/>
<row PERMISSIONID="D25F5753-7B83-4F9C-B12B-1E77D16E156C" ROLEID="7E40502B-C68B-4789-A4CE-8D5D49EDBD49" PERMISSIONSID="8730C2F4-4723-4EFA-9881-F059BDBDA42D" OPERATIONID="BDE0758D-DC74-4EF5-87D9-CA7008DE2D13"/>
<row PERMISSIONID="FCDA26B1-EE7D-4D95-8A48-1F11A16875E3" ROLEID="3BF389E4-16F7-450E-B852-119CAC0E6191" PERMISSIONSID="EED99045-CD8F-4611-B85A-B2EB65172571" OPERATIONID="C0F098CE-817C-4865-983B-BF98BCBFEC7B"/>
<row PERMISSIONID="68BE2921-C9DF-4568-B28B-202164454783" ROLEID="7E40502B-C68B-4789-A4CE-8D5D49EDBD49" PERMISSIONSID="71B2C75F-4BCC-41A7-AC01-91E27F39843D" OPERATIONID="BB7A66E3-8E2C-4ABB-88E3-D86D31951CA8"/>
<row PERMISSIONID="7F98D92C-0E6B-4277-A83D-21C49C394DB4" ROLEID="3BF389E4-16F7-450E-B852-119CAC0E6191" PERMISSIONSID="45FA31B5-4CD6-44FB-8721-59C7B85D8A1E" OPERATIONID="BDE0758D-DC74-4EF5-87D9-CA7008DE2D13"/>
<row PERMISSIONID="BD0DF248-0A46-40DE-AD6E-235D21E70B60" ROLEID="7E40502B-C68B-4789-A4CE-8D5D49EDBD49" PERMISSIONSID="EED99045-CD8F-4611-B85A-B2EB65172571" OPERATIONID="76D2C0F2-5034-435B-B654-687BA051FBD3"/>
<row PERMISSIONID="7F1FD36A-8ED8-4EDA-B0AF-247B87FDF137" ROLEID="BA475D33-809F-4F0E-A197-4E14620EB5E8" PERMISSIONSID="959643D8-8664-43BF-833E-E108BE20DA6F" OPERATIONID="4762CF3D-3CED-4848-A74A-1F55CED8ED33"/>
<row PERMISSIONID="C142BA53-4C26-4DA1-A0BA-2549D0D43859" ROLEID="BA475D33-809F-4F0E-A197-4E14620EB5E8" PERMISSIONSID="85F85C85-4774-45B0-BFC2-E228E50BA1F1" OPERATIONID="4762CF3D-3CED-4848-A74A-1F55CED8ED33"/>
<row PERMISSIONID="EF3E2D5D-DD63-43FF-B57A-25E63B42D612" ROLEID="BA475D33-809F-4F0E-A197-4E14620EB5E8" PERMISSIONSID="28FC8409-CCE6-4168-80B9-6E9E6A11610E" OPERATIONID="BDE0758D-DC74-4EF5-87D9-CA7008DE2D13"/>
<row PERMISSIONID="DDE01073-AE03-4228-A5D7-268D71777121" ROLEID="BA475D33-809F-4F0E-A197-4E14620EB5E8" PERMISSIONSID="CAAF3972-79D8-4B69-BFAF-1D2570A17CAC" OPERATIONID="BDE0758D-DC74-4EF5-87D9-CA7008DE2D13"/>
<row PERMISSIONID="28FF40A6-9086-4B12-81FD-2829C25C9A5F" ROLEID="7E40502B-C68B-4789-A4CE-8D5D49EDBD49" PERMISSIONSID="779A8FCB-9AF8-45A7-BE6A-6E6E6C841803" OPERATIONID="0EE32427-A671-4C23-9823-608BB3A444C4"/>
<row PERMISSIONID="80F692D8-72C3-4CA1-82BC-28D4D92B453A" ROLEID="BA475D33-809F-4F0E-A197-4E14620EB5E8" PERMISSIONSID="4BE191BE-3B2E-4667-81DC-1B85DBEDE669" OPERATIONID="C0F098CE-817C-4865-983B-BF98BCBFEC7B"/>
<row PERMISSIONID="342E3433-E458-45F4-AF81-28F8014C265C" ROLEID="DAF62A9A-C1A6-4301-924C-9DF8FF3E9992" PERMISSIONSID="42F41E86-F510-4A33-ADF7-E70754DC539B" OPERATIONID="BDE0758D-DC74-4EF5-87D9-CA7008DE2D13"/>
<row PERMISSIONID="73E2AE47-4E3F-4BF3-835F-2E3AA9063779" ROLEID="BA475D33-809F-4F0E-A197-4E14620EB5E8" PERMISSIONSID="42E7AF2D-399F-4913-AC8F-23ACE0928D3B" OPERATIONID="BDE0758D-DC74-4EF5-87D9-CA7008DE2D13"/>
<row PERMISSIONID="D02B953F-4B67-4F3F-A4C3-2F51E1BE0939" ROLEID="BA475D33-809F-4F0E-A197-4E14620EB5E8" PERMISSIONSID="42F41E86-F510-4A33-ADF7-E70754DC539B" OPERATIONID="BDE0758D-DC74-4EF5-87D9-CA7008DE2D13"/>
<row PERMISSIONID="35CBBA4C-58B4-4599-8473-3432700B28CC" ROLEID="7E40502B-C68B-4789-A4CE-8D5D49EDBD49" PERMISSIONSID="28FC8409-CCE6-4168-80B9-6E9E6A11610E" OPERATIONID="BDE0758D-DC74-4EF5-87D9-CA7008DE2D13"/>
<row PERMISSIONID="2944A856-4B0C-4D2E-A171-359BB925ADBB" ROLEID="3BF389E4-16F7-450E-B852-119CAC0E6191" PERMISSIONSID="8730C2F4-4723-4EFA-9881-F059BDBDA42D" OPERATIONID="BDE0758D-DC74-4EF5-87D9-CA7008DE2D13"/>
<row PERMISSIONID="09618841-80F8-4B27-9D41-35A9625A0020" ROLEID="7E40502B-C68B-4789-A4CE-8D5D49EDBD49" PERMISSIONSID="28FC8409-CCE6-4168-80B9-6E9E6A11610E" OPERATIONID="76D2C0F2-5034-435B-B654-687BA051FBD3"/>
<row PERMISSIONID="52E135AB-FF51-4DCA-B19C-35D59C2D7D77" ROLEID="93FB848C-B97B-4744-BC40-7D95B06DB328" PERMISSIONSID="EED99045-CD8F-4611-B85A-B2EB65172571" OPERATIONID="4762CF3D-3CED-4848-A74A-1F55CED8ED33"/>
<row PERMISSIONID="2E49F3AD-3D0C-4DCA-A03A-37FCE7C35C49" ROLEID="0A6D1A2A-170F-4B8C-B2EB-886BC94053F4" PERMISSIONSID="DCDF9887-BE27-4DA4-A6EC-49D634CCD2FD" OPERATIONID="BDE0758D-DC74-4EF5-87D9-CA7008DE2D13"/>
<row PERMISSIONID="8D5C88A0-FD15-4939-9071-39F297C413EA" ROLEID="6A2A6E89-4FE5-4111-9B1F-A9894A49D825" PERMISSIONSID="85F85C85-4774-45B0-BFC2-E228E50BA1F1" OPERATIONID="4762CF3D-3CED-4848-A74A-1F55CED8ED33"/>
<row PERMISSIONID="DD32287F-9140-427B-91D7-3B93CC603C7D" ROLEID="BA475D33-809F-4F0E-A197-4E14620EB5E8" PERMISSIONSID="6351F37F-A167-4D5D-8A78-B215B51CB35F" OPERATIONID="BB7A66E3-8E2C-4ABB-88E3-D86D31951CA8"/>
<row PERMISSIONID="2861A13A-5931-4AC7-8BDA-3D1621B88CA2" ROLEID="0A6D1A2A-170F-4B8C-B2EB-886BC94053F4" PERMISSIONSID="CDABCF6F-16A5-47C8-B1A0-E24655106C4D" OPERATIONID="1016D1C4-3BBA-4EA0-A07A-097ECC8424C5"/>
<row PERMISSIONID="B7E31910-2D3E-4963-B214-413389DE8AF2" ROLEID="BA475D33-809F-4F0E-A197-4E14620EB5E8" PERMISSIONSID="A2D69B22-D2A4-4205-807A-7157ECDC5D6C" OPERATIONID="C0F098CE-817C-4865-983B-BF98BCBFEC7B"/>
<row PERMISSIONID="645D3EFE-7C23-44EE-A5F9-463808A31B71" ROLEID="BA475D33-809F-4F0E-A197-4E14620EB5E8" PERMISSIONSID="8730C2F4-4723-4EFA-9881-F059BDBDA42D" OPERATIONID="BDE0758D-DC74-4EF5-87D9-CA7008DE2D13"/>
<row PERMISSIONID="522C0C7D-9741-41C0-8950-470CB16358C1" ROLEID="DAF62A9A-C1A6-4301-924C-9DF8FF3E9992" PERMISSIONSID="473CA875-BCD3-4A2B-904F-197AD0B36AD0" OPERATIONID="BDE0758D-DC74-4EF5-87D9-CA7008DE2D13"/>
<row PERMISSIONID="BCA9D786-79A7-43A8-B1AF-47476D4BE1C6" ROLEID="DAF62A9A-C1A6-4301-924C-9DF8FF3E9992" PERMISSIONSID="85F85C85-4774-45B0-BFC2-E228E50BA1F1" OPERATIONID="BDE0758D-DC74-4EF5-87D9-CA7008DE2D13"/>
<row PERMISSIONID="9DD101DF-1337-4A86-B982-475F388A2399" ROLEID="0A6D1A2A-170F-4B8C-B2EB-886BC94053F4" PERMISSIONSID="473CA875-BCD3-4A2B-904F-197AD0B36AD0" OPERATIONID="BDE0758D-DC74-4EF5-87D9-CA7008DE2D13"/>
<row PERMISSIONID="F96BF5C6-4124-48CD-BB1A-4812C11343FA" ROLEID="BA475D33-809F-4F0E-A197-4E14620EB5E8" PERMISSIONSID="45FA31B5-4CD6-44FB-8721-59C7B85D8A1E" OPERATIONID="CE58B145-B3FB-4EA1-AC2E-A17E3C629956"/>
<row PERMISSIONID="5A9BD0D2-07C9-4CAA-80AE-48D11342E694" ROLEID="3BF389E4-16F7-450E-B852-119CAC0E6191" PERMISSIONSID="905094FC-2268-41AA-BA31-263742AD77D1" OPERATIONID="4762CF3D-3CED-4848-A74A-1F55CED8ED33"/>
<row PERMISSIONID="8858EF90-52BA-47A1-8D19-4C2C61A512BD" ROLEID="5ED00A14-3BFE-4CB9-B4D5-C74F74CF8369" PERMISSIONSID="85F85C85-4774-45B0-BFC2-E228E50BA1F1" OPERATIONID="BDE0758D-DC74-4EF5-87D9-CA7008DE2D13"/>
<row PERMISSIONID="6EDE4745-1603-4008-BF04-4D47924884DE" ROLEID="BA475D33-809F-4F0E-A197-4E14620EB5E8" PERMISSIONSID="C2EE0068-A076-4ADC-832C-0FF41D763C0F" OPERATIONID="BDE0758D-DC74-4EF5-87D9-CA7008DE2D13"/>
<row PERMISSIONID="C52E8D2E-2540-4E7E-835A-4E9A034B8882" ROLEID="6A2A6E89-4FE5-4111-9B1F-A9894A49D825" PERMISSIONSID="85F85C85-4774-45B0-BFC2-E228E50BA1F1" OPERATIONID="BDE0758D-DC74-4EF5-87D9-CA7008DE2D13"/>
<row PERMISSIONID="21F9C1DB-1B38-4B6F-ACE1-50DFAC2F5EEE" ROLEID="3BF389E4-16F7-450E-B852-119CAC0E6191" PERMISSIONSID="EED99045-CD8F-4611-B85A-B2EB65172571" OPERATIONID="76D2C0F2-5034-435B-B654-687BA051FBD3"/>
<row PERMISSIONID="9BAE3338-1EC3-49D8-9E32-5172991574FB" ROLEID="7E40502B-C68B-4789-A4CE-8D5D49EDBD49" PERMISSIONSID="D4322346-553D-4BF7-B23C-FBB36F1C2F45" OPERATIONID="BDE0758D-DC74-4EF5-87D9-CA7008DE2D13"/>
<row PERMISSIONID="C2D0B2A9-76A0-481F-B8AE-5216D2AE016C" ROLEID="BA475D33-809F-4F0E-A197-4E14620EB5E8" PERMISSIONSID="0305C989-264E-4453-B066-60A9413FB42A" OPERATIONID="BDE0758D-DC74-4EF5-87D9-CA7008DE2D13"/>
<row PERMISSIONID="2392A0BA-2713-48C0-9CC3-54E3A9B63FAB" ROLEID="BA475D33-809F-4F0E-A197-4E14620EB5E8" PERMISSIONSID="4C2D42AE-1548-4033-AA97-FE9B48096AE9" OPERATIONID="76D2C0F2-5034-435B-B654-687BA051FBD3"/>
<row PERMISSIONID="07853A58-1D4A-42CA-9FB5-574752602392" ROLEID="3BF389E4-16F7-450E-B852-119CAC0E6191" PERMISSIONSID="DDA4B4E5-10D4-4BA7-B544-C74E057230E4" OPERATIONID="BDE0758D-DC74-4EF5-87D9-CA7008DE2D13"/>
<row PERMISSIONID="747D1724-B7C8-4BB3-86C7-5F66BAA278F5" ROLEID="DAF62A9A-C1A6-4301-924C-9DF8FF3E9992" PERMISSIONSID="85F85C85-4774-45B0-BFC2-E228E50BA1F1" OPERATIONID="4762CF3D-3CED-4848-A74A-1F55CED8ED33"/>
<row PERMISSIONID="CDB2AC86-7A73-4F95-89D7-612B69C6971E" ROLEID="BA475D33-809F-4F0E-A197-4E14620EB5E8" PERMISSIONSID="473CA875-BCD3-4A2B-904F-197AD0B36AD0" OPERATIONID="4762CF3D-3CED-4848-A74A-1F55CED8ED33"/>
<row PERMISSIONID="0406DD70-B00A-4B95-9CEB-61ACD5AD732F" ROLEID="BA475D33-809F-4F0E-A197-4E14620EB5E8" PERMISSIONSID="ED711BD0-23A0-4A52-8B9E-5649D317F6B7" OPERATIONID="4762CF3D-3CED-4848-A74A-1F55CED8ED33"/>
<row PERMISSIONID="0348D27F-0B1A-4F0C-9F53-628BCE9D4BE7" ROLEID="3BF389E4-16F7-450E-B852-119CAC0E6191" PERMISSIONSID="3192E426-765F-4185-89D2-6C7666953C22" OPERATIONID="BDE0758D-DC74-4EF5-87D9-CA7008DE2D13"/>
<row PERMISSIONID="9FF60F64-77A4-4E17-B746-6321DE1724B9" ROLEID="BA475D33-809F-4F0E-A197-4E14620EB5E8" PERMISSIONSID="B6003980-B9F1-4E42-A8A6-5330C63CA592" OPERATIONID="BDE0758D-DC74-4EF5-87D9-CA7008DE2D13"/>
<row PERMISSIONID="34740599-E72B-49CF-8264-638D178CB9B2" ROLEID="3BF389E4-16F7-450E-B852-119CAC0E6191" PERMISSIONSID="276D1EAF-7808-4B77-B71C-FDD913C3390F" OPERATIONID="BDE0758D-DC74-4EF5-87D9-CA7008DE2D13"/>
<row PERMISSIONID="D29553AC-8291-43B1-8A1C-654757BE7C8B" ROLEID="7E40502B-C68B-4789-A4CE-8D5D49EDBD49" PERMISSIONSID="779A8FCB-9AF8-45A7-BE6A-6E6E6C841803" OPERATIONID="BDE0758D-DC74-4EF5-87D9-CA7008DE2D13"/>
<row PERMISSIONID="ED9D0EAB-87B6-48A5-B983-65C0BFE52947" ROLEID="7E40502B-C68B-4789-A4CE-8D5D49EDBD49" PERMISSIONSID="5EFBDAC4-261E-4B1B-8ED9-7DDD1DB0BA71" OPERATIONID="76D2C0F2-5034-435B-B654-687BA051FBD3"/>
<row PERMISSIONID="8AC7ED49-1543-4E22-B099-66A2DB7D0279" ROLEID="BA475D33-809F-4F0E-A197-4E14620EB5E8" PERMISSIONSID="54F006CB-70B3-49B9-8CD9-6088346AC539" OPERATIONID="BDE0758D-DC74-4EF5-87D9-CA7008DE2D13"/>
<row PERMISSIONID="F7D2B4C7-65DB-48AF-8239-66ABD0C0A5F8" ROLEID="0A6D1A2A-170F-4B8C-B2EB-886BC94053F4" PERMISSIONSID="42F41E86-F510-4A33-ADF7-E70754DC539B" OPERATIONID="BDE0758D-DC74-4EF5-87D9-CA7008DE2D13"/>
<row PERMISSIONID="758A256E-C54C-404F-97C4-6B8E80617A2F" ROLEID="BA475D33-809F-4F0E-A197-4E14620EB5E8" PERMISSIONSID="276D1EAF-7808-4B77-B71C-FDD913C3390F" OPERATIONID="BDE0758D-DC74-4EF5-87D9-CA7008DE2D13"/>
<row PERMISSIONID="9FE1018B-4603-44AE-B4AC-6BE343CBE2CE" ROLEID="3BF389E4-16F7-450E-B852-119CAC0E6191" PERMISSIONSID="327BEB10-2F0A-480E-A82E-E3792C21E130" OPERATIONID="BDE0758D-DC74-4EF5-87D9-CA7008DE2D13"/>
<row PERMISSIONID="BFEFCD33-40DD-4E99-98D2-6C58FF5DD496" ROLEID="DAF62A9A-C1A6-4301-924C-9DF8FF3E9992" PERMISSIONSID="DCDF9887-BE27-4DA4-A6EC-49D634CCD2FD" OPERATIONID="BDE0758D-DC74-4EF5-87D9-CA7008DE2D13"/>
<row PERMISSIONID="DF585752-8E59-4889-B1C5-6D5500E68B51" ROLEID="5ED00A14-3BFE-4CB9-B4D5-C74F74CF8369" PERMISSIONSID="C2EE0068-A076-4ADC-832C-0FF41D763C0F" OPERATIONID="BDE0758D-DC74-4EF5-87D9-CA7008DE2D13"/>
<row PERMISSIONID="99D28537-A1CB-407E-82F2-6DABCD1418CA" ROLEID="7E40502B-C68B-4789-A4CE-8D5D49EDBD49" PERMISSIONSID="779A8FCB-9AF8-45A7-BE6A-6E6E6C841803" OPERATIONID="76D2C0F2-5034-435B-B654-687BA051FBD3"/>
<row PERMISSIONID="0DD38CFD-AC22-435F-A9AB-6DD70F8DBFBD" ROLEID="BA475D33-809F-4F0E-A197-4E14620EB5E8" PERMISSIONSID="EED99045-CD8F-4611-B85A-B2EB65172571" OPERATIONID="76D2C0F2-5034-435B-B654-687BA051FBD3"/>
<row PERMISSIONID="10A104A3-D296-49E1-AD50-6DE386D37A97" ROLEID="BA475D33-809F-4F0E-A197-4E14620EB5E8" PERMISSIONSID="213B7C27-40B5-4232-BE43-4E9485851D68" OPERATIONID="76D2C0F2-5034-435B-B654-687BA051FBD3"/>
<row PERMISSIONID="5991CA1E-621B-44EF-A47A-6EA3BB6A3AB4" ROLEID="3BF389E4-16F7-450E-B852-119CAC0E6191" PERMISSIONSID="276D1EAF-7808-4B77-B71C-FDD913C3390F" OPERATIONID="4762CF3D-3CED-4848-A74A-1F55CED8ED33"/>
<row PERMISSIONID="E8C3582C-B2E2-4010-80B5-700DE6426469" ROLEID="7E40502B-C68B-4789-A4CE-8D5D49EDBD49" PERMISSIONSID="28FC8409-CCE6-4168-80B9-6E9E6A11610E" OPERATIONID="0EE32427-A671-4C23-9823-608BB3A444C4"/>
<row PERMISSIONID="AFE91E49-6A4C-41BD-A8CB-702B1B1AADCC" ROLEID="7E40502B-C68B-4789-A4CE-8D5D49EDBD49" PERMISSIONSID="ED711BD0-23A0-4A52-8B9E-5649D317F6B7" OPERATIONID="BDE0758D-DC74-4EF5-87D9-CA7008DE2D13"/>
<row PERMISSIONID="1F077E08-4988-4435-AD6B-73B65F9D95E2" ROLEID="7E40502B-C68B-4789-A4CE-8D5D49EDBD49" PERMISSIONSID="E2784D0F-A074-498C-8433-1E1703137D35" OPERATIONID="BDE0758D-DC74-4EF5-87D9-CA7008DE2D13"/>
<row PERMISSIONID="B4C77245-DFE9-47FD-8D9C-74019539B0F5" ROLEID="5ED00A14-3BFE-4CB9-B4D5-C74F74CF8369" PERMISSIONSID="A2D69B22-D2A4-4205-807A-7157ECDC5D6C" OPERATIONID="C0F098CE-817C-4865-983B-BF98BCBFEC7B"/>
<row PERMISSIONID="7ACBACD9-E45A-4518-A6E2-742D77CAB4CE" ROLEID="0A6D1A2A-170F-4B8C-B2EB-886BC94053F4" PERMISSIONSID="FD6B6CE0-25A2-4096-BAB0-A55CD1B4BEA7" OPERATIONID="4C799025-ABF7-46D4-8168-DC92E9FD40F3"/>
<row PERMISSIONID="693BBB57-C0D4-4748-B031-74A3FA15CE16" ROLEID="7E40502B-C68B-4789-A4CE-8D5D49EDBD49" PERMISSIONSID="28FC8409-CCE6-4168-80B9-6E9E6A11610E" OPERATIONID="CE58B145-B3FB-4EA1-AC2E-A17E3C629956"/>
<row PERMISSIONID="8D47C6B0-C4E0-45D4-98B8-74E2F5B8C495" ROLEID="93FB848C-B97B-4744-BC40-7D95B06DB328" PERMISSIONSID="EED99045-CD8F-4611-B85A-B2EB65172571" OPERATIONID="C0F098CE-817C-4865-983B-BF98BCBFEC7B"/>
<row PERMISSIONID="5ADC70CA-9ACE-4BA9-92EE-7778C8C5E645" ROLEID="BA475D33-809F-4F0E-A197-4E14620EB5E8" PERMISSIONSID="790EB459-0B85-45A7-9745-74DC6E3BEBAA" OPERATIONID="4C799025-ABF7-46D4-8168-DC92E9FD40F3"/>
<row PERMISSIONID="46E42C6E-D450-4449-B99F-78F61D7793DC" ROLEID="93FB848C-B97B-4744-BC40-7D95B06DB328" PERMISSIONSID="3192E426-765F-4185-89D2-6C7666953C22" OPERATIONID="BDE0758D-DC74-4EF5-87D9-CA7008DE2D13"/>
<row PERMISSIONID="07F31164-515C-411B-B529-7C4406E07731" ROLEID="5ED00A14-3BFE-4CB9-B4D5-C74F74CF8369" PERMISSIONSID="473CA875-BCD3-4A2B-904F-197AD0B36AD0" OPERATIONID="BDE0758D-DC74-4EF5-87D9-CA7008DE2D13"/>
<row PERMISSIONID="0E8536C7-ABEA-44C9-8B63-7DAE7217C58B" ROLEID="3BF389E4-16F7-450E-B852-119CAC0E6191" PERMISSIONSID="EED99045-CD8F-4611-B85A-B2EB65172571" OPERATIONID="BDE0758D-DC74-4EF5-87D9-CA7008DE2D13"/>
<row PERMISSIONID="13F818C0-F018-4CE7-8F08-7F34C59ADE31" ROLEID="5ED00A14-3BFE-4CB9-B4D5-C74F74CF8369" PERMISSIONSID="6351F37F-A167-4D5D-8A78-B215B51CB35F" OPERATIONID="BB7A66E3-8E2C-4ABB-88E3-D86D31951CA8"/>
<row PERMISSIONID="3D8B09F1-F1AA-477D-9436-7F7EEE3852D4" ROLEID="3BF389E4-16F7-450E-B852-119CAC0E6191" PERMISSIONSID="ED711BD0-23A0-4A52-8B9E-5649D317F6B7" OPERATIONID="BDE0758D-DC74-4EF5-87D9-CA7008DE2D13"/>
<row PERMISSIONID="6BE86180-D48F-4BD6-A9C2-81FC47F93570" ROLEID="BA475D33-809F-4F0E-A197-4E14620EB5E8" PERMISSIONSID="276D1EAF-7808-4B77-B71C-FDD913C3390F" OPERATIONID="4762CF3D-3CED-4848-A74A-1F55CED8ED33"/>
<row PERMISSIONID="211A1616-4392-42C5-8F43-82847901F339" ROLEID="0A6D1A2A-170F-4B8C-B2EB-886BC94053F4" PERMISSIONSID="E2784D0F-A074-498C-8433-1E1703137D35" OPERATIONID="BDE0758D-DC74-4EF5-87D9-CA7008DE2D13"/>
<row PERMISSIONID="64FA400A-1546-42A4-987D-84B2A2BC0A39" ROLEID="BA475D33-809F-4F0E-A197-4E14620EB5E8" PERMISSIONSID="28FC8409-CCE6-4168-80B9-6E9E6A11610E" OPERATIONID="CE58B145-B3FB-4EA1-AC2E-A17E3C629956"/>
<row PERMISSIONID="C975293E-3156-428A-B0F5-8576898B78BF" ROLEID="DAF62A9A-C1A6-4301-924C-9DF8FF3E9992" PERMISSIONSID="473CA875-BCD3-4A2B-904F-197AD0B36AD0" OPERATIONID="4762CF3D-3CED-4848-A74A-1F55CED8ED33"/>
<row PERMISSIONID="02A3BC62-0345-4613-B603-88FE33F16E45" ROLEID="BA475D33-809F-4F0E-A197-4E14620EB5E8" PERMISSIONSID="EED99045-CD8F-4611-B85A-B2EB65172571" OPERATIONID="C0F098CE-817C-4865-983B-BF98BCBFEC7B"/>
<row PERMISSIONID="950E991A-F01A-437B-9760-89AB9059E81C" ROLEID="BA475D33-809F-4F0E-A197-4E14620EB5E8" PERMISSIONSID="85F85C85-4774-45B0-BFC2-E228E50BA1F1" OPERATIONID="BDE0758D-DC74-4EF5-87D9-CA7008DE2D13"/>
<row PERMISSIONID="B091CED0-2205-4232-8926-8A37552E4CB4" ROLEID="3BF389E4-16F7-450E-B852-119CAC0E6191" PERMISSIONSID="45FA31B5-4CD6-44FB-8721-59C7B85D8A1E" OPERATIONID="CE58B145-B3FB-4EA1-AC2E-A17E3C629956"/>
<row PERMISSIONID="30CE93AE-C3E9-4FA4-A903-9125E2508732" ROLEID="7E40502B-C68B-4789-A4CE-8D5D49EDBD49" PERMISSIONSID="BA037FBD-D544-4883-9732-0D19C5646212" OPERATIONID="BDE0758D-DC74-4EF5-87D9-CA7008DE2D13"/>
<row PERMISSIONID="355EDE9D-3C5C-4B28-8DA8-932CE2F3E872" ROLEID="BA475D33-809F-4F0E-A197-4E14620EB5E8" PERMISSIONSID="D4561F34-CC9B-4201-91FB-D784C0DC8B2D" OPERATIONID="BDE0758D-DC74-4EF5-87D9-CA7008DE2D13"/>
<row PERMISSIONID="5EBFE65E-937B-40BE-B121-941BD3B67653" ROLEID="0A6D1A2A-170F-4B8C-B2EB-886BC94053F4" PERMISSIONSID="85F85C85-4774-45B0-BFC2-E228E50BA1F1" OPERATIONID="4762CF3D-3CED-4848-A74A-1F55CED8ED33"/>
<row PERMISSIONID="2BDAA492-D667-4F29-9690-959719F4A6E1" ROLEID="3BF389E4-16F7-450E-B852-119CAC0E6191" PERMISSIONSID="97BB06B7-423D-4354-BE63-D78A3A0245AA" OPERATIONID="BDE0758D-DC74-4EF5-87D9-CA7008DE2D13"/>
<row PERMISSIONID="0E501904-A3A6-480B-ACDF-95ADEA6CC82A" ROLEID="BA475D33-809F-4F0E-A197-4E14620EB5E8" PERMISSIONSID="28FC8409-CCE6-4168-80B9-6E9E6A11610E" OPERATIONID="76D2C0F2-5034-435B-B654-687BA051FBD3"/>
<row PERMISSIONID="999CA618-C55E-405A-B924-963A6CA7FBC5" ROLEID="BA475D33-809F-4F0E-A197-4E14620EB5E8" PERMISSIONSID="779A8FCB-9AF8-45A7-BE6A-6E6E6C841803" OPERATIONID="76D2C0F2-5034-435B-B654-687BA051FBD3"/>
<row PERMISSIONID="B3D23920-672F-4AA9-90AC-963D922A0998" ROLEID="5ED00A14-3BFE-4CB9-B4D5-C74F74CF8369" PERMISSIONSID="F0A0B791-3C73-4A83-A0A1-D08AF338A2EC" OPERATIONID="BB7A66E3-8E2C-4ABB-88E3-D86D31951CA8"/>
<row PERMISSIONID="2BA9407D-06D6-4385-A96F-987F7A85138E" ROLEID="BA475D33-809F-4F0E-A197-4E14620EB5E8" PERMISSIONSID="779A8FCB-9AF8-45A7-BE6A-6E6E6C841803" OPERATIONID="BDE0758D-DC74-4EF5-87D9-CA7008DE2D13"/>
<row PERMISSIONID="86715F87-A9C2-45AA-AA48-9DA1F23545DD" ROLEID="93FB848C-B97B-4744-BC40-7D95B06DB328" PERMISSIONSID="EED99045-CD8F-4611-B85A-B2EB65172571" OPERATIONID="76D2C0F2-5034-435B-B654-687BA051FBD3"/>
<row PERMISSIONID="52BF54E4-FFFE-4482-9115-9DB226BBFA28" ROLEID="BA475D33-809F-4F0E-A197-4E14620EB5E8" PERMISSIONSID="BA037FBD-D544-4883-9732-0D19C5646212" OPERATIONID="BDE0758D-DC74-4EF5-87D9-CA7008DE2D13"/>
<row PERMISSIONID="8E6FEA27-FF44-4557-87B9-9E670F180CC9" ROLEID="BA475D33-809F-4F0E-A197-4E14620EB5E8" PERMISSIONSID="A2D69B22-D2A4-4205-807A-7157ECDC5D6C" OPERATIONID="BDE0758D-DC74-4EF5-87D9-CA7008DE2D13"/>
<row PERMISSIONID="47810B1F-F963-40D7-B34D-A0244E3B8F96" ROLEID="0A6D1A2A-170F-4B8C-B2EB-886BC94053F4" PERMISSIONSID="473CA875-BCD3-4A2B-904F-197AD0B36AD0" OPERATIONID="4762CF3D-3CED-4848-A74A-1F55CED8ED33"/>
<row PERMISSIONID="5CE62D1C-0692-4A8C-B69D-A2061DF8D0F0" ROLEID="7E40502B-C68B-4789-A4CE-8D5D49EDBD49" PERMISSIONSID="4BE191BE-3B2E-4667-81DC-1B85DBEDE669" OPERATIONID="76D2C0F2-5034-435B-B654-687BA051FBD3"/>
<row PERMISSIONID="65CE1274-9F7B-4068-AD08-A2E9F3B842C1" ROLEID="BA475D33-809F-4F0E-A197-4E14620EB5E8" PERMISSIONSID="473CA875-BCD3-4A2B-904F-197AD0B36AD0" OPERATIONID="BDE0758D-DC74-4EF5-87D9-CA7008DE2D13"/>
<row PERMISSIONID="12893DFF-D262-4888-A02A-A2F0BA8A8405" ROLEID="BA475D33-809F-4F0E-A197-4E14620EB5E8" PERMISSIONSID="B8E1628A-64CE-4298-AC5E-2E5CF74569B2" OPERATIONID="4762CF3D-3CED-4848-A74A-1F55CED8ED33"/>
<row PERMISSIONID="7A02AED5-B5B2-4BE0-A397-A34BF250B11E" ROLEID="BA475D33-809F-4F0E-A197-4E14620EB5E8" PERMISSIONSID="FD6B6CE0-25A2-4096-BAB0-A55CD1B4BEA7" OPERATIONID="4C799025-ABF7-46D4-8168-DC92E9FD40F3"/>
<row PERMISSIONID="6938FF9B-8D99-409F-B510-A4B3D92B9E45" ROLEID="3BF389E4-16F7-450E-B852-119CAC0E6191" PERMISSIONSID="48F98927-3324-4AF6-B332-2C3FE1E05B74" OPERATIONID="4762CF3D-3CED-4848-A74A-1F55CED8ED33"/>
<row PERMISSIONID="3C6E35F9-A918-40BE-8E8A-A534CCC0E76F" ROLEID="0A6D1A2A-170F-4B8C-B2EB-886BC94053F4" PERMISSIONSID="CDABCF6F-16A5-47C8-B1A0-E24655106C4D" OPERATIONID="B549FC99-79AF-4E61-9A28-7A2B33DCD077"/>
<row PERMISSIONID="BD33A32B-8F8D-4F29-9E5C-A58E5B80D7A0" ROLEID="7E40502B-C68B-4789-A4CE-8D5D49EDBD49" PERMISSIONSID="D7DDDC8E-A4C9-4E9C-BBEC-456BDDAFF4BF" OPERATIONID="BDE0758D-DC74-4EF5-87D9-CA7008DE2D13"/>
<row PERMISSIONID="B5CA746A-6308-4E00-A776-A6B1D8364F44" ROLEID="6A2A6E89-4FE5-4111-9B1F-A9894A49D825" PERMISSIONSID="473CA875-BCD3-4A2B-904F-197AD0B36AD0" OPERATIONID="4762CF3D-3CED-4848-A74A-1F55CED8ED33"/>
<row PERMISSIONID="8B3C4425-E8C8-45B1-92E3-A75C4BE74EA4" ROLEID="BA475D33-809F-4F0E-A197-4E14620EB5E8" PERMISSIONSID="D4322346-553D-4BF7-B23C-FBB36F1C2F45" OPERATIONID="BDE0758D-DC74-4EF5-87D9-CA7008DE2D13"/>
<row PERMISSIONID="C6EA897C-45B5-4D7E-99F6-A80732A0C05C" ROLEID="7E40502B-C68B-4789-A4CE-8D5D49EDBD49" PERMISSIONSID="276D1EAF-7808-4B77-B71C-FDD913C3390F" OPERATIONID="BDE0758D-DC74-4EF5-87D9-CA7008DE2D13"/>
<row PERMISSIONID="625ADD06-0216-4631-919B-A9B977EAD592" ROLEID="7E40502B-C68B-4789-A4CE-8D5D49EDBD49" PERMISSIONSID="EED99045-CD8F-4611-B85A-B2EB65172571" OPERATIONID="4762CF3D-3CED-4848-A74A-1F55CED8ED33"/>
<row PERMISSIONID="8E2370FA-438A-44B1-A788-AB3E14DAAB78" ROLEID="BA475D33-809F-4F0E-A197-4E14620EB5E8" PERMISSIONSID="5D9A2F07-6675-42C7-8AEF-37A92A492C49" OPERATIONID="B549FC99-79AF-4E61-9A28-7A2B33DCD077"/>
<row PERMISSIONID="01C971C9-6AE6-4C1C-9813-AC15C270B126" ROLEID="7E40502B-C68B-4789-A4CE-8D5D49EDBD49" PERMISSIONSID="ED711BD0-23A0-4A52-8B9E-5649D317F6B7" OPERATIONID="4762CF3D-3CED-4848-A74A-1F55CED8ED33"/>
<row PERMISSIONID="8BFCCA02-8231-4260-8E97-AE79E9B59FF1" ROLEID="3BF389E4-16F7-450E-B852-119CAC0E6191" PERMISSIONSID="BA037FBD-D544-4883-9732-0D19C5646212" OPERATIONID="BDE0758D-DC74-4EF5-87D9-CA7008DE2D13"/>
<row PERMISSIONID="33AB0139-6238-4B17-8F49-B20985AB8F59" ROLEID="BA475D33-809F-4F0E-A197-4E14620EB5E8" PERMISSIONSID="B6003980-B9F1-4E42-A8A7-5330C63CA592" OPERATIONID="BDE0758D-DC74-4EF5-87D9-CA7008DE2D13"/>
<row PERMISSIONID="6BE97429-B417-486E-B9B9-B404F0BC7690" ROLEID="7E40502B-C68B-4789-A4CE-8D5D49EDBD49" PERMISSIONSID="4BE191BE-3B2E-4667-81DC-1B85DBEDE669" OPERATIONID="BDE0758D-DC74-4EF5-87D9-CA7008DE2D13"/>
<row PERMISSIONID="B1468A6F-A733-4938-9FA5-B55A0258061D" ROLEID="5ED00A14-3BFE-4CB9-B4D5-C74F74CF8369" PERMISSIONSID="85F85C85-4774-45B0-BFC2-E228E50BA1F1" OPERATIONID="4762CF3D-3CED-4848-A74A-1F55CED8ED33"/>
<row PERMISSIONID="24EA2019-427D-41E8-ADA4-B6AEB4DACCE4" ROLEID="BA475D33-809F-4F0E-A197-4E14620EB5E8" PERMISSIONSID="3192E426-765F-4185-89D2-6C7666953C22" OPERATIONID="BDE0758D-DC74-4EF5-87D9-CA7008DE2D13"/>
<row PERMISSIONID="329788DD-23C3-4E5B-A30A-BA64ED2F0E85" ROLEID="3BF389E4-16F7-450E-B852-119CAC0E6191" PERMISSIONSID="ED711BD0-23A0-4A52-8B9E-5649D317F6B7" OPERATIONID="4762CF3D-3CED-4848-A74A-1F55CED8ED33"/>
<row PERMISSIONID="C04BF23C-4193-44F4-9B44-BB1343187D5B" ROLEID="7E40502B-C68B-4789-A4CE-8D5D49EDBD49" PERMISSIONSID="D4322346-553D-4BF7-B23C-FBB36F1C2F45" OPERATIONID="4762CF3D-3CED-4848-A74A-1F55CED8ED33"/>
<row PERMISSIONID="0743A3BF-4CE1-4C9F-AA3E-BCCB4F224B39" ROLEID="BA475D33-809F-4F0E-A197-4E14620EB5E8" PERMISSIONSID="82B9CBCC-3162-478B-9355-BE033B4FE246" OPERATIONID="4762CF3D-3CED-4848-A74A-1F55CED8ED33"/>
<row PERMISSIONID="0F378224-0B58-4C6C-BDDE-BD0EB7A2A178" ROLEID="BA475D33-809F-4F0E-A197-4E14620EB5E8" PERMISSIONSID="71B2C75F-4BCC-41A7-AC01-91E27F39843D" OPERATIONID="BB7A66E3-8E2C-4ABB-88E3-D86D31951CA8"/>
<row PERMISSIONID="FE377F74-4F55-4BD9-86E9-BD2622500317" ROLEID="3BF389E4-16F7-450E-B852-119CAC0E6191" PERMISSIONSID="F0A0B791-3C73-4A83-A0A1-D08AF338A2EC" OPERATIONID="BB7A66E3-8E2C-4ABB-88E3-D86D31951CA8"/>
<row PERMISSIONID="019D9407-5605-4E15-8D1F-BE9D49A3B549" ROLEID="3BF389E4-16F7-450E-B852-119CAC0E6191" PERMISSIONSID="A2D69B22-D2A4-4205-807A-7157ECDC5D6C" OPERATIONID="BDE0758D-DC74-4EF5-87D9-CA7008DE2D13"/>
<row PERMISSIONID="0EA528B7-77B4-4B24-8353-BF394E29630C" ROLEID="BA475D33-809F-4F0E-A197-4E14620EB5E8" PERMISSIONSID="66B5F076-A617-461C-B952-4FB25E0FFBC9" OPERATIONID="FC229911-C65F-4509-B450-35724D59976A"/>
<row PERMISSIONID="6DB11F76-6C99-4653-805C-BFEE9DBE5283" ROLEID="7E40502B-C68B-4789-A4CE-8D5D49EDBD49" PERMISSIONSID="276D1EAF-7808-4B77-B71C-FDD913C3390F" OPERATIONID="4762CF3D-3CED-4848-A74A-1F55CED8ED33"/>
<row PERMISSIONID="C24046F4-0AF4-44FE-8718-C06EA4D4CC53" ROLEID="BA475D33-809F-4F0E-A197-4E14620EB5E8" PERMISSIONSID="B6003980-B9F1-4E42-A8A8-5330C63CA592" OPERATIONID="BDE0758D-DC74-4EF5-87D9-CA7008DE2D13"/>
<row PERMISSIONID="F1077B70-9F73-4D18-8567-C7940CE03FB2" ROLEID="3BF389E4-16F7-450E-B852-119CAC0E6191" PERMISSIONSID="A2D69B22-D2A4-4205-807A-7157ECDC5D6C" OPERATIONID="C0F098CE-817C-4865-983B-BF98BCBFEC7B"/>
<row PERMISSIONID="4A5F1F84-B68C-4878-9C40-C802182B8549" ROLEID="BA475D33-809F-4F0E-A197-4E14620EB5E8" PERMISSIONSID="97BB06B7-423D-4354-BE63-D78A3A0245AA" OPERATIONID="BDE0758D-DC74-4EF5-87D9-CA7008DE2D13"/>
<row PERMISSIONID="1F98DCA9-04F4-4606-8A1A-C8838F79CB6F" ROLEID="3BF389E4-16F7-450E-B852-119CAC0E6191" PERMISSIONSID="D4322346-553D-4BF7-B23C-FBB36F1C2F45" OPERATIONID="BDE0758D-DC74-4EF5-87D9-CA7008DE2D13"/>
<row PERMISSIONID="A99BCE51-4660-4283-A4D2-C98355759664" ROLEID="5ED00A14-3BFE-4CB9-B4D5-C74F74CF8369" PERMISSIONSID="BA037FBD-D544-4883-9732-0D19C5646212" OPERATIONID="BDE0758D-DC74-4EF5-87D9-CA7008DE2D13"/>
<row PERMISSIONID="23DBC065-A577-4797-B4D7-CC03E21C38FC" ROLEID="5ED00A14-3BFE-4CB9-B4D5-C74F74CF8369" PERMISSIONSID="327BEB10-2F0A-480E-A82E-E3792C21E130" OPERATIONID="BDE0758D-DC74-4EF5-87D9-CA7008DE2D13"/>
<row PERMISSIONID="F28F1896-1751-4E92-AE8D-CCE4F535A76D" ROLEID="BA475D33-809F-4F0E-A197-4E14620EB5E8" PERMISSIONSID="E2784D0F-A074-498C-8433-1E1703137D35" OPERATIONID="BDE0758D-DC74-4EF5-87D9-CA7008DE2D13"/>
<row PERMISSIONID="0CB83A84-29EB-4598-B89F-D0E681D5E5B2" ROLEID="6A2A6E89-4FE5-4111-9B1F-A9894A49D825" PERMISSIONSID="DCDF9887-BE27-4DA4-A6EC-49D634CCD2FD" OPERATIONID="BDE0758D-DC74-4EF5-87D9-CA7008DE2D13"/>
<row PERMISSIONID="942BE781-9F58-44EF-86B9-D137E94C8D4A" ROLEID="6A2A6E89-4FE5-4111-9B1F-A9894A49D825" PERMISSIONSID="473CA875-BCD3-4A2B-904F-197AD0B36AD0" OPERATIONID="BDE0758D-DC74-4EF5-87D9-CA7008DE2D13"/>
<row PERMISSIONID="A35E0BE1-E52A-4D29-B123-D1F97CDE76FF" ROLEID="BA475D33-809F-4F0E-A197-4E14620EB5E8" PERMISSIONSID="28FC8409-CCE6-4168-80B9-6E9E6A11610E" OPERATIONID="0EE32427-A671-4C23-9823-608BB3A444C4"/>
<row PERMISSIONID="5FF0FBAC-6060-4C42-BFD6-D3E22A1ACB8C" ROLEID="6A2A6E89-4FE5-4111-9B1F-A9894A49D825" PERMISSIONSID="42F41E86-F510-4A33-ADF7-E70754DC539B" OPERATIONID="BDE0758D-DC74-4EF5-87D9-CA7008DE2D13"/>
<row PERMISSIONID="6F3D549A-D04B-409F-A06A-D4707E165B56" ROLEID="5ED00A14-3BFE-4CB9-B4D5-C74F74CF8369" PERMISSIONSID="45FA31B5-4CD6-44FB-8721-59C7B85D8A1E" OPERATIONID="CE58B145-B3FB-4EA1-AC2E-A17E3C629956"/>
<row PERMISSIONID="FCE7AC37-7D2D-467C-85F6-D4FBF9BDE621" ROLEID="BA475D33-809F-4F0E-A197-4E14620EB5E8" PERMISSIONSID="779A8FCB-9AF8-45A7-BE6A-6E6E6C841803" OPERATIONID="0EE32427-A671-4C23-9823-608BB3A444C4"/>
<row PERMISSIONID="0A455C0B-AE31-43EE-A8A2-D585F29AC3CB" ROLEID="3BF389E4-16F7-450E-B852-119CAC0E6191" PERMISSIONSID="6351F37F-A167-4D5D-8A78-B215B51CB35F" OPERATIONID="BB7A66E3-8E2C-4ABB-88E3-D86D31951CA8"/>
<row PERMISSIONID="15D134E4-C91B-4255-B4EF-DA02FEBDE58C" ROLEID="3BF389E4-16F7-450E-B852-119CAC0E6191" PERMISSIONSID="C2EE0068-A076-4ADC-832C-0FF41D763C0F" OPERATIONID="BDE0758D-DC74-4EF5-87D9-CA7008DE2D13"/>
<row PERMISSIONID="446E17D7-C60D-45DA-BBD8-DB055236C662" ROLEID="0A6D1A2A-170F-4B8C-B2EB-886BC94053F4" PERMISSIONSID="85F85C85-4774-45B0-BFC2-E228E50BA1F1" OPERATIONID="BDE0758D-DC74-4EF5-87D9-CA7008DE2D13"/>
<row PERMISSIONID="52CE5ECE-0A2B-4992-BC88-DD551CD85328" ROLEID="7E40502B-C68B-4789-A4CE-8D5D49EDBD49" PERMISSIONSID="97BB06B7-423D-4354-BE63-D78A3A0245AA" OPERATIONID="BDE0758D-DC74-4EF5-87D9-CA7008DE2D13"/>
<row PERMISSIONID="2C287516-7559-48DB-868F-DDA005CFB1AD" ROLEID="BA475D33-809F-4F0E-A197-4E14620EB5E8" PERMISSIONSID="48F98927-3324-4AF6-B332-2C3FE1E05B74" OPERATIONID="4762CF3D-3CED-4848-A74A-1F55CED8ED33"/>
<row PERMISSIONID="83F8CCE6-84F5-4F93-BFA7-DFD5146D72FA" ROLEID="5ED00A14-3BFE-4CB9-B4D5-C74F74CF8369" PERMISSIONSID="45FA31B5-4CD6-44FB-8721-59C7B85D8A1E" OPERATIONID="BDE0758D-DC74-4EF5-87D9-CA7008DE2D13"/>
<row PERMISSIONID="CE133FC3-DA42-460D-A516-E150F85CE1F2" ROLEID="BA475D33-809F-4F0E-A197-4E14620EB5E8" PERMISSIONSID="D7DDDC8E-A4C9-4E9C-BBEC-456BDDAFF4BF" OPERATIONID="BDE0758D-DC74-4EF5-87D9-CA7008DE2D13"/>
<row PERMISSIONID="F413EC55-C9D0-491F-B32E-E3F911EFD20F" ROLEID="7E40502B-C68B-4789-A4CE-8D5D49EDBD49" PERMISSIONSID="54F006CB-70B3-49B9-8CD9-6088346AC539" OPERATIONID="BDE0758D-DC74-4EF5-87D9-CA7008DE2D13"/>
<row PERMISSIONID="C246FDEF-0670-4567-B67F-E4A8921321EE" ROLEID="BA475D33-809F-4F0E-A197-4E14620EB5E8" PERMISSIONSID="CDABCF6F-16A5-47C8-B1A0-E24655106C4D" OPERATIONID="1016D1C4-3BBA-4EA0-A07A-097ECC8424C5"/>
<row PERMISSIONID="B9193A28-01AC-4E5C-A651-EC6B33F5BFF6" ROLEID="5ED00A14-3BFE-4CB9-B4D5-C74F74CF8369" PERMISSIONSID="473CA875-BCD3-4A2B-904F-197AD0B36AD0" OPERATIONID="4762CF3D-3CED-4848-A74A-1F55CED8ED33"/>
<row PERMISSIONID="95107907-84A8-40B6-9821-ED7BB9637824" ROLEID="BA475D33-809F-4F0E-A197-4E14620EB5E8" PERMISSIONSID="BDDAF1D1-3D7E-4490-A8A0-21EA4ED3B2F3" OPERATIONID="BDE0758D-DC74-4EF5-87D9-CA7008DE2D13"/>
<row PERMISSIONID="948D5C4C-BDA4-4EED-A893-EDF29821BDE0" ROLEID="BA475D33-809F-4F0E-A197-4E14620EB5E8" PERMISSIONSID="3A51FD07-0F89-4BD3-9018-8255D7A9E1FD" OPERATIONID="FC229911-C65F-4509-B450-35724D59976A"/>
<row PERMISSIONID="59FE24CB-67C7-4850-B736-EE51A8DF3CF0" ROLEID="BA475D33-809F-4F0E-A197-4E14620EB5E8" PERMISSIONSID="905094FC-2268-41AA-BA31-263742AD77D1" OPERATIONID="4762CF3D-3CED-4848-A74A-1F55CED8ED33"/>
<row PERMISSIONID="29636070-3D0E-4AF9-8751-F05327B416C7" ROLEID="BA475D33-809F-4F0E-A197-4E14620EB5E8" PERMISSIONSID="EED99045-CD8F-4611-B85A-B2EB65172571" OPERATIONID="BDE0758D-DC74-4EF5-87D9-CA7008DE2D13"/>
<row PERMISSIONID="E1375C4B-3F22-45E7-9188-F187CFFAADDF" ROLEID="BA475D33-809F-4F0E-A197-4E14620EB5E8" PERMISSIONSID="ED711BD0-23A0-4A52-8B9E-5649D317F6B7" OPERATIONID="BDE0758D-DC74-4EF5-87D9-CA7008DE2D13"/>
<row PERMISSIONID="D4A3FA68-F9F4-4609-9EEB-F1C0EA82CD96" ROLEID="BA475D33-809F-4F0E-A197-4E14620EB5E8" PERMISSIONSID="DDA4B4E5-10D4-4BA7-B544-C74E057230E4" OPERATIONID="BDE0758D-DC74-4EF5-87D9-CA7008DE2D13"/>
<row PERMISSIONID="DB852055-47F2-4F28-B703-F36622E68106" ROLEID="BA475D33-809F-4F0E-A197-4E14620EB5E8" PERMISSIONSID="45FA31B5-4CD6-44FB-8721-59C7B85D8A1E" OPERATIONID="BDE0758D-DC74-4EF5-87D9-CA7008DE2D13"/>
<row PERMISSIONID="67AB20BB-09A1-4411-81FF-F3A04F5FDDDA" ROLEID="BA475D33-809F-4F0E-A197-4E14620EB5E8" PERMISSIONSID="F0A0B791-3C73-4A83-A0A1-D08AF338A2EC" OPERATIONID="BB7A66E3-8E2C-4ABB-88E3-D86D31951CA8"/>
<row PERMISSIONID="E52EB078-6484-4BCE-A74B-F3CD29AE15E0" ROLEID="7E40502B-C68B-4789-A4CE-8D5D49EDBD49" PERMISSIONSID="3192E426-765F-4185-89D2-6C7666953C22" OPERATIONID="BDE0758D-DC74-4EF5-87D9-CA7008DE2D13"/>
<row PERMISSIONID="31E39E7B-ED84-4E2D-A054-F507924D549C" ROLEID="3BF389E4-16F7-450E-B852-119CAC0E6191" PERMISSIONSID="5EFBDAC4-261E-4B1B-8ED9-7DDD1DB0BA71" OPERATIONID="76D2C0F2-5034-435B-B654-687BA051FBD3"/>
<row PERMISSIONID="AFC9F985-38AF-49C8-83B0-F5250CD4E9EB" ROLEID="7E40502B-C68B-4789-A4CE-8D5D49EDBD49" PERMISSIONSID="54F006CB-70B3-49B9-8CD9-6088346AC539" OPERATIONID="4762CF3D-3CED-4848-A74A-1F55CED8ED33"/>
<row PERMISSIONID="2DAD4AF4-1A4E-4DF6-8A19-F58E0742C11B" ROLEID="BA475D33-809F-4F0E-A197-4E14620EB5E8" PERMISSIONSID="FC08641C-E634-4C30-9158-AAA0A470A2DC" OPERATIONID="FC229911-C65F-4509-B450-35724D59976A"/>
<row PERMISSIONID="011C2F0A-AF2A-4BAB-9198-F6B3AE786582" ROLEID="BA475D33-809F-4F0E-A197-4E14620EB5E8" PERMISSIONSID="EED99045-CD8F-4611-B85A-B2EB65172571" OPERATIONID="4762CF3D-3CED-4848-A74A-1F55CED8ED33"/>
<row PERMISSIONID="F4C28429-905F-4F4F-86AB-F6EBE2544F0E" ROLEID="7E40502B-C68B-4789-A4CE-8D5D49EDBD49" PERMISSIONSID="EED99045-CD8F-4611-B85A-B2EB65172571" OPERATIONID="C0F098CE-817C-4865-983B-BF98BCBFEC7B"/>
<row PERMISSIONID="5CE3D982-C206-4364-B23F-F6F04D4658B6" ROLEID="5ED00A14-3BFE-4CB9-B4D5-C74F74CF8369" PERMISSIONSID="A2D69B22-D2A4-4205-807A-7157ECDC5D6C" OPERATIONID="BDE0758D-DC74-4EF5-87D9-CA7008DE2D13"/>
<row PERMISSIONID="67131C15-B578-4A9B-B34C-F9185F6A58DC" ROLEID="93FB848C-B97B-4744-BC40-7D95B06DB328" PERMISSIONSID="E2784D0F-A074-498C-8433-1E1703137D35" OPERATIONID="BDE0758D-DC74-4EF5-87D9-CA7008DE2D13"/>
<row PERMISSIONID="D53D9891-F255-4014-9C71-FB61F632F325" ROLEID="5ED00A14-3BFE-4CB9-B4D5-C74F74CF8369" PERMISSIONSID="42F41E86-F510-4A33-ADF7-E70754DC539B" OPERATIONID="BDE0758D-DC74-4EF5-87D9-CA7008DE2D13"/>
<row PERMISSIONID="00703EF3-1591-47F1-B290-FC5282E3CFCF" ROLEID="BA475D33-809F-4F0E-A197-4E14620EB5E8" PERMISSIONSID="D4322346-553D-4BF7-B23C-FBB36F1C2F45" OPERATIONID="4762CF3D-3CED-4848-A74A-1F55CED8ED33"/>
<row PERMISSIONID="B9013FBE-C6D6-42BC-B225-FCB4120F73FF" ROLEID="3BF389E4-16F7-450E-B852-119CAC0E6191" PERMISSIONSID="D4322346-553D-4BF7-B23C-FBB36F1C2F45" OPERATIONID="4762CF3D-3CED-4848-A74A-1F55CED8ED33"/>
<row PERMISSIONID="26756B92-DED4-4122-AD7A-FEEBAD36C323" ROLEID="BA475D33-809F-4F0E-A197-4E14620EB5E8" PERMISSIONSID="327BEB10-2F0A-480E-A82E-E3792C21E130" OPERATIONID="BDE0758D-DC74-4EF5-87D9-CA7008DE2D13"/>
<row PERMISSIONID="A445B642-04CF-489B-8F1D-FF1FC6031578" ROLEID="BA475D33-809F-4F0E-A197-4E14620EB5E8" PERMISSIONSID="3242FECA-F534-42A3-985C-0A94E33E03DC" OPERATIONID="FC229911-C65F-4509-B450-35724D59976A"/>
<row PERMISSIONID="98FD4221-8064-4F0B-8720-FFE4DA190687" ROLEID="BA475D33-809F-4F0E-A197-4E14620EB5E8" PERMISSIONSID="790EB459-0B85-45A7-9745-74DC6E3BEBAA" OPERATIONID="C0F098CE-817C-4865-983B-BF98BCBFEC7B"/>
</Permission>
<ApplicationResource RESOURCEID="java.lang.String" PARENTRESOURCEID="java.lang.String" PERMISSIONSID="java.lang.String" APPLICATIONRESOURCETYPEID="java.lang.String" RESOURCENAME="java.lang.String">
<row RESOURCEID="E4A00B10-0A86-4044-9992-03AAAE7DAA6C" PARENTRESOURCEID="E1330C8A-DFE5-467E-AE94-E8B08FAF86F5" PERMISSIONSID="55C2989B-2B2C-41CF-864D-D54A5F520AB9" APPLICATIONRESOURCETYPEID="A9D7A15A-4855-490E-AC64-44D2B2375CE7" RESOURCENAME="advanced"/>
<row RESOURCEID="120EA9E9-D8B7-412D-836F-055AAF81C525" PARENTRESOURCEID="F41B9863-437F-4EB9-B408-D164832984CB" PERMISSIONSID="6ABB0D9F-8E30-45DD-97F0-A5B6F24F9838" APPLICATIONRESOURCETYPEID="A9D7A15A-4855-490E-AC64-44D2B2375CE7" RESOURCENAME="advanced"/>
<row RESOURCEID="1B4B4C11-D61E-494E-A58F-090F7B43CA65" PARENTRESOURCEID="E4A00B10-0A86-4044-9992-03AAAE7DAA6C" PERMISSIONSID="276D1EAF-7808-4B77-B71C-FDD913C3390F" APPLICATIONRESOURCETYPEID="A9D7A15A-4855-490E-AC64-44D2B2375CE7" RESOURCENAME="advanced-my-appearance"/>
<row RESOURCEID="785A3CDA-35E8-42B6-9B16-0A0931FBBF65" PARENTRESOURCEID="FFBD4249-1089-48E1-9AF4-6127DBEDC310" PERMISSIONSID="0305C989-264E-4453-B066-60A9413FB42A" APPLICATIONRESOURCETYPEID="A9D7A15A-4855-490E-AC64-44D2B2375CE7" RESOURCENAME="basic-corrman"/>
<row RESOURCEID="DB614044-F9B1-4BF2-A63A-0AB4ED215465" PARENTRESOURCEID="42230082-E703-43CF-BB2D-0C3172C8B34C" PERMISSIONSID="4C2D42AE-1548-4033-AA97-FE9B48096AE9" APPLICATIONRESOURCETYPEID="A9D7A15A-4855-490E-AC64-44D2B2375CE7" RESOURCENAME="advanced-external-role"/>
<row RESOURCEID="42230082-E703-43CF-BB2D-0C3172C8B34C" PARENTRESOURCEID="2168FA1B-3BAD-46C1-B8EA-6F179498BFC8" PERMISSIONSID="B4FC93D1-97C0-4BD4-91C6-3834B01F351F" APPLICATIONRESOURCETYPEID="A9D7A15A-4855-490E-AC64-44D2B2375CE7" RESOURCENAME="advanced"/>
<row RESOURCEID="7A609B53-DCBD-4500-8F08-0CC60F006527" PARENTRESOURCEID="5E7B85CE-5091-4318-9F6F-C8416E36A96D" PERMISSIONSID="54F006CB-70B3-49B9-8CD9-6088346AC539" APPLICATIONRESOURCETYPEID="A9D7A15A-4855-490E-AC64-44D2B2375CE7" RESOURCENAME="advanced-document-settings"/>
<row RESOURCEID="F9640B3F-953C-459E-9556-126631F2B612" PARENTRESOURCEID="B5A51BF1-79B1-444F-82B6-C634D3A794DF" PERMISSIONSID="B15CC46A-F068-41E3-A1C4-AC44E883B7DC" APPLICATIONRESOURCETYPEID="A9D7A15A-4855-490E-AC64-44D2B2375CE7" RESOURCENAME="reviewer"/>
<row RESOURCEID="D882FFD5-42C6-4837-857D-1823816DCBC7" PARENTRESOURCEID="B5A51BF1-79B1-444F-82B6-C634D3A794DF" PERMISSIONSID="5CDD84A4-F342-48EA-97E7-57474830847C" APPLICATIONRESOURCETYPEID="A9D7A15A-4855-490E-AC64-44D2B2375CE7" RESOURCENAME="doc-tracking"/>
<row RESOURCEID="D882FFD5-42C6-4837-857E-1823816DCBC7" PARENTRESOURCEID="B5A51BF1-79B1-444F-82B6-C634D3A794DF" PERMISSIONSID="8D73AA98-161C-41F4-8712-61BC62C915E8" APPLICATIONRESOURCETYPEID="A9D7A15A-4855-490E-AC64-44D2B2375CE7" RESOURCENAME="prodmon"/>
<row RESOURCEID="F1ADC2DC-9D80-4CCC-B942-192B38ED82D2" PARENTRESOURCEID="ED1DAA79-09A8-4714-A50B-DA15B39BF97D" PERMISSIONSID="48F98927-3324-4AF6-B332-2C3FE1E05B74" APPLICATIONRESOURCETYPEID="A9D7A15A-4855-490E-AC64-44D2B2375CE7" RESOURCENAME="advanced-internal-role-permissions"/>
<row RESOURCEID="2F8FE537-03AC-4FD8-A7F2-1A02356CADB2" PARENTRESOURCEID="ED1DAA79-09A8-4714-A50B-DA15B39BF97D" PERMISSIONSID="905094FC-2268-41AA-BA31-263742AD77D1" APPLICATIONRESOURCETYPEID="A9D7A15A-4855-490E-AC64-44D2B2375CE7" RESOURCENAME="advanced-internal-role-members"/>
<row RESOURCEID="17D06E24-EC95-4FAA-BB64-1A8E4D31BA53" PARENTRESOURCEID="FD551310-7160-4BA0-8EE7-C9B609E5D945" PERMISSIONSID="D644297B-6F5A-4393-83D7-3316F26500F5" APPLICATIONRESOURCETYPEID="A9D7A15A-4855-490E-AC64-44D2B2375CE7" RESOURCENAME="basic"/>
<row RESOURCEID="75B2EB13-CAA4-417B-9F7E-1E3612F18870" PARENTRESOURCEID="2A221C7D-883C-4CE8-9E86-5A4DC76975BD" PERMISSIONSID="E99BDDA4-A72D-4314-9458-B68D1D4294BE" APPLICATIONRESOURCETYPEID="A9D7A15A-4855-490E-AC64-44D2B2375CE7" RESOURCENAME="basic"/>
<row RESOURCEID="E86457B3-2792-43CE-B21C-1EEE945C0E1F" PARENTRESOURCEID="73C22177-5F6C-4BE9-9731-D0CCB6A33D29" PERMISSIONSID="3242FECA-F534-42A3-985C-0A94E33E03DC" APPLICATIONRESOURCETYPEID="A9D7A15A-4855-490E-AC64-44D2B2375CE7" RESOURCENAME="advanced-application-reviewer"/>
<row RESOURCEID="6309A550-08B1-4628-BD0C-20484722FD12" PARENTRESOURCEID="5E7B85CE-5091-4318-9F6F-C8416E36A96D" PERMISSIONSID="71B2C75F-4BCC-41A7-AC01-91E27F39843D" APPLICATIONRESOURCETYPEID="A9D7A15A-4855-490E-AC64-44D2B2375CE7" RESOURCENAME="advanced-document-current-search"/>
<row RESOURCEID="C118006A-BE98-4D56-9C04-2B2BF4B45DF5" PARENTRESOURCEID="F49CB7A5-4460-4D31-912C-7104E0746B42" PERMISSIONSID="6351F37F-A167-4D5D-8A78-B215B51CB35F" APPLICATIONRESOURCETYPEID="A9D7A15A-4855-490E-AC64-44D2B2375CE7" RESOURCENAME="basic-document-saved-search"/>
<row RESOURCEID="DE8ADE08-E3F9-4C86-B402-2B2F1CD6605E" PARENTRESOURCEID="ED1DAA79-09A8-4714-A50B-DA15B39BF97D" PERMISSIONSID="DDA4B4E5-10D4-4BA7-B544-C74E057230E4" APPLICATIONRESOURCETYPEID="A9D7A15A-4855-490E-AC64-44D2B2375CE7" RESOURCENAME="advanced-user-roles"/>
<row RESOURCEID="3C8DE2F9-4557-492B-8812-31CA522EBCAC" PARENTRESOURCEID="120EA9E9-D8B7-412D-836F-055AAF81C525" PERMISSIONSID="959643D8-8664-43BF-833E-E108BE20DA6F" APPLICATIONRESOURCETYPEID="A9D7A15A-4855-490E-AC64-44D2B2375CE7" RESOURCENAME="advanced-resource-to-private"/>
<row RESOURCEID="9136BABF-8010-45AF-B2FA-320D24914CD2" PARENTRESOURCEID="5E7B85CE-5091-4318-9F6F-C8416E36A96D" PERMISSIONSID="D7DDDC8E-A4C9-4E9C-BBEC-456BDDAFF4BF" APPLICATIONRESOURCETYPEID="A9D7A15A-4855-490E-AC64-44D2B2375CE7" RESOURCENAME="advanced-doc-tracking"/>
<row RESOURCEID="B109E2FE-5475-4211-A493-35175D3A3E45" PARENTRESOURCEID="6139115A-0C6F-4591-A35A-D015E6AE8239" PERMISSIONSID="C83C9C70-3694-4EF8-8079-124FE9B86233" APPLICATIONRESOURCETYPEID="A9D7A15A-4855-490E-AC64-44D2B2375CE7" RESOURCENAME="advanced"/>
<row RESOURCEID="5423B121-7420-47E8-8771-35383BD0AAE7" PARENTRESOURCEID="5E7B85CE-5091-4318-9F6F-C8416E36A96D" PERMISSIONSID="779A8FCB-9AF8-45A7-BE6A-6E6E6C841803" APPLICATIONRESOURCETYPEID="A9D7A15A-4855-490E-AC64-44D2B2375CE7" RESOURCENAME="advanced-blob"/>
<row RESOURCEID="B0BB8D56-734D-4940-8C8D-3D443B00945C" PARENTRESOURCEID="5CBE8815-AF94-4689-8259-758A603ECBC3" PERMISSIONSID="66B5F076-A617-461C-B952-4FB25E0FFBC9" APPLICATIONRESOURCETYPEID="A9D7A15A-4855-490E-AC64-44D2B2375CE7" RESOURCENAME="basic-application-reviewer"/>
<row RESOURCEID="7ECF22FC-2159-4239-9ACC-457391001CA3" PARENTRESOURCEID="12028CA6-FDA3-4D91-B803-E76ABE628E54" PERMISSIONSID="473CA875-BCD3-4A2B-904F-197AD0B36AD0" APPLICATIONRESOURCETYPEID="A9D7A15A-4855-490E-AC64-44D2B2375CE7" RESOURCENAME="basic-my-other-settings"/>
<row RESOURCEID="83A3ADA9-38DA-4003-A5C4-565B047E7E34" PARENTRESOURCEID="B5A51BF1-79B1-444F-82B6-C634D3A794DF" PERMISSIONSID="ECCF8F3A-C43C-4F3C-BFD4-DA7DACEFB6A0" APPLICATIONRESOURCETYPEID="A9D7A15A-4855-490E-AC64-44D2B2375CE7" RESOURCENAME="user-roles"/>
<row RESOURCEID="8EBF38D7-D91C-415D-880B-59E7D43C926E" PARENTRESOURCEID="ED1DAA79-09A8-4714-A50B-DA15B39BF97D" PERMISSIONSID="213B7C27-40B5-4232-BE43-4E9485851D68" APPLICATIONRESOURCETYPEID="A9D7A15A-4855-490E-AC64-44D2B2375CE7" RESOURCENAME="advanced-internal-role"/>
<row RESOURCEID="2A221C7D-883C-4CE8-9E86-5A4DC76975BD" PARENTRESOURCEID="B5A51BF1-79B1-444F-82B6-C634D3A794DF" PERMISSIONSID="01079877-E116-45E1-A442-E609FDF88E6B" APPLICATIONRESOURCETYPEID="A9D7A15A-4855-490E-AC64-44D2B2375CE7" RESOURCENAME="adhoc"/>
<row RESOURCEID="0D6155FE-068D-4DFF-9724-5A8EA813C45C" PARENTRESOURCEID="5E7B85CE-5091-4318-9F6F-C8416E36A96D" PERMISSIONSID="7D23D53A-E15B-44EF-B933-65DB79684960" APPLICATIONRESOURCETYPEID="A9D7A15A-4855-490E-AC64-44D2B2375CE7" RESOURCENAME="advanced-document-saved-search"/>
<row RESOURCEID="914E3777-CD6C-4385-AD7D-5C699CBB206F" PARENTRESOURCEID="2168FA1B-3BAD-46C1-B8EA-6F179498BFC8" PERMISSIONSID="0A92B690-964E-43AD-B3CE-99E3B69F39C5" APPLICATIONRESOURCETYPEID="A9D7A15A-4855-490E-AC64-44D2B2375CE7" RESOURCENAME="basic"/>
<row RESOURCEID="39C58F6C-9DB2-4F18-A734-5CF881178E65" PARENTRESOURCEID="2BC1F5A8-A6D2-45BA-B093-608CF598A430" PERMISSIONSID="BDDAF1D1-3D7E-4490-A8A0-21EA4ED3B2F3" APPLICATIONRESOURCETYPEID="A9D7A15A-4855-490E-AC64-44D2B2375CE7" RESOURCENAME="basic-text-management"/>
<row RESOURCEID="2BC1F5A8-A6D2-45BA-B093-608CF598A430" PARENTRESOURCEID="6139115A-0C6F-4591-A35A-D015E6AE8239" PERMISSIONSID="D83F9676-C849-4FEF-843C-2A47BD4E1BB2" APPLICATIONRESOURCETYPEID="A9D7A15A-4855-490E-AC64-44D2B2375CE7" RESOURCENAME="basic"/>
<row RESOURCEID="FFBD4249-1089-48E1-9AF4-6127DBEDC310" PARENTRESOURCEID="F41B9863-437F-4EB9-B408-D164832984CB" PERMISSIONSID="3B424ECE-8498-45E0-9487-2760E1B038B0" APPLICATIONRESOURCETYPEID="A9D7A15A-4855-490E-AC64-44D2B2375CE7" RESOURCENAME="basic"/>
<row RESOURCEID="A9F4752D-6745-431A-9AED-65280159541F" PARENTRESOURCEID="D87822E5-F113-41BD-8351-D500CD2C05B7" PERMISSIONSID="5EFBDAC4-261E-4B1B-8ED9-7DDD1DB0BA71" APPLICATIONRESOURCETYPEID="A9D7A15A-4855-490E-AC64-44D2B2375CE7" RESOURCENAME="advanced-job"/>
<row RESOURCEID="138E031C-0166-4858-847E-6847E341F343" PARENTRESOURCEID="42230082-E703-43CF-BB2D-0C3172C8B34C" PERMISSIONSID="82B9CBCC-3162-478B-9355-BE033B4FE246" APPLICATIONRESOURCETYPEID="A9D7A15A-4855-490E-AC64-44D2B2375CE7" RESOURCENAME="advanced-external-role-members"/>
<row RESOURCEID="80C34E87-725C-4A24-93FA-68787248DDCF" PARENTRESOURCEID="120EA9E9-D8B7-412D-836F-055AAF81C525" PERMISSIONSID="790EB459-0B85-45A7-9745-74DC6E3BEBAA" APPLICATIONRESOURCETYPEID="A9D7A15A-4855-490E-AC64-44D2B2375CE7" RESOURCENAME="advanced-document-definition"/>
<row RESOURCEID="354E1DB3-AB38-4EC9-82AB-6B1E285791C8" PARENTRESOURCEID="B109E2FE-5475-4211-A493-35175D3A3E45" PERMISSIONSID="FD6B6CE0-25A2-4096-BAB0-A55CD1B4BEA7" APPLICATIONRESOURCETYPEID="A9D7A15A-4855-490E-AC64-44D2B2375CE7" RESOURCENAME="advanced-document"/>
<row RESOURCEID="2168FA1B-3BAD-46C1-B8EA-6F179498BFC8" PARENTRESOURCEID="B5A51BF1-79B1-444F-82B6-C634D3A794DF" PERMISSIONSID="7394C0F9-24A5-4C78-854E-8A1CAB4C6E6A" APPLICATIONRESOURCETYPEID="A9D7A15A-4855-490E-AC64-44D2B2375CE7" RESOURCENAME="customers"/>
<row RESOURCEID="0F51BEBD-1B39-4147-8E89-6F43F4D01395" PARENTRESOURCEID="B109E2FE-5475-4211-A493-35175D3A3E45" PERMISSIONSID="42E7AF2D-399F-4913-AC8F-23ACE0928D3B" APPLICATIONRESOURCETYPEID="A9D7A15A-4855-490E-AC64-44D2B2375CE7" RESOURCENAME="advanced-text-management"/>
<row RESOURCEID="2C1D1523-45F7-4341-A4C4-7070E27C5493" PARENTRESOURCEID="914E3777-CD6C-4385-AD7D-5C699CBB206F" PERMISSIONSID="BA037FBD-D544-4883-9732-0D19C5646212" APPLICATIONRESOURCETYPEID="A9D7A15A-4855-490E-AC64-44D2B2375CE7" RESOURCENAME="basic-customers"/>
<row RESOURCEID="F49CB7A5-4460-4D31-912C-7104E0746B42" PARENTRESOURCEID="D882FFD5-42C6-4837-857D-1823816DCBC7" PERMISSIONSID="B6003980-B9F1-4E42-A8A3-5330C63CA592" APPLICATIONRESOURCETYPEID="A9D7A15A-4855-490E-AC64-44D2B2375CE7" RESOURCENAME="basic"/>
<row RESOURCEID="F49CB7A5-4460-4D31-912D-7104E0746B42" PARENTRESOURCEID="D882FFD5-42C6-4837-857E-1823816DCBC7" PERMISSIONSID="B6003980-B9F1-4E42-A8A4-5330C63CA592" APPLICATIONRESOURCETYPEID="A9D7A15A-4855-490E-AC64-44D2B2375CE7" RESOURCENAME="basic"/>
<row RESOURCEID="F49CB7A5-4460-4D31-912E-7104E0746B42" PARENTRESOURCEID="D882FFD5-42C6-4837-857E-1823816DCBC7" PERMISSIONSID="B6003980-B9F1-4E42-A8A5-5330C63CA592" APPLICATIONRESOURCETYPEID="A9D7A15A-4855-490E-AC64-44D2B2375CE7" RESOURCENAME="advanced"/>
<row RESOURCEID="F49CB7A5-4460-4D31-912F-7104E0746B42" PARENTRESOURCEID="F49CB7A5-4460-4D31-912D-7104E0746B42" PERMISSIONSID="B6003980-B9F1-4E42-A8A6-5330C63CA592" APPLICATIONRESOURCETYPEID="A9D7A15A-4855-490E-AC64-44D2B2375CE7" RESOURCENAME="basic-main-view"/>
<row RESOURCEID="F49CB7A5-4460-4D31-9130-7104E0746B42" PARENTRESOURCEID="F49CB7A5-4460-4D31-912E-7104E0746B42" PERMISSIONSID="B6003980-B9F1-4E42-A8A7-5330C63CA592" APPLICATIONRESOURCETYPEID="A9D7A15A-4855-490E-AC64-44D2B2375CE7" RESOURCENAME="advanced-main-view"/>
<row RESOURCEID="F49CB7A5-4460-4D31-9131-7104E0746B42" PARENTRESOURCEID="F49CB7A5-4460-4D31-912E-7104E0746B42" PERMISSIONSID="B6003980-B9F1-4E42-A8A8-5330C63CA592" APPLICATIONRESOURCETYPEID="A9D7A15A-4855-490E-AC64-44D2B2375CE7" RESOURCENAME="advanced-admin-view"/>
<row RESOURCEID="28A7965F-C455-47B6-9AA6-7290D0E43250" PARENTRESOURCEID="74234887-E738-4154-A741-FE5A761BFADF" PERMISSIONSID="66C115F7-A0F4-4B93-BA0F-99901E14A1F2" APPLICATIONRESOURCETYPEID="A9D7A15A-4855-490E-AC64-44D2B2375CE7" RESOURCENAME="basic"/>
<row RESOURCEID="D272E3B2-B4F5-4067-BFC4-72F324D28AB9" PARENTRESOURCEID="28A7965F-C455-47B6-9AA6-7290D0E43250" PERMISSIONSID="D4561F34-CC9B-4201-91FB-D784C0DC8B2D" APPLICATIONRESOURCETYPEID="A9D7A15A-4855-490E-AC64-44D2B2375CE7" RESOURCENAME="basic-job-tracking"/>
<row RESOURCEID="5CBE8815-AF94-4689-8259-758A603ECBC3" PARENTRESOURCEID="F9640B3F-953C-459E-9556-126631F2B612" PERMISSIONSID="2CB55361-E717-461A-AB32-5856D7103D88" APPLICATIONRESOURCETYPEID="A9D7A15A-4855-490E-AC64-44D2B2375CE7" RESOURCENAME="basic"/>
<row RESOURCEID="A3C42FC9-A40C-48B3-8994-7A1632E29905" PARENTRESOURCEID="E4A00B10-0A86-4044-9992-03AAAE7DAA6C" PERMISSIONSID="ED711BD0-23A0-4A52-8B9E-5649D317F6B7" APPLICATIONRESOURCETYPEID="A9D7A15A-4855-490E-AC64-44D2B2375CE7" RESOURCENAME="advanced-my-other-settings"/>
<row RESOURCEID="3ED55544-08A0-4E7B-9741-7C6FBCD1C1FF" PARENTRESOURCEID="2E0A8C92-0DE3-4065-85EF-C5D4B02BC722" PERMISSIONSID="E2784D0F-A074-498C-8433-1E1703137D35" APPLICATIONRESOURCETYPEID="A9D7A15A-4855-490E-AC64-44D2B2375CE7" RESOURCENAME="basic-user-roles"/>
<row RESOURCEID="823AB2E9-B8E9-4F7E-B76F-8AC5B5C3B66D" PARENTRESOURCEID="FD551310-7160-4BA0-8EE7-C9B609E5D945" PERMISSIONSID="EB2AA2FC-05F1-40EA-BEAA-D55F4F14A943" APPLICATIONRESOURCETYPEID="A9D7A15A-4855-490E-AC64-44D2B2375CE7" RESOURCENAME="advanced"/>
<row RESOURCEID="855E26DF-9FD3-4A08-8FC1-949DFFB7E5F5" PARENTRESOURCEID="D87822E5-F113-41BD-8351-D500CD2C05B7" PERMISSIONSID="97BB06B7-423D-4354-BE63-D78A3A0245AA" APPLICATIONRESOURCETYPEID="A9D7A15A-4855-490E-AC64-44D2B2375CE7" RESOURCENAME="advanced-job-tracking"/>
<row RESOURCEID="70F8F08E-4E3E-4844-ADCF-954E2144ABDD" PARENTRESOURCEID="75B2EB13-CAA4-417B-9F7E-1E3612F18870" PERMISSIONSID="FC08641C-E634-4C30-9158-AAA0A470A2DC" APPLICATIONRESOURCETYPEID="A9D7A15A-4855-490E-AC64-44D2B2375CE7" RESOURCENAME="basic-application-adhoc"/>
<row RESOURCEID="03DB29AF-FE3A-4F86-86E5-9B44D0DF16BC" PARENTRESOURCEID="42230082-E703-43CF-BB2D-0C3172C8B34C" PERMISSIONSID="B8E1628A-64CE-4298-AC5E-2E5CF74569B2" APPLICATIONRESOURCETYPEID="A9D7A15A-4855-490E-AC64-44D2B2375CE7" RESOURCENAME="advanced-external-role-permissions"/>
<row RESOURCEID="011A76B5-EC55-4146-AEA7-9D64FD886424" PARENTRESOURCEID="823AB2E9-B8E9-4F7E-B76F-8AC5B5C3B66D" PERMISSIONSID="3192E426-765F-4185-89D2-6C7666953C22" APPLICATIONRESOURCETYPEID="A9D7A15A-4855-490E-AC64-44D2B2375CE7" RESOURCENAME="advanced-distribution"/>
<row RESOURCEID="56101CCC-9DA5-497B-BFBF-A2C533009F80" PARENTRESOURCEID="E4A00B10-0A86-4044-9992-03AAAE7DAA6C" PERMISSIONSID="8730C2F4-4723-4EFA-9881-F059BDBDA42D" APPLICATIONRESOURCETYPEID="A9D7A15A-4855-490E-AC64-44D2B2375CE7" RESOURCENAME="advanced-profiles"/>
<row RESOURCEID="96FA507A-3F9C-42AA-AB64-A2DBB234C9AC" PARENTRESOURCEID="5E7B85CE-5091-4318-9F6F-C8416E36A96D" PERMISSIONSID="28FC8409-CCE6-4168-80B9-6E9E6A11610E" APPLICATIONRESOURCETYPEID="A9D7A15A-4855-490E-AC64-44D2B2375CE7" RESOURCENAME="advanced-document"/>
<row RESOURCEID="984A6A23-3EFC-4EDC-BCF1-A510836415A5" PARENTRESOURCEID="B109E2FE-5475-4211-A493-35175D3A3E45" PERMISSIONSID="CDABCF6F-16A5-47C8-B1A0-E24655106C4D" APPLICATIONRESOURCETYPEID="A9D7A15A-4855-490E-AC64-44D2B2375CE7" RESOURCENAME="advanced-text"/>
<row RESOURCEID="2644C22F-ED26-4A6A-A1BB-A553C5650367" PARENTRESOURCEID="F49CB7A5-4460-4D31-912C-7104E0746B42" PERMISSIONSID="A2D69B22-D2A4-4205-807A-7157ECDC5D6C" APPLICATIONRESOURCETYPEID="A9D7A15A-4855-490E-AC64-44D2B2375CE7" RESOURCENAME="basic-annotation"/>
<row RESOURCEID="A2DAB84A-884D-45BD-BD8B-A5E9224BB7B1" PARENTRESOURCEID="42230082-E703-43CF-BB2D-0C3172C8B34C" PERMISSIONSID="CAAF3972-79D8-4B69-BFAF-1D2570A17CAC" APPLICATIONRESOURCETYPEID="A9D7A15A-4855-490E-AC64-44D2B2375CE7" RESOURCENAME="advanced-customers"/>
<row RESOURCEID="4E4680E7-D2A1-43F9-9B61-A895B29AF238" PARENTRESOURCEID="120EA9E9-D8B7-412D-836F-055AAF81C525" PERMISSIONSID="6E087399-79CE-4F64-B947-97C5B2DBD1C0" APPLICATIONRESOURCETYPEID="A9D7A15A-4855-490E-AC64-44D2B2375CE7" RESOURCENAME="advanced-corrman"/>
<row RESOURCEID="1D716F72-E485-416F-8308-B03D875387EF" PARENTRESOURCEID="F49CB7A5-4460-4D31-912C-7104E0746B42" PERMISSIONSID="C2EE0068-A076-4ADC-832C-0FF41D763C0F" APPLICATIONRESOURCETYPEID="A9D7A15A-4855-490E-AC64-44D2B2375CE7" RESOURCENAME="basic-blob"/>
<row RESOURCEID="8701B927-73A5-4B75-85D0-B40847FF5077" PARENTRESOURCEID="120EA9E9-D8B7-412D-836F-055AAF81C525" PERMISSIONSID="5D9A2F07-6675-42C7-8AEF-37A92A492C49" APPLICATIONRESOURCETYPEID="A9D7A15A-4855-490E-AC64-44D2B2375CE7" RESOURCENAME="advanced-resource"/>
<row RESOURCEID="1C73B6AA-3230-4246-B171-C2A67F68071C" PARENTRESOURCEID="BE66F4F1-344A-42CC-9DF0-C786133809EB" PERMISSIONSID="3A51FD07-0F89-4BD3-9018-8255D7A9E1FD" APPLICATIONRESOURCETYPEID="A9D7A15A-4855-490E-AC64-44D2B2375CE7" RESOURCENAME="advanced-application-adhoc"/>
<row RESOURCEID="BD2D5C64-6F9D-4BD8-99A5-C31E0CAE3D30" PARENTRESOURCEID="823AB2E9-B8E9-4F7E-B76F-8AC5B5C3B66D" PERMISSIONSID="EED99045-CD8F-4611-B85A-B2EB65172571" APPLICATIONRESOURCETYPEID="A9D7A15A-4855-490E-AC64-44D2B2375CE7" RESOURCENAME="advanced-distribution-channel"/>
<row RESOURCEID="2E0A8C92-0DE3-4065-85EF-C5D4B02BC722" PARENTRESOURCEID="83A3ADA9-38DA-4003-A5C4-565B047E7E34" PERMISSIONSID="4B4B87B4-B202-48B6-894E-FF8279EB9253" APPLICATIONRESOURCETYPEID="A9D7A15A-4855-490E-AC64-44D2B2375CE7" RESOURCENAME="basic"/>
<row RESOURCEID="B5A51BF1-79B1-444F-82B6-C634D3A794DF" PARENTRESOURCEID="&lt;NULL&gt;" PERMISSIONSID="8D73AA98-161C-41F4-8711-61BC62C915E8" APPLICATIONRESOURCETYPEID="A9D7A15A-4855-490E-AC64-44D2B2375CE7" RESOURCENAME="docland"/>
<row RESOURCEID="49FB6A1C-87B3-41DD-A90C-C65A376DFE7B" PARENTRESOURCEID="F49CB7A5-4460-4D31-912C-7104E0746B42" PERMISSIONSID="327BEB10-2F0A-480E-A82E-E3792C21E130" APPLICATIONRESOURCETYPEID="A9D7A15A-4855-490E-AC64-44D2B2375CE7" RESOURCENAME="basic-doc-tracking"/>
<row RESOURCEID="BE66F4F1-344A-42CC-9DF0-C786133809EB" PARENTRESOURCEID="2A221C7D-883C-4CE8-9E86-5A4DC76975BD" PERMISSIONSID="662E7FB5-E86B-4B88-A4E9-3582C6F35F80" APPLICATIONRESOURCETYPEID="A9D7A15A-4855-490E-AC64-44D2B2375CE7" RESOURCENAME="advanced"/>
<row RESOURCEID="5E7B85CE-5091-4318-9F6F-C8416E36A96D" PARENTRESOURCEID="D882FFD5-42C6-4837-857D-1823816DCBC7" PERMISSIONSID="D611193F-98D7-4072-BE77-1AEA1B9DCB22" APPLICATIONRESOURCETYPEID="A9D7A15A-4855-490E-AC64-44D2B2375CE7" RESOURCENAME="advanced"/>
<row RESOURCEID="1A695A39-5D26-474C-A1FF-C8C92686F553" PARENTRESOURCEID="E4A00B10-0A86-4044-9992-03AAAE7DAA6C" PERMISSIONSID="D4322346-553D-4BF7-B23C-FBB36F1C2F45" APPLICATIONRESOURCETYPEID="A9D7A15A-4855-490E-AC64-44D2B2375CE7" RESOURCENAME="advanced-my-localization-language"/>
<row RESOURCEID="FD551310-7160-4BA0-8EE7-C9B609E5D945" PARENTRESOURCEID="B5A51BF1-79B1-444F-82B6-C634D3A794DF" PERMISSIONSID="708580D7-42AB-4219-9D22-75D011F2D77E" APPLICATIONRESOURCETYPEID="A9D7A15A-4855-490E-AC64-44D2B2375CE7" RESOURCENAME="distribution"/>
<row RESOURCEID="B3707448-272D-40A0-A612-CC00E286FFD0" PARENTRESOURCEID="17D06E24-EC95-4FAA-BB64-1A8E4D31BA53" PERMISSIONSID="42F41E86-F510-4A33-ADF7-E70754DC539B" APPLICATIONRESOURCETYPEID="A9D7A15A-4855-490E-AC64-44D2B2375CE7" RESOURCENAME="basic-distribution"/>
<row RESOURCEID="6139115A-0C6F-4591-A35A-D015E6AE8239" PARENTRESOURCEID="B5A51BF1-79B1-444F-82B6-C634D3A794DF" PERMISSIONSID="8621FB2D-DF6F-4652-A105-439694389205" APPLICATIONRESOURCETYPEID="A9D7A15A-4855-490E-AC64-44D2B2375CE7" RESOURCENAME="text-management"/>
<row RESOURCEID="73C22177-5F6C-4BE9-9731-D0CCB6A33D29" PARENTRESOURCEID="F9640B3F-953C-459E-9556-126631F2B612" PERMISSIONSID="49626408-3C22-4DF7-B1BC-E63048F592DD" APPLICATIONRESOURCETYPEID="A9D7A15A-4855-490E-AC64-44D2B2375CE7" RESOURCENAME="advanced"/>
<row RESOURCEID="F41B9863-437F-4EB9-B408-D164832984CB" PARENTRESOURCEID="B5A51BF1-79B1-444F-82B6-C634D3A794DF" PERMISSIONSID="5CB72727-49EF-41C8-A152-CA004AE1F83B" APPLICATIONRESOURCETYPEID="A9D7A15A-4855-490E-AC64-44D2B2375CE7" RESOURCENAME="corrman"/>
<row RESOURCEID="D87822E5-F113-41BD-8351-D500CD2C05B7" PARENTRESOURCEID="74234887-E738-4154-A741-FE5A761BFADF" PERMISSIONSID="C15EFAB0-939A-46C8-9E0A-B0BD32870955" APPLICATIONRESOURCETYPEID="A9D7A15A-4855-490E-AC64-44D2B2375CE7" RESOURCENAME="advanced"/>
<row RESOURCEID="76EB509D-8D7A-4BF5-98B0-D5332EC0158C" PARENTRESOURCEID="12028CA6-FDA3-4D91-B803-E76ABE628E54" PERMISSIONSID="DCDF9887-BE27-4DA4-A6EC-49D634CCD2FD" APPLICATIONRESOURCETYPEID="A9D7A15A-4855-490E-AC64-44D2B2375CE7" RESOURCENAME="basic-profiles"/>
<row RESOURCEID="ED1DAA79-09A8-4714-A50B-DA15B39BF97D" PARENTRESOURCEID="83A3ADA9-38DA-4003-A5C4-565B047E7E34" PERMISSIONSID="D72720BB-6562-40A0-BCF3-4A7915D616F4" APPLICATIONRESOURCETYPEID="A9D7A15A-4855-490E-AC64-44D2B2375CE7" RESOURCENAME="advanced"/>
<row RESOURCEID="3719C990-A16A-43D4-B261-E29F71E9E372" PARENTRESOURCEID="F49CB7A5-4460-4D31-912C-7104E0746B42" PERMISSIONSID="45FA31B5-4CD6-44FB-8721-59C7B85D8A1E" APPLICATIONRESOURCETYPEID="A9D7A15A-4855-490E-AC64-44D2B2375CE7" RESOURCENAME="basic-document"/>
<row RESOURCEID="12028CA6-FDA3-4D91-B803-E76ABE628E54" PARENTRESOURCEID="E1330C8A-DFE5-467E-AE94-E8B08FAF86F5" PERMISSIONSID="C493CF45-088B-4074-B308-113ED6056191" APPLICATIONRESOURCETYPEID="A9D7A15A-4855-490E-AC64-44D2B2375CE7" RESOURCENAME="basic"/>
<row RESOURCEID="E1330C8A-DFE5-467E-AE94-E8B08FAF86F5" PARENTRESOURCEID="B5A51BF1-79B1-444F-82B6-C634D3A794DF" PERMISSIONSID="4124C53D-4FCF-4029-86BA-44E449161373" APPLICATIONRESOURCETYPEID="A9D7A15A-4855-490E-AC64-44D2B2375CE7" RESOURCENAME="profiles"/>
<row RESOURCEID="A7297BCB-BC12-4ED4-B627-EB7F56EFEDE8" PARENTRESOURCEID="5E7B85CE-5091-4318-9F6F-C8416E36A96D" PERMISSIONSID="4BE191BE-3B2E-4667-81DC-1B85DBEDE669" APPLICATIONRESOURCETYPEID="A9D7A15A-4855-490E-AC64-44D2B2375CE7" RESOURCENAME="advanced-annotation"/>
<row RESOURCEID="BC4DE2FE-08CB-4B29-B966-EC8E5E1F51DC" PARENTRESOURCEID="12028CA6-FDA3-4D91-B803-E76ABE628E54" PERMISSIONSID="85F85C85-4774-45B0-BFC2-E228E50BA1F1" APPLICATIONRESOURCETYPEID="A9D7A15A-4855-490E-AC64-44D2B2375CE7" RESOURCENAME="basic-my-localization-language"/>
<row RESOURCEID="778CF19B-3214-4D8D-88CB-EF35F70EC2AD" PARENTRESOURCEID="F49CB7A5-4460-4D31-912C-7104E0746B42" PERMISSIONSID="F0A0B791-3C73-4A83-A0A1-D08AF338A2EC" APPLICATIONRESOURCETYPEID="A9D7A15A-4855-490E-AC64-44D2B2375CE7" RESOURCENAME="basic-document-current-search"/>
<row RESOURCEID="74234887-E738-4154-A741-FE5A761BFADF" PARENTRESOURCEID="B5A51BF1-79B1-444F-82B6-C634D3A794DF" PERMISSIONSID="45C58E5C-EF09-437B-A1A3-B724D7CEBDA6" APPLICATIONRESOURCETYPEID="A9D7A15A-4855-490E-AC64-44D2B2375CE7" RESOURCENAME="job-tracking"/>
</ApplicationResource>
<relAppResOperation RESOURCEID="java.lang.String" OPERATIONID="java.lang.String" CREATIONDATETIME="java.sql.Timestamp">
<row RESOURCEID="1B4B4C11-D61E-494E-A58F-090F7B43CA65" OPERATIONID="4762CF3D-3CED-4848-A74A-1F55CED8ED33" CREATIONDATETIME="2017-05-30 14:34:57.05"/>
<row RESOURCEID="1B4B4C11-D61E-494E-A58F-090F7B43CA65" OPERATIONID="BDE0758D-DC74-4EF5-87D9-CA7008DE2D13" CREATIONDATETIME="2017-05-30 14:34:57.05"/>
<row RESOURCEID="785A3CDA-35E8-42B6-9B16-0A0931FBBF65" OPERATIONID="BDE0758D-DC74-4EF5-87D9-CA7008DE2D13" CREATIONDATETIME="2017-05-30 14:34:57.083"/>
<row RESOURCEID="DB614044-F9B1-4BF2-A63A-0AB4ED215465" OPERATIONID="76D2C0F2-5034-435B-B654-687BA051FBD3" CREATIONDATETIME="2017-05-30 14:34:57.01"/>
<row RESOURCEID="7A609B53-DCBD-4500-8F08-0CC60F006527" OPERATIONID="4762CF3D-3CED-4848-A74A-1F55CED8ED33" CREATIONDATETIME="2017-05-30 14:34:56.96"/>
<row RESOURCEID="7A609B53-DCBD-4500-8F08-0CC60F006527" OPERATIONID="BDE0758D-DC74-4EF5-87D9-CA7008DE2D13" CREATIONDATETIME="2017-05-30 14:34:56.96"/>
<row RESOURCEID="F1ADC2DC-9D80-4CCC-B942-192B38ED82D2" OPERATIONID="4762CF3D-3CED-4848-A74A-1F55CED8ED33" CREATIONDATETIME="2017-05-30 14:34:56.997"/>
<row RESOURCEID="2F8FE537-03AC-4FD8-A7F2-1A02356CADB2" OPERATIONID="4762CF3D-3CED-4848-A74A-1F55CED8ED33" CREATIONDATETIME="2017-05-30 14:34:56.993"/>
<row RESOURCEID="E86457B3-2792-43CE-B21C-1EEE945C0E1F" OPERATIONID="FC229911-C65F-4509-B450-35724D59976A" CREATIONDATETIME="2017-05-30 14:34:57.13"/>
<row RESOURCEID="6309A550-08B1-4628-BD0C-20484722FD12" OPERATIONID="BB7A66E3-8E2C-4ABB-88E3-D86D31951CA8" CREATIONDATETIME="2017-05-30 14:34:56.95"/>
<row RESOURCEID="C118006A-BE98-4D56-9C04-2B2BF4B45DF5" OPERATIONID="BB7A66E3-8E2C-4ABB-88E3-D86D31951CA8" CREATIONDATETIME="2017-05-30 14:34:56.927"/>
<row RESOURCEID="DE8ADE08-E3F9-4C86-B402-2B2F1CD6605E" OPERATIONID="BDE0758D-DC74-4EF5-87D9-CA7008DE2D13" CREATIONDATETIME="2017-05-30 14:34:56.987"/>
<row RESOURCEID="3C8DE2F9-4557-492B-8812-31CA522EBCAC" OPERATIONID="4762CF3D-3CED-4848-A74A-1F55CED8ED33" CREATIONDATETIME="2017-05-30 14:34:57.097"/>
<row RESOURCEID="9136BABF-8010-45AF-B2FA-320D24914CD2" OPERATIONID="BDE0758D-DC74-4EF5-87D9-CA7008DE2D13" CREATIONDATETIME="2017-05-30 14:34:56.94"/>
<row RESOURCEID="5423B121-7420-47E8-8771-35383BD0AAE7" OPERATIONID="0EE32427-A671-4C23-9823-608BB3A444C4" CREATIONDATETIME="2017-05-30 14:34:56.953"/>
<row RESOURCEID="5423B121-7420-47E8-8771-35383BD0AAE7" OPERATIONID="76D2C0F2-5034-435B-B654-687BA051FBD3" CREATIONDATETIME="2017-05-30 14:34:56.953"/>
<row RESOURCEID="5423B121-7420-47E8-8771-35383BD0AAE7" OPERATIONID="BDE0758D-DC74-4EF5-87D9-CA7008DE2D13" CREATIONDATETIME="2017-05-30 14:34:56.95"/>
<row RESOURCEID="B0BB8D56-734D-4940-8C8D-3D443B00945C" OPERATIONID="FC229911-C65F-4509-B450-35724D59976A" CREATIONDATETIME="2017-05-30 14:34:57.12"/>
<row RESOURCEID="7ECF22FC-2159-4239-9ACC-457391001CA3" OPERATIONID="4762CF3D-3CED-4848-A74A-1F55CED8ED33" CREATIONDATETIME="2017-05-30 14:34:57.043"/>
<row RESOURCEID="7ECF22FC-2159-4239-9ACC-457391001CA3" OPERATIONID="BDE0758D-DC74-4EF5-87D9-CA7008DE2D13" CREATIONDATETIME="2017-05-30 14:34:57.043"/>
<row RESOURCEID="8EBF38D7-D91C-415D-880B-59E7D43C926E" OPERATIONID="76D2C0F2-5034-435B-B654-687BA051FBD3" CREATIONDATETIME="2017-05-30 14:34:56.99"/>
<row RESOURCEID="0D6155FE-068D-4DFF-9724-5A8EA813C45C" OPERATIONID="BB7A66E3-8E2C-4ABB-88E3-D86D31951CA8" CREATIONDATETIME="2017-05-30 14:34:56.947"/>
<row RESOURCEID="39C58F6C-9DB2-4F18-A734-5CF881178E65" OPERATIONID="BDE0758D-DC74-4EF5-87D9-CA7008DE2D13" CREATIONDATETIME="2017-05-30 14:34:57.067"/>
<row RESOURCEID="A9F4752D-6745-431A-9AED-65280159541F" OPERATIONID="76D2C0F2-5034-435B-B654-687BA051FBD3" CREATIONDATETIME="2017-05-30 14:34:56.973"/>
<row RESOURCEID="138E031C-0166-4858-847E-6847E341F343" OPERATIONID="4762CF3D-3CED-4848-A74A-1F55CED8ED33" CREATIONDATETIME="2017-05-30 14:34:57.013"/>
<row RESOURCEID="80C34E87-725C-4A24-93FA-68787248DDCF" OPERATIONID="C0F098CE-817C-4865-983B-BF98BCBFEC7B" CREATIONDATETIME="2017-05-30 14:34:57.093"/>
<row RESOURCEID="80C34E87-725C-4A24-93FA-68787248DDCF" OPERATIONID="4C799025-ABF7-46D4-8168-DC92E9FD40F3" CREATIONDATETIME="2017-05-30 14:34:57.093"/>
<row RESOURCEID="354E1DB3-AB38-4EC9-82AB-6B1E285791C8" OPERATIONID="4C799025-ABF7-46D4-8168-DC92E9FD40F3" CREATIONDATETIME="2017-05-30 14:34:57.077"/>
<row RESOURCEID="0F51BEBD-1B39-4147-8E89-6F43F4D01395" OPERATIONID="BDE0758D-DC74-4EF5-87D9-CA7008DE2D13" CREATIONDATETIME="2017-05-30 14:34:57.07"/>
<row RESOURCEID="2C1D1523-45F7-4341-A4C4-7070E27C5493" OPERATIONID="BDE0758D-DC74-4EF5-87D9-CA7008DE2D13" CREATIONDATETIME="2017-05-30 14:34:57.0"/>
<row RESOURCEID="F49CB7A5-4460-4D31-912F-7104E0746B42" OPERATIONID="BDE0758D-DC74-4EF5-87D9-CA7008DE2D13" CREATIONDATETIME="2017-05-30 14:34:57.1"/>
<row RESOURCEID="F49CB7A5-4460-4D31-9130-7104E0746B42" OPERATIONID="BDE0758D-DC74-4EF5-87D9-CA7008DE2D13" CREATIONDATETIME="2017-05-30 14:34:57.107"/>
<row RESOURCEID="F49CB7A5-4460-4D31-9131-7104E0746B42" OPERATIONID="BDE0758D-DC74-4EF5-87D9-CA7008DE2D13" CREATIONDATETIME="2017-05-30 14:34:57.11"/>
<row RESOURCEID="D272E3B2-B4F5-4067-BFC4-72F324D28AB9" OPERATIONID="BDE0758D-DC74-4EF5-87D9-CA7008DE2D13" CREATIONDATETIME="2017-05-30 14:34:56.967"/>
<row RESOURCEID="A3C42FC9-A40C-48B3-8994-7A1632E29905" OPERATIONID="4762CF3D-3CED-4848-A74A-1F55CED8ED33" CREATIONDATETIME="2017-05-30 14:34:57.06"/>
<row RESOURCEID="A3C42FC9-A40C-48B3-8994-7A1632E29905" OPERATIONID="BDE0758D-DC74-4EF5-87D9-CA7008DE2D13" CREATIONDATETIME="2017-05-30 14:34:57.057"/>
<row RESOURCEID="3ED55544-08A0-4E7B-9741-7C6FBCD1C1FF" OPERATIONID="BDE0758D-DC74-4EF5-87D9-CA7008DE2D13" CREATIONDATETIME="2017-05-30 14:34:56.983"/>
<row RESOURCEID="855E26DF-9FD3-4A08-8FC1-949DFFB7E5F5" OPERATIONID="BDE0758D-DC74-4EF5-87D9-CA7008DE2D13" CREATIONDATETIME="2017-05-30 14:34:56.97"/>
<row RESOURCEID="70F8F08E-4E3E-4844-ADCF-954E2144ABDD" OPERATIONID="FC229911-C65F-4509-B450-35724D59976A" CREATIONDATETIME="2017-05-30 14:34:57.12"/>
<row RESOURCEID="03DB29AF-FE3A-4F86-86E5-9B44D0DF16BC" OPERATIONID="4762CF3D-3CED-4848-A74A-1F55CED8ED33" CREATIONDATETIME="2017-05-30 14:34:57.017"/>
<row RESOURCEID="011A76B5-EC55-4146-AEA7-9D64FD886424" OPERATIONID="BDE0758D-DC74-4EF5-87D9-CA7008DE2D13" CREATIONDATETIME="2017-05-30 14:34:57.027"/>
<row RESOURCEID="56101CCC-9DA5-497B-BFBF-A2C533009F80" OPERATIONID="BDE0758D-DC74-4EF5-87D9-CA7008DE2D13" CREATIONDATETIME="2017-05-30 14:34:57.047"/>
<row RESOURCEID="96FA507A-3F9C-42AA-AB64-A2DBB234C9AC" OPERATIONID="0EE32427-A671-4C23-9823-608BB3A444C4" CREATIONDATETIME="2017-05-30 14:34:56.943"/>
<row RESOURCEID="96FA507A-3F9C-42AA-AB64-A2DBB234C9AC" OPERATIONID="76D2C0F2-5034-435B-B654-687BA051FBD3" CREATIONDATETIME="2017-05-30 14:34:56.943"/>
<row RESOURCEID="96FA507A-3F9C-42AA-AB64-A2DBB234C9AC" OPERATIONID="CE58B145-B3FB-4EA1-AC2E-A17E3C629956" CREATIONDATETIME="2017-05-30 14:34:56.943"/>
<row RESOURCEID="96FA507A-3F9C-42AA-AB64-A2DBB234C9AC" OPERATIONID="BDE0758D-DC74-4EF5-87D9-CA7008DE2D13" CREATIONDATETIME="2017-05-30 14:34:56.94"/>
<row RESOURCEID="984A6A23-3EFC-4EDC-BCF1-A510836415A5" OPERATIONID="1016D1C4-3BBA-4EA0-A07A-097ECC8424C5" CREATIONDATETIME="2017-05-30 14:34:57.073"/>
<row RESOURCEID="984A6A23-3EFC-4EDC-BCF1-A510836415A5" OPERATIONID="B549FC99-79AF-4E61-9A28-7A2B33DCD077" CREATIONDATETIME="2017-05-30 14:34:57.073"/>
<row RESOURCEID="2644C22F-ED26-4A6A-A1BB-A553C5650367" OPERATIONID="C0F098CE-817C-4865-983B-BF98BCBFEC7B" CREATIONDATETIME="2017-05-30 14:34:56.933"/>
<row RESOURCEID="2644C22F-ED26-4A6A-A1BB-A553C5650367" OPERATIONID="BDE0758D-DC74-4EF5-87D9-CA7008DE2D13" CREATIONDATETIME="2017-05-30 14:34:56.933"/>
<row RESOURCEID="A2DAB84A-884D-45BD-BD8B-A5E9224BB7B1" OPERATIONID="BDE0758D-DC74-4EF5-87D9-CA7008DE2D13" CREATIONDATETIME="2017-05-30 14:34:57.007"/>
<row RESOURCEID="4E4680E7-D2A1-43F9-9B61-A895B29AF238" OPERATIONID="BDE0758D-DC74-4EF5-87D9-CA7008DE2D13" CREATIONDATETIME="2017-05-30 14:34:57.087"/>
<row RESOURCEID="1D716F72-E485-416F-8308-B03D875387EF" OPERATIONID="BDE0758D-DC74-4EF5-87D9-CA7008DE2D13" CREATIONDATETIME="2017-05-30 14:34:56.93"/>
<row RESOURCEID="8701B927-73A5-4B75-85D0-B40847FF5077" OPERATIONID="B549FC99-79AF-4E61-9A28-7A2B33DCD077" CREATIONDATETIME="2017-05-30 14:34:57.09"/>
<row RESOURCEID="1C73B6AA-3230-4246-B171-C2A67F68071C" OPERATIONID="FC229911-C65F-4509-B450-35724D59976A" CREATIONDATETIME="2017-05-30 14:34:57.127"/>
<row RESOURCEID="BD2D5C64-6F9D-4BD8-99A5-C31E0CAE3D30" OPERATIONID="4762CF3D-3CED-4848-A74A-1F55CED8ED33" CREATIONDATETIME="2017-05-30 14:34:57.03"/>
<row RESOURCEID="BD2D5C64-6F9D-4BD8-99A5-C31E0CAE3D30" OPERATIONID="76D2C0F2-5034-435B-B654-687BA051FBD3" CREATIONDATETIME="2017-05-30 14:34:57.03"/>
<row RESOURCEID="BD2D5C64-6F9D-4BD8-99A5-C31E0CAE3D30" OPERATIONID="C0F098CE-817C-4865-983B-BF98BCBFEC7B" CREATIONDATETIME="2017-05-30 14:34:57.03"/>
<row RESOURCEID="BD2D5C64-6F9D-4BD8-99A5-C31E0CAE3D30" OPERATIONID="BDE0758D-DC74-4EF5-87D9-CA7008DE2D13" CREATIONDATETIME="2017-05-30 14:34:57.03"/>
<row RESOURCEID="49FB6A1C-87B3-41DD-A90C-C65A376DFE7B" OPERATIONID="BDE0758D-DC74-4EF5-87D9-CA7008DE2D13" CREATIONDATETIME="2017-05-30 14:34:56.92"/>
<row RESOURCEID="1A695A39-5D26-474C-A1FF-C8C92686F553" OPERATIONID="4762CF3D-3CED-4848-A74A-1F55CED8ED33" CREATIONDATETIME="2017-05-30 14:34:57.053"/>
<row RESOURCEID="1A695A39-5D26-474C-A1FF-C8C92686F553" OPERATIONID="BDE0758D-DC74-4EF5-87D9-CA7008DE2D13" CREATIONDATETIME="2017-05-30 14:34:57.053"/>
<row RESOURCEID="B3707448-272D-40A0-A612-CC00E286FFD0" OPERATIONID="BDE0758D-DC74-4EF5-87D9-CA7008DE2D13" CREATIONDATETIME="2017-05-30 14:34:57.02"/>
<row RESOURCEID="76EB509D-8D7A-4BF5-98B0-D5332EC0158C" OPERATIONID="BDE0758D-DC74-4EF5-87D9-CA7008DE2D13" CREATIONDATETIME="2017-05-30 14:34:57.037"/>
<row RESOURCEID="3719C990-A16A-43D4-B261-E29F71E9E372" OPERATIONID="CE58B145-B3FB-4EA1-AC2E-A17E3C629956" CREATIONDATETIME="2017-05-30 14:34:56.923"/>
<row RESOURCEID="3719C990-A16A-43D4-B261-E29F71E9E372" OPERATIONID="BDE0758D-DC74-4EF5-87D9-CA7008DE2D13" CREATIONDATETIME="2017-05-30 14:34:56.923"/>
<row RESOURCEID="A7297BCB-BC12-4ED4-B627-EB7F56EFEDE8" OPERATIONID="76D2C0F2-5034-435B-B654-687BA051FBD3" CREATIONDATETIME="2017-05-30 14:34:56.957"/>
<row RESOURCEID="A7297BCB-BC12-4ED4-B627-EB7F56EFEDE8" OPERATIONID="C0F098CE-817C-4865-983B-BF98BCBFEC7B" CREATIONDATETIME="2017-05-30 14:34:56.957"/>
<row RESOURCEID="A7297BCB-BC12-4ED4-B627-EB7F56EFEDE8" OPERATIONID="BDE0758D-DC74-4EF5-87D9-CA7008DE2D13" CREATIONDATETIME="2017-05-30 14:34:56.957"/>
<row RESOURCEID="BC4DE2FE-08CB-4B29-B966-EC8E5E1F51DC" OPERATIONID="4762CF3D-3CED-4848-A74A-1F55CED8ED33" CREATIONDATETIME="2017-05-30 14:34:57.04"/>
<row RESOURCEID="BC4DE2FE-08CB-4B29-B966-EC8E5E1F51DC" OPERATIONID="BDE0758D-DC74-4EF5-87D9-CA7008DE2D13" CREATIONDATETIME="2017-05-30 14:34:57.04"/>
<row RESOURCEID="778CF19B-3214-4D8D-88CB-EF35F70EC2AD" OPERATIONID="BB7A66E3-8E2C-4ABB-88E3-D86D31951CA8" CREATIONDATETIME="2017-05-30 14:34:56.93"/>
</relAppResOperation>
<RoleSettingValue ROLESETTINGVALUEID="java.lang.String" SETTINGID="java.lang.String" ROLEID="java.lang.String" SETTINGTYPE="java.lang.String" SETTINGVALUE="java.lang.String" LOCKED="java.lang.Integer" DOCUMENTTYPEID="java.lang.String" CREATIONDATETIME="java.sql.Timestamp"/>
<PrincipalObjectSettingValue PRINCIPALOBJECTSETTINGVALUEID="java.lang.String" SETTINGID="java.lang.String" PRINCIPALOBJECTID="java.lang.String" SETTINGTYPE="java.lang.String" SETTINGVALUE="java.lang.String" LOCKED="java.lang.Integer" DOCUMENTTYPEID="java.lang.String"/>
<ResultProfile RESULTPROFILEID="java.lang.String" PROFILENAME="java.lang.String" SORTITEMID="java.lang.String" SORTDIRECTION="java.lang.Integer" CREATIONDATETIME="java.sql.Timestamp"/>
<ResultProfileItem RESULTPROFILEITEMID="java.lang.String" RESULTPROFILEID="java.lang.String" FIXED="java.lang.Integer" COLUMNID="java.lang.String" COLUMNDATATYPE="java.lang.Integer" SORTORDER="java.lang.Integer" CREATIONDATETIME="java.sql.Timestamp"/>
<Search SEARCHID="java.lang.String" LISTRESULTPROFILEID="java.lang.String" DETAILSRESULTPROFILEID="java.lang.String" CRITERIAPROFILEID="java.lang.String" DOCUMENTTYPE="java.lang.String" SEARCHNAME="java.lang.String" SEARCHTYPEID="java.lang.String" OBJECTREFERENCE="java.lang.String" DEFAULTFOROBJECT="java.lang.Integer" CREATIONDATETIME="java.sql.Timestamp"/>
<SearchCriteriaItem SEARCHCRITERIAITEMID="java.lang.String" SEARCHID="java.lang.String" COLUMNID="java.lang.String" SEARCHCONDITION="java.lang.String" CONDITIONDATATYPE="java.lang.Integer" FIXED="java.lang.Integer" CREATIONDATETIME="java.sql.Timestamp"/>
</root>
