<?xml version="1.0" encoding="UTF-8"?><root>
<MetaDataName METADATANAMEID="java.lang.String" TYPEID="java.lang.String" METADATANAME="java.lang.String" DATATYPE="java.lang.Integer" MULTIPLEVALUES="java.lang.Integer" REQUIRED="java.lang.Integer" SOURCE="java.lang.String" SOURCETABLE="java.lang.String" SOURCECOLUMN="java.lang.String" USEMASK="java.lang.Integer" CREATIONDATETIME="java.sql.Timestamp"/>
<ResourceStore RESOURCESTOREID="java.lang.String" DOCUMENTTYPEID="java.lang.String" PERMISSIONSID="java.lang.String" PRINCIPALOBJECTID="java.lang.String" RESOURCETYPEID="java.lang.String" VERSION="java.lang.Integer" STATE="java.lang.Integer" RESOURCENAME="java.lang.String" DESCRIPTION="java.lang.String" EXTERNALID="java.lang.String" CREATIONDATETIME="java.sql.Timestamp">
<row RESOURCESTOREID="2C9B920A-5AFC-DEBF-015B-1107176109A2" DOCUMENTTYPEID="&lt;NULL&gt;" PERMISSIONSID="&lt;NULL&gt;" PRINCIPALOBJECTID="&lt;NULL&gt;" RESOURCETYPEID="EEA85989-E501-4B61-A219-6F81F69BBF8E" VERSION="81" STATE="-1" RESOURCENAME="Embedded text" DESCRIPTION="This is an embedded text" EXTERNALID="2c9b91d347d065d60147e96acddc073b" CREATIONDATETIME="2017-06-07 19:34:02.307"/>
<row RESOURCESTOREID="2C9B920A-5AFC-DEBF-015B-110717BF09A5" DOCUMENTTYPEID="&lt;NULL&gt;" PERMISSIONSID="&lt;NULL&gt;" PRINCIPALOBJECTID="&lt;NULL&gt;" RESOURCETYPEID="EEA85989-E501-4B61-A219-6F81F69BBF8E" VERSION="32" STATE="-1" RESOURCENAME="Embedded text" DESCRIPTION="This is an embedded text" EXTERNALID="2c9b91d351212c94015134f0e4b200fe" CREATIONDATETIME="2017-06-07 19:34:02.387"/>
<row RESOURCESTOREID="2C9B920A-5AFC-DEBF-015B-1109007309C7" DOCUMENTTYPEID="&lt;NULL&gt;" PERMISSIONSID="&lt;NULL&gt;" PRINCIPALOBJECTID="&lt;NULL&gt;" RESOURCETYPEID="EEA85989-E501-4B61-A219-6F81F69BBF8E" VERSION="10" STATE="-1" RESOURCENAME="Image Link" DESCRIPTION="This is an embedded text" EXTERNALID="2c9b91d34649282c014667f403d20205" CREATIONDATETIME="2017-06-07 19:34:02.383"/>
<row RESOURCESTOREID="2C9B920A-5AFC-DEBF-015B-110900CC09CA" DOCUMENTTYPEID="&lt;NULL&gt;" PERMISSIONSID="&lt;NULL&gt;" PRINCIPALOBJECTID="&lt;NULL&gt;" RESOURCETYPEID="EEA85989-E501-4B61-A219-6F81F69BBF8E" VERSION="9" STATE="-1" RESOURCENAME="Image Anchor" DESCRIPTION="This is an embedded text" EXTERNALID="2c9b91d34649282c014667f40f280213" CREATIONDATETIME="2017-06-07 19:34:02.373"/>
<row RESOURCESTOREID="2C9B920A-5AFC-DEBF-015B-1109014D09CD" DOCUMENTTYPEID="&lt;NULL&gt;" PERMISSIONSID="&lt;NULL&gt;" PRINCIPALOBJECTID="&lt;NULL&gt;" RESOURCETYPEID="EEA85989-E501-4B61-A219-6F81F69BBF8E" VERSION="8" STATE="-1" RESOURCENAME="Embedded text" DESCRIPTION="This is an embedded text" EXTERNALID="2c9b91d347d065d60147f42ec896102a" CREATIONDATETIME="2017-06-07 19:34:02.36"/>
<row RESOURCESTOREID="2C9B920A-5AFC-DEBF-015B-110CFF1809EF" DOCUMENTTYPEID="&lt;NULL&gt;" PERMISSIONSID="&lt;NULL&gt;" PRINCIPALOBJECTID="&lt;NULL&gt;" RESOURCETYPEID="EEA85989-E501-4B61-A219-6F81F69BBF8E" VERSION="23" STATE="-1" RESOURCENAME="Image Link" DESCRIPTION="This is an embedded text" EXTERNALID="2c9b91d347d065d601480d784c5b176f" CREATIONDATETIME="2017-06-07 19:34:02.32"/>
<row RESOURCESTOREID="2C9B920A-5AFC-DEBF-015B-11110FD30A55" DOCUMENTTYPEID="&lt;NULL&gt;" PERMISSIONSID="&lt;NULL&gt;" PRINCIPALOBJECTID="&lt;NULL&gt;" RESOURCETYPEID="EEA85989-E501-4B61-A219-6F81F69BBF8E" VERSION="11" STATE="-1" RESOURCENAME="Image Link" DESCRIPTION="This is an embedded text" EXTERNALID="2c9b91d34649282c014667f41d7a0222" CREATIONDATETIME="2017-06-07 19:34:02.34"/>
<row RESOURCESTOREID="2C9B920A-5AFC-DEBF-015B-1112155E0A77" DOCUMENTTYPEID="&lt;NULL&gt;" PERMISSIONSID="&lt;NULL&gt;" PRINCIPALOBJECTID="&lt;NULL&gt;" RESOURCETYPEID="EEA85989-E501-4B61-A219-6F81F69BBF8E" VERSION="15" STATE="-1" RESOURCENAME="Image Anchor" DESCRIPTION="This is an embedded text" EXTERNALID="2c9b91d347d065d601480d7867451786" CREATIONDATETIME="2017-06-07 19:34:02.297"/>
<row RESOURCESTOREID="2C9B920A-5AFC-DEBF-015B-111389D70A99" DOCUMENTTYPEID="&lt;NULL&gt;" PERMISSIONSID="&lt;NULL&gt;" PRINCIPALOBJECTID="&lt;NULL&gt;" RESOURCETYPEID="EEA85989-E501-4B61-A219-6F81F69BBF8E" VERSION="6" STATE="-1" RESOURCENAME="Image Anchor" DESCRIPTION="This is an embedded text" EXTERNALID="2c9b91d34649282c014667f428d00232" CREATIONDATETIME="2017-06-07 19:34:02.3"/>
<row RESOURCESTOREID="2C9B920A-5AFC-DEBF-015B-1115FEE40ABB" DOCUMENTTYPEID="&lt;NULL&gt;" PERMISSIONSID="&lt;NULL&gt;" PRINCIPALOBJECTID="&lt;NULL&gt;" RESOURCETYPEID="EEA85989-E501-4B61-A219-6F81F69BBF8E" VERSION="37" STATE="-1" RESOURCENAME="Image Link" DESCRIPTION="This is an embedded text" EXTERNALID="2c9b91d34cdc4d68014d4892d98f0436" CREATIONDATETIME="2017-06-07 19:34:02.33"/>
<row RESOURCESTOREID="2C9B920A-5AFC-DEBF-015B-1115FF4C0ABE" DOCUMENTTYPEID="&lt;NULL&gt;" PERMISSIONSID="&lt;NULL&gt;" PRINCIPALOBJECTID="&lt;NULL&gt;" RESOURCETYPEID="EEA85989-E501-4B61-A219-6F81F69BBF8E" VERSION="34" STATE="-1" RESOURCENAME="Image Link" DESCRIPTION="This is an embedded text" EXTERNALID="2c9b91d347d065d601484694d87b2b00" CREATIONDATETIME="2017-06-07 19:34:02.347"/>
<row RESOURCESTOREID="2C9B920A-5AFC-DEBF-015B-1116FA3C0AE0" DOCUMENTTYPEID="&lt;NULL&gt;" PERMISSIONSID="&lt;NULL&gt;" PRINCIPALOBJECTID="&lt;NULL&gt;" RESOURCETYPEID="EEA85989-E501-4B61-A219-6F81F69BBF8E" VERSION="25" STATE="-1" RESOURCENAME="Image Anchor" DESCRIPTION="This is an embedded text" EXTERNALID="2c9b91d34cdc4d68014d4892a94b041f" CREATIONDATETIME="2017-06-07 19:34:02.313"/>
<row RESOURCESTOREID="2C9B920A-5AFC-DEBF-015B-1116FAAC0AE3" DOCUMENTTYPEID="&lt;NULL&gt;" PERMISSIONSID="&lt;NULL&gt;" PRINCIPALOBJECTID="&lt;NULL&gt;" RESOURCETYPEID="EEA85989-E501-4B61-A219-6F81F69BBF8E" VERSION="27" STATE="-1" RESOURCENAME="Image Anchor" DESCRIPTION="Anchor Link" EXTERNALID="2c9b91d347d065d60148ae13efc43e5c" CREATIONDATETIME="2017-06-07 19:34:02.367"/>
<row RESOURCESTOREID="2C9B920A-5AFC-DEBF-015B-111B48050B05" DOCUMENTTYPEID="&lt;NULL&gt;" PERMISSIONSID="&lt;NULL&gt;" PRINCIPALOBJECTID="&lt;NULL&gt;" RESOURCETYPEID="EEA85989-E501-4B61-A219-6F81F69BBF8E" VERSION="38" STATE="-1" RESOURCENAME="Image Link" DESCRIPTION="This is an embedded text" EXTERNALID="2c9b91d34649282c014667f1f78401ce" CREATIONDATETIME="2017-06-07 19:34:02.317"/>
<row RESOURCESTOREID="2C9B920A-5AFC-DEBF-015B-111D1DC00B2A" DOCUMENTTYPEID="&lt;NULL&gt;" PERMISSIONSID="&lt;NULL&gt;" PRINCIPALOBJECTID="&lt;NULL&gt;" RESOURCETYPEID="EEA85989-E501-4B61-A219-6F81F69BBF8E" VERSION="18" STATE="-1" RESOURCENAME="Image Link" DESCRIPTION="This is an embedded text" EXTERNALID="2c9b91d34cdc4d68014d48939c42046d" CREATIONDATETIME="2017-06-07 19:34:02.283"/>
<row RESOURCESTOREID="2C9B920A-5AFC-DEBF-015B-111D1E260B2D" DOCUMENTTYPEID="&lt;NULL&gt;" PERMISSIONSID="&lt;NULL&gt;" PRINCIPALOBJECTID="&lt;NULL&gt;" RESOURCETYPEID="EEA85989-E501-4B61-A219-6F81F69BBF8E" VERSION="18" STATE="-1" RESOURCENAME="Image Anchor" DESCRIPTION="This is an embedded text" EXTERNALID="2c9b91d34cdc4d68014d4893823c0454" CREATIONDATETIME="2017-06-07 19:34:02.38"/>
<row RESOURCESTOREID="2C9B920A-5AFC-DEBF-015B-14D359ED0B4F" DOCUMENTTYPEID="&lt;NULL&gt;" PERMISSIONSID="&lt;NULL&gt;" PRINCIPALOBJECTID="&lt;NULL&gt;" RESOURCETYPEID="EEA85989-E501-4B61-A219-6F81F69BBF8E" VERSION="33" STATE="-1" RESOURCENAME="Image Anchor" DESCRIPTION="This is an embedded text" EXTERNALID="2c9b91d34649282c014667f2141801dd" CREATIONDATETIME="2017-06-07 19:34:02.357"/>
<row RESOURCESTOREID="2C9B920A-58F4-353A-015A-42C98C6C1614" DOCUMENTTYPEID="&lt;NULL&gt;" PERMISSIONSID="&lt;NULL&gt;" PRINCIPALOBJECTID="&lt;NULL&gt;" RESOURCETYPEID="60624C6A-5322-4E26-9EF9-67F810832FE0" VERSION="7" STATE="-1" RESOURCENAME="proc_residential_ebill.777.proc_residential_ebill.777" DESCRIPTION="&lt;NULL&gt;" EXTERNALID="2c9b91d34eacc13b014f2331972c066a" CREATIONDATETIME="2017-06-07 19:34:02.29"/>
<row RESOURCESTOREID="2C9B920A-58F4-353A-015A-42C9CD7B1636" DOCUMENTTYPEID="&lt;NULL&gt;" PERMISSIONSID="&lt;NULL&gt;" PRINCIPALOBJECTID="&lt;NULL&gt;" RESOURCETYPEID="60624C6A-5322-4E26-9EF9-67F810832FE0" VERSION="5" STATE="-1" RESOURCENAME="proc_residential_ebill.777.proc_residential_ebill.777" DESCRIPTION="&lt;NULL&gt;" EXTERNALID="2c9b91d34eacc13b014f23322aa50689" CREATIONDATETIME="2017-06-07 19:34:02.31"/>
<row RESOURCESTOREID="2C9B920A-58F4-353A-015A-42CA0B711658" DOCUMENTTYPEID="&lt;NULL&gt;" PERMISSIONSID="&lt;NULL&gt;" PRINCIPALOBJECTID="&lt;NULL&gt;" RESOURCETYPEID="60624C6A-5322-4E26-9EF9-67F810832FE0" VERSION="6" STATE="-1" RESOURCENAME="proc_residential_ebill.777.proc_residential_ebill.777" DESCRIPTION="&lt;NULL&gt;" EXTERNALID="2c9b91d34cdc4d68014d48a4720d0510" CREATIONDATETIME="2017-06-07 19:34:02.337"/>
<row RESOURCESTOREID="2C9B920A-58F4-353A-015A-42CA6192167A" DOCUMENTTYPEID="&lt;NULL&gt;" PERMISSIONSID="&lt;NULL&gt;" PRINCIPALOBJECTID="&lt;NULL&gt;" RESOURCETYPEID="60624C6A-5322-4E26-9EF9-67F810832FE0" VERSION="6" STATE="-1" RESOURCENAME="proc_residential_ebill.777.proc_residential_ebill.777" DESCRIPTION="&lt;NULL&gt;" EXTERNALID="2c9b91d34cdc4d68014d48a4e901052b" CREATIONDATETIME="2017-06-07 19:34:02.343"/>
<row RESOURCESTOREID="2C9B920A-58F4-353A-015A-42CD04DE169C" DOCUMENTTYPEID="&lt;NULL&gt;" PERMISSIONSID="&lt;NULL&gt;" PRINCIPALOBJECTID="&lt;NULL&gt;" RESOURCETYPEID="60624C6A-5322-4E26-9EF9-67F810832FE0" VERSION="3" STATE="-1" RESOURCENAME="proc_residential_ebill.777.proc_residential_ebill.777" DESCRIPTION="&lt;NULL&gt;" EXTERNALID="2c9b91d34cdc4d68014d48a5a3f70564" CREATIONDATETIME="2017-06-07 19:34:02.327"/>
<row RESOURCESTOREID="2C9B920A-58F4-353A-015A-42D50F8616E0" DOCUMENTTYPEID="&lt;NULL&gt;" PERMISSIONSID="&lt;NULL&gt;" PRINCIPALOBJECTID="&lt;NULL&gt;" RESOURCETYPEID="60624C6A-5322-4E26-9EF9-67F810832FE0" VERSION="4" STATE="-1" RESOURCENAME="proc_residential_ebill.777.proc_residential_ebill.777" DESCRIPTION="&lt;NULL&gt;" EXTERNALID="2c9b91d34cdc4d68014d48a6136c0581" CREATIONDATETIME="2017-06-07 19:34:02.37"/>
<row RESOURCESTOREID="2C9B91D3-47D0-65D6-0148-55E4BF912F01" DOCUMENTTYPEID="AF853455-8CD7-49C8-AA4C-C22F177C30BC" PERMISSIONSID="&lt;NULL&gt;" PRINCIPALOBJECTID="&lt;NULL&gt;" RESOURCETYPEID="EF552EBE-1665-437B-A72C-0DDAA4946265" VERSION="1" STATE="0" RESOURCENAME="proc_residential_ebill.residential_ebill" DESCRIPTION="&lt;NULL&gt;" EXTERNALID="2c9b91d347d065d6014855e4be692ee9" CREATIONDATETIME="2017-06-21 04:33:42.47"/>
<row RESOURCESTOREID="2C9B920A-5C69-D59D-015C-840BB34A100A" DOCUMENTTYPEID="AF853455-8CD7-49C8-AA4C-C22F177C30BC" PERMISSIONSID="&lt;NULL&gt;" PRINCIPALOBJECTID="&lt;NULL&gt;" RESOURCETYPEID="38CC60AE-95BC-48D1-BF5F-4321CCB9BA82" VERSION="1062" STATE="0" RESOURCENAME="residential_ebill" DESCRIPTION=" " EXTERNALID="2c9b91d34649282c014667dbaa320189" CREATIONDATETIME="2017-06-07 19:34:02.06"/>
<row RESOURCESTOREID="8A259EB9-5CA7-02C9-015C-B059F357026B" DOCUMENTTYPEID="&lt;NULL&gt;" PERMISSIONSID="&lt;NULL&gt;" PRINCIPALOBJECTID="&lt;NULL&gt;" RESOURCETYPEID="EEA85989-E501-4B61-A219-6F81F69BBF8E" VERSION="2" STATE="-1" RESOURCENAME="Image Link" DESCRIPTION="This is an embedded text" EXTERNALID="8a259eb95ca702c9015cb056c42f025b" CREATIONDATETIME="2017-06-20 14:02:19.593"/>
<row RESOURCESTOREID="8A259EB9-5CA7-02C9-015C-B05D8985027A" DOCUMENTTYPEID="&lt;NULL&gt;" PERMISSIONSID="&lt;NULL&gt;" PRINCIPALOBJECTID="&lt;NULL&gt;" RESOURCETYPEID="EEA85989-E501-4B61-A219-6F81F69BBF8E" VERSION="3" STATE="-1" RESOURCENAME="Embedded text" DESCRIPTION="This is an embedded text" EXTERNALID="8a259eb95ca702c9015cac43ece401a1" CREATIONDATETIME="2017-06-20 14:02:19.61"/>
<row RESOURCESTOREID="8A259EB9-5CA7-02C9-015C-B05D89F2027D" DOCUMENTTYPEID="&lt;NULL&gt;" PERMISSIONSID="&lt;NULL&gt;" PRINCIPALOBJECTID="&lt;NULL&gt;" RESOURCETYPEID="EEA85989-E501-4B61-A219-6F81F69BBF8E" VERSION="3" STATE="-1" RESOURCENAME="Embedded text" DESCRIPTION="This is an embedded text" EXTERNALID="8a259eb95ca702c9015cb03237a901d5" CREATIONDATETIME="2017-06-20 14:02:19.58"/>
<row RESOURCESTOREID="8A259EB9-5CA7-02C9-015C-B06A724702B4" DOCUMENTTYPEID="&lt;NULL&gt;" PERMISSIONSID="&lt;NULL&gt;" PRINCIPALOBJECTID="&lt;NULL&gt;" RESOURCETYPEID="EEA85989-E501-4B61-A219-6F81F69BBF8E" VERSION="2" STATE="-1" RESOURCENAME="Image Anchor" DESCRIPTION="This is an embedded text" EXTERNALID="8a259eb95ca702c9015cb060b1a902a3" CREATIONDATETIME="2017-06-20 14:02:19.587"/>
<row RESOURCESTOREID="8A259EB9-5CA7-02C9-015C-B06C386202C9" DOCUMENTTYPEID="&lt;NULL&gt;" PERMISSIONSID="&lt;NULL&gt;" PRINCIPALOBJECTID="&lt;NULL&gt;" RESOURCETYPEID="EEA85989-E501-4B61-A219-6F81F69BBF8E" VERSION="2" STATE="-1" RESOURCENAME="Image Link" DESCRIPTION="This is an embedded text" EXTERNALID="8a259eb95ca702c9015cb06a72b502b7" CREATIONDATETIME="2017-06-20 14:02:19.59"/>
<row RESOURCESTOREID="8A259EB9-5CA7-02C9-015C-B06E6E4E02DF" DOCUMENTTYPEID="&lt;NULL&gt;" PERMISSIONSID="&lt;NULL&gt;" PRINCIPALOBJECTID="&lt;NULL&gt;" RESOURCETYPEID="EEA85989-E501-4B61-A219-6F81F69BBF8E" VERSION="2" STATE="-1" RESOURCENAME="Image Anchor" DESCRIPTION="This is an embedded text" EXTERNALID="8a259eb95ca702c9015cb06c38b002cc" CREATIONDATETIME="2017-06-20 14:02:19.58"/>
<row RESOURCESTOREID="8A259EB9-5CA7-02C9-015C-B06EFCF902F6" DOCUMENTTYPEID="&lt;NULL&gt;" PERMISSIONSID="&lt;NULL&gt;" PRINCIPALOBJECTID="&lt;NULL&gt;" RESOURCETYPEID="EEA85989-E501-4B61-A219-6F81F69BBF8E" VERSION="2" STATE="-1" RESOURCENAME="Image Link" DESCRIPTION="This is an embedded text" EXTERNALID="8a259eb95ca702c9015cb06e6e9d02e2" CREATIONDATETIME="2017-06-20 14:02:19.603"/>
<row RESOURCESTOREID="8A259EB9-5CA7-02C9-015C-B071BB49031E" DOCUMENTTYPEID="&lt;NULL&gt;" PERMISSIONSID="&lt;NULL&gt;" PRINCIPALOBJECTID="&lt;NULL&gt;" RESOURCETYPEID="EEA85989-E501-4B61-A219-6F81F69BBF8E" VERSION="2" STATE="-1" RESOURCENAME="Image Anchor" DESCRIPTION="This is an embedded text" EXTERNALID="8a259eb95ca702c9015cb06febac0309" CREATIONDATETIME="2017-06-20 14:02:19.547"/>
<row RESOURCESTOREID="8A259EB9-5CA7-02C9-015C-B0734E270337" DOCUMENTTYPEID="&lt;NULL&gt;" PERMISSIONSID="&lt;NULL&gt;" PRINCIPALOBJECTID="&lt;NULL&gt;" RESOURCETYPEID="EEA85989-E501-4B61-A219-6F81F69BBF8E" VERSION="2" STATE="-1" RESOURCENAME="Image Link" DESCRIPTION="This is an embedded text" EXTERNALID="8a259eb95ca702c9015cb071bbc60321" CREATIONDATETIME="2017-06-20 14:02:19.533"/>
<row RESOURCESTOREID="8A259EB9-5CA7-02C9-015C-B073BEC20351" DOCUMENTTYPEID="&lt;NULL&gt;" PERMISSIONSID="&lt;NULL&gt;" PRINCIPALOBJECTID="&lt;NULL&gt;" RESOURCETYPEID="EEA85989-E501-4B61-A219-6F81F69BBF8E" VERSION="2" STATE="-1" RESOURCENAME="Image Anchor" DESCRIPTION="This is an embedded text" EXTERNALID="8a259eb95ca702c9015cb0734e75033a" CREATIONDATETIME="2017-06-20 14:02:19.543"/>
<row RESOURCESTOREID="8A259EB9-5CA7-02C9-015C-B0751693037F" DOCUMENTTYPEID="&lt;NULL&gt;" PERMISSIONSID="&lt;NULL&gt;" PRINCIPALOBJECTID="&lt;NULL&gt;" RESOURCETYPEID="EEA85989-E501-4B61-A219-6F81F69BBF8E" VERSION="2" STATE="-1" RESOURCENAME="Image Link" DESCRIPTION="This is an embedded text" EXTERNALID="8a259eb95ca702c9015cb074abbb0367" CREATIONDATETIME="2017-06-20 14:02:19.597"/>
<row RESOURCESTOREID="8A259EB9-5CA7-02C9-015C-B07632D2039B" DOCUMENTTYPEID="&lt;NULL&gt;" PERMISSIONSID="&lt;NULL&gt;" PRINCIPALOBJECTID="&lt;NULL&gt;" RESOURCETYPEID="EEA85989-E501-4B61-A219-6F81F69BBF8E" VERSION="2" STATE="-1" RESOURCENAME="Image Anchor" DESCRIPTION="This is an embedded text" EXTERNALID="8a259eb95ca702c9015cb07516f00382" CREATIONDATETIME="2017-06-20 14:02:19.613"/>
<row RESOURCESTOREID="8A259EB9-5CA7-02C9-015C-B079459203CD" DOCUMENTTYPEID="&lt;NULL&gt;" PERMISSIONSID="&lt;NULL&gt;" PRINCIPALOBJECTID="&lt;NULL&gt;" RESOURCETYPEID="EEA85989-E501-4B61-A219-6F81F69BBF8E" VERSION="2" STATE="-1" RESOURCENAME="Image Link" DESCRIPTION="This is an embedded text" EXTERNALID="8a259eb95ca702c9015cb077346d03b3" CREATIONDATETIME="2017-06-20 14:02:19.57"/>
<row RESOURCESTOREID="8A259EB9-5CA7-02C9-015C-B07A7DAD03EB" DOCUMENTTYPEID="&lt;NULL&gt;" PERMISSIONSID="&lt;NULL&gt;" PRINCIPALOBJECTID="&lt;NULL&gt;" RESOURCETYPEID="EEA85989-E501-4B61-A219-6F81F69BBF8E" VERSION="2" STATE="-1" RESOURCENAME="Image Anchor" DESCRIPTION="This is an embedded text" EXTERNALID="8a259eb95ca702c9015cb07945e003d0" CREATIONDATETIME="2017-06-20 14:02:19.517"/>
<row RESOURCESTOREID="8A259EB9-5CA7-02C9-015C-B07BA691040A" DOCUMENTTYPEID="&lt;NULL&gt;" PERMISSIONSID="&lt;NULL&gt;" PRINCIPALOBJECTID="&lt;NULL&gt;" RESOURCETYPEID="EEA85989-E501-4B61-A219-6F81F69BBF8E" VERSION="2" STATE="-1" RESOURCENAME="Image Link" DESCRIPTION="This is an embedded text" EXTERNALID="8a259eb95ca702c9015cb07a7e0b03ee" CREATIONDATETIME="2017-06-20 14:02:19.53"/>
<row RESOURCESTOREID="8A259EB9-5CA7-02C9-015C-B07DDFE6042A" DOCUMENTTYPEID="&lt;NULL&gt;" PERMISSIONSID="&lt;NULL&gt;" PRINCIPALOBJECTID="&lt;NULL&gt;" RESOURCETYPEID="EEA85989-E501-4B61-A219-6F81F69BBF8E" VERSION="2" STATE="-1" RESOURCENAME="Image Anchor" DESCRIPTION="This is an embedded text" EXTERNALID="8a259eb95ca702c9015cb07ba70e040d" CREATIONDATETIME="2017-06-20 14:02:19.52"/>
<row RESOURCESTOREID="8A259EB9-5CA7-02C9-015C-B07E7B7E044B" DOCUMENTTYPEID="&lt;NULL&gt;" PERMISSIONSID="&lt;NULL&gt;" PRINCIPALOBJECTID="&lt;NULL&gt;" RESOURCETYPEID="EEA85989-E501-4B61-A219-6F81F69BBF8E" VERSION="2" STATE="-1" RESOURCENAME="Image Link" DESCRIPTION="This is an embedded text" EXTERNALID="8a259eb95ca702c9015cb07de034042d" CREATIONDATETIME="2017-06-20 14:02:19.617"/>
<row RESOURCESTOREID="8A259EB9-5CA7-02C9-015C-B07FC784046D" DOCUMENTTYPEID="&lt;NULL&gt;" PERMISSIONSID="&lt;NULL&gt;" PRINCIPALOBJECTID="&lt;NULL&gt;" RESOURCETYPEID="EEA85989-E501-4B61-A219-6F81F69BBF8E" VERSION="2" STATE="-1" RESOURCENAME="Image Anchor" DESCRIPTION="This is an embedded text" EXTERNALID="8a259eb95ca702c9015cb07e7bdc044e" CREATIONDATETIME="2017-06-20 14:02:19.573"/>
<row RESOURCESTOREID="8A259EB9-5CA7-02C9-015C-B09964DD04E1" DOCUMENTTYPEID="9CA84B63-01B5-461B-A703-CFF49B2DEF83" PERMISSIONSID="&lt;NULL&gt;" PRINCIPALOBJECTID="&lt;NULL&gt;" RESOURCETYPEID="EF552EBE-1665-437B-A72C-0DDAA4946265" VERSION="1" STATE="0" RESOURCENAME="proc_ebill.commercial_ebill" DESCRIPTION="&lt;NULL&gt;" EXTERNALID="8a259eb95ca702c9015cb0320a1c01bc" CREATIONDATETIME="2017-06-21 04:48:45.92"/>
<row RESOURCESTOREID="8A259EB9-5CA7-02C9-015C-B09BE233058E" DOCUMENTTYPEID="&lt;NULL&gt;" PERMISSIONSID="&lt;NULL&gt;" PRINCIPALOBJECTID="&lt;NULL&gt;" RESOURCETYPEID="60624C6A-5322-4E26-9EF9-67F810832FE0" VERSION="1" STATE="-1" RESOURCENAME="proc_ebill.commercial_ebill.section1.text1" DESCRIPTION="&lt;NULL&gt;" EXTERNALID="8a259eb95ca702c9015cb09be233058d" CREATIONDATETIME="2017-06-20 14:02:19.553"/>
<row RESOURCESTOREID="8A259EB9-5CA7-02C9-015C-B09C43AF05B3" DOCUMENTTYPEID="&lt;NULL&gt;" PERMISSIONSID="&lt;NULL&gt;" PRINCIPALOBJECTID="&lt;NULL&gt;" RESOURCETYPEID="60624C6A-5322-4E26-9EF9-67F810832FE0" VERSION="1" STATE="-1" RESOURCENAME="proc_ebill.commercial_ebill.section2.text1" DESCRIPTION="&lt;NULL&gt;" EXTERNALID="8a259eb95ca702c9015cb09c43af05b2" CREATIONDATETIME="2017-06-20 14:02:19.513"/>
<row RESOURCESTOREID="8A259EB9-5CA7-02C9-015C-B09C747205D9" DOCUMENTTYPEID="&lt;NULL&gt;" PERMISSIONSID="&lt;NULL&gt;" PRINCIPALOBJECTID="&lt;NULL&gt;" RESOURCETYPEID="60624C6A-5322-4E26-9EF9-67F810832FE0" VERSION="1" STATE="-1" RESOURCENAME="proc_ebill.commercial_ebill.section2.text2" DESCRIPTION="&lt;NULL&gt;" EXTERNALID="8a259eb95ca702c9015cb09c747205d8" CREATIONDATETIME="2017-06-20 14:02:19.56"/>
<row RESOURCESTOREID="8A259EB9-5CA7-02C9-015C-B09CBB4A0600" DOCUMENTTYPEID="&lt;NULL&gt;" PERMISSIONSID="&lt;NULL&gt;" PRINCIPALOBJECTID="&lt;NULL&gt;" RESOURCETYPEID="60624C6A-5322-4E26-9EF9-67F810832FE0" VERSION="1" STATE="-1" RESOURCENAME="proc_ebill.commercial_ebill.section2.text3" DESCRIPTION="&lt;NULL&gt;" EXTERNALID="8a259eb95ca702c9015cb09cbb4a05ff" CREATIONDATETIME="2017-06-20 14:02:19.6"/>
<row RESOURCESTOREID="8A259EB9-5CA7-02C9-015C-B09CE9DC0628" DOCUMENTTYPEID="&lt;NULL&gt;" PERMISSIONSID="&lt;NULL&gt;" PRINCIPALOBJECTID="&lt;NULL&gt;" RESOURCETYPEID="60624C6A-5322-4E26-9EF9-67F810832FE0" VERSION="1" STATE="-1" RESOURCENAME="proc_ebill.commercial_ebill.section2.text4" DESCRIPTION="&lt;NULL&gt;" EXTERNALID="8a259eb95ca702c9015cb09ce9dc0627" CREATIONDATETIME="2017-06-20 14:02:19.523"/>
<row RESOURCESTOREID="8A259EB9-5CA7-02C9-015C-B09D68D40651" DOCUMENTTYPEID="&lt;NULL&gt;" PERMISSIONSID="&lt;NULL&gt;" PRINCIPALOBJECTID="&lt;NULL&gt;" RESOURCETYPEID="60624C6A-5322-4E26-9EF9-67F810832FE0" VERSION="1" STATE="-1" RESOURCENAME="proc_ebill.commercial_ebill.section4.text1" DESCRIPTION="&lt;NULL&gt;" EXTERNALID="8a259eb95ca702c9015cb09d68d40650" CREATIONDATETIME="2017-06-20 14:02:19.567"/>
<row RESOURCESTOREID="8A259EB9-5CA7-02C9-015C-B09D977F067B" DOCUMENTTYPEID="&lt;NULL&gt;" PERMISSIONSID="&lt;NULL&gt;" PRINCIPALOBJECTID="&lt;NULL&gt;" RESOURCETYPEID="60624C6A-5322-4E26-9EF9-67F810832FE0" VERSION="1" STATE="-1" RESOURCENAME="proc_ebill.commercial_ebill.section4.text2" DESCRIPTION="&lt;NULL&gt;" EXTERNALID="8a259eb95ca702c9015cb09d977f067a" CREATIONDATETIME="2017-06-20 14:02:19.55"/>
<row RESOURCESTOREID="8A259EB9-5CA7-02C9-015C-B09DC18306A6" DOCUMENTTYPEID="&lt;NULL&gt;" PERMISSIONSID="&lt;NULL&gt;" PRINCIPALOBJECTID="&lt;NULL&gt;" RESOURCETYPEID="60624C6A-5322-4E26-9EF9-67F810832FE0" VERSION="1" STATE="-1" RESOURCENAME="proc_ebill.commercial_ebill.section4.text4" DESCRIPTION="&lt;NULL&gt;" EXTERNALID="8a259eb95ca702c9015cb09dc18306a5" CREATIONDATETIME="2017-06-20 14:02:19.54"/>
<row RESOURCESTOREID="8A259EB9-5CA7-02C9-015C-B0A08F1C0703" DOCUMENTTYPEID="&lt;NULL&gt;" PERMISSIONSID="&lt;NULL&gt;" PRINCIPALOBJECTID="&lt;NULL&gt;" RESOURCETYPEID="60624C6A-5322-4E26-9EF9-67F810832FE0" VERSION="1" STATE="-1" RESOURCENAME="proc_ebill.commercial_ebill.section1.text2" DESCRIPTION="&lt;NULL&gt;" EXTERNALID="8a259eb95ca702c9015cb0a08f1c0702" CREATIONDATETIME="2017-06-20 14:02:19.51"/>
<row RESOURCESTOREID="2C9B91D3-5459-260D-0154-C44543290024" DOCUMENTTYPEID="&lt;NULL&gt;" PERMISSIONSID="&lt;NULL&gt;" PRINCIPALOBJECTID="&lt;NULL&gt;" RESOURCETYPEID="60624C6A-5322-4E26-9EF9-67F810832FE0" VERSION="5" STATE="-1" RESOURCENAME="proc_residential_ebill.777.proc_residential_ebill.777" DESCRIPTION="&lt;NULL&gt;" EXTERNALID="2c9b91d351212c94015134f938a301a1" CREATIONDATETIME="2017-06-07 19:34:02.287"/>
<row RESOURCESTOREID="2C9B91D3-5459-260D-0154-C44663480068" DOCUMENTTYPEID="&lt;NULL&gt;" PERMISSIONSID="&lt;NULL&gt;" PRINCIPALOBJECTID="&lt;NULL&gt;" RESOURCETYPEID="60624C6A-5322-4E26-9EF9-67F810832FE0" VERSION="4" STATE="-1" RESOURCENAME="proc_residential_ebill.777.proc_residential_ebill.777" DESCRIPTION="&lt;NULL&gt;" EXTERNALID="2c9b91d351212c94015134ef691c00dd" CREATIONDATETIME="2017-06-07 19:34:02.353"/>
<row RESOURCESTOREID="2C9B920A-5CBE-2786-015C-C5C4B92A0031" DOCUMENTTYPEID="AF853455-8CD7-49C8-AA4C-C22F177C30BC" PERMISSIONSID="&lt;NULL&gt;" PRINCIPALOBJECTID="&lt;NULL&gt;" RESOURCETYPEID="38CC60AE-95BC-48D1-BF5F-4321CCB9BA82" VERSION="1069" STATE="0" RESOURCENAME="residential_ebill" DESCRIPTION=" " EXTERNALID="2c9b91d34649282c014667dbaa320189" CREATIONDATETIME="2017-06-20 13:50:47.893"/>
<row RESOURCESTOREID="2C9B920A-5CBE-2786-015C-C5CDD6AE004A" DOCUMENTTYPEID="AF853455-8CD7-49C8-AA4C-C22F177C30BC" PERMISSIONSID="&lt;NULL&gt;" PRINCIPALOBJECTID="&lt;NULL&gt;" RESOURCETYPEID="38CC60AE-95BC-48D1-BF5F-4321CCB9BA82" VERSION="1070" STATE="0" RESOURCENAME="residential_ebill" DESCRIPTION=" " EXTERNALID="2c9b91d34649282c014667dbaa320189" CREATIONDATETIME="2017-06-20 14:02:26.327"/>
<row RESOURCESTOREID="2C9B920A-5CBE-2786-015C-C5CDD7980053" DOCUMENTTYPEID="9CA84B63-01B5-461B-A703-CFF49B2DEF83" PERMISSIONSID="&lt;NULL&gt;" PRINCIPALOBJECTID="&lt;NULL&gt;" RESOURCETYPEID="38CC60AE-95BC-48D1-BF5F-4321CCB9BA82" VERSION="56" STATE="0" RESOURCENAME="commercial_ebill" DESCRIPTION=" " EXTERNALID="8a259eb95ca702c9015cac43d03f019c" CREATIONDATETIME="2017-06-20 14:02:19.27"/>
<row RESOURCESTOREID="2C9B920A-5CBE-2786-015C-C8ECE27400CC" DOCUMENTTYPEID="&lt;NULL&gt;" PERMISSIONSID="&lt;NULL&gt;" PRINCIPALOBJECTID="&lt;NULL&gt;" RESOURCETYPEID="EEA85989-E501-4B61-A219-6F81F69BBF8E" VERSION="82" STATE="-1" RESOURCENAME="Embedded text" DESCRIPTION="This is an embedded text" EXTERNALID="2c9b91d347d065d60147e96acddc073b" CREATIONDATETIME="2017-06-21 04:33:42.55"/>
<row RESOURCESTOREID="2C9B920A-5CBE-2786-015C-C8ECE2D200CF" DOCUMENTTYPEID="&lt;NULL&gt;" PERMISSIONSID="&lt;NULL&gt;" PRINCIPALOBJECTID="&lt;NULL&gt;" RESOURCETYPEID="EEA85989-E501-4B61-A219-6F81F69BBF8E" VERSION="33" STATE="-1" RESOURCENAME="Embedded text" DESCRIPTION="This is an embedded text" EXTERNALID="2c9b91d351212c94015134f0e4b200fe" CREATIONDATETIME="2017-06-21 04:33:42.613"/>
<row RESOURCESTOREID="2C9B920A-5CBE-2786-015C-C8ED5AA20110" DOCUMENTTYPEID="AF853455-8CD7-49C8-AA4C-C22F177C30BC" PERMISSIONSID="&lt;NULL&gt;" PRINCIPALOBJECTID="&lt;NULL&gt;" RESOURCETYPEID="38CC60AE-95BC-48D1-BF5F-4321CCB9BA82" VERSION="1075" STATE="-1" RESOURCENAME="residential_ebill" DESCRIPTION=" " EXTERNALID="2c9b91d34649282c014667dbaa320189" CREATIONDATETIME="2017-06-21 04:33:42.363"/>
<row RESOURCESTOREID="2C9B920A-5CBE-2786-015C-C8FAEBAF0170" DOCUMENTTYPEID="&lt;NULL&gt;" PERMISSIONSID="&lt;NULL&gt;" PRINCIPALOBJECTID="&lt;NULL&gt;" RESOURCETYPEID="EEA85989-E501-4B61-A219-6F81F69BBF8E" VERSION="4" STATE="-1" RESOURCENAME="Embedded text" DESCRIPTION="This is an embedded text" EXTERNALID="8a259eb95ca702c9015cac43ece401a1" CREATIONDATETIME="2017-06-21 04:48:45.98"/>
<row RESOURCESTOREID="2C9B920A-5CBE-2786-015C-C8FAEBDE0173" DOCUMENTTYPEID="&lt;NULL&gt;" PERMISSIONSID="&lt;NULL&gt;" PRINCIPALOBJECTID="&lt;NULL&gt;" RESOURCETYPEID="EEA85989-E501-4B61-A219-6F81F69BBF8E" VERSION="4" STATE="-1" RESOURCENAME="Embedded text" DESCRIPTION="This is an embedded text" EXTERNALID="8a259eb95ca702c9015cb03237a901d5" CREATIONDATETIME="2017-06-21 04:48:46.043"/>
<row RESOURCESTOREID="2C9B920A-5CBE-2786-015C-C8FB35990198" DOCUMENTTYPEID="9CA84B63-01B5-461B-A703-CFF49B2DEF83" PERMISSIONSID="&lt;NULL&gt;" PRINCIPALOBJECTID="&lt;NULL&gt;" RESOURCETYPEID="38CC60AE-95BC-48D1-BF5F-4321CCB9BA82" VERSION="60" STATE="-1" RESOURCENAME="commercial_ebill" DESCRIPTION=" " EXTERNALID="8a259eb95ca702c9015cac43d03f019c" CREATIONDATETIME="2017-06-21 04:48:45.827"/>
</ResourceStore>
<BlobInfo PARTID="java.lang.String" TRACKERID="java.lang.String" CREATIONDATETIME="java.sql.Timestamp" EXPIRINGDATETIME="java.sql.Timestamp" LASTACCESSTIME="java.sql.Timestamp" MODIFYDATETIME="java.sql.Timestamp" TOTALBLOBSIZE="java.lang.Long" CHUNKSIZE="java.lang.Integer" CONTENTTYPE="java.lang.String" CONTROLFLAGS="java.lang.Integer">
<row PARTID="2C9B920A-5AFC-DEBF-015B-1107176109A2" TRACKERID="2C9B920A-5AFC-DEBF-015B-1107176109A2" CREATIONDATETIME="2017-06-07 19:34:02.307" EXPIRINGDATETIME="2027-06-18 15:02:26.0" LASTACCESSTIME="&lt;NULL&gt;" MODIFYDATETIME="&lt;NULL&gt;" TOTALBLOBSIZE="1269" CHUNKSIZE="2147483546" CONTENTTYPE="application/xhtml+xml" CONTROLFLAGS="0"/>
<row PARTID="2C9B920A-5AFC-DEBF-015B-110717BF09A5" TRACKERID="2C9B920A-5AFC-DEBF-015B-110717BF09A5" CREATIONDATETIME="2017-06-07 19:34:02.387" EXPIRINGDATETIME="2027-06-18 15:02:26.0" LASTACCESSTIME="&lt;NULL&gt;" MODIFYDATETIME="&lt;NULL&gt;" TOTALBLOBSIZE="1269" CHUNKSIZE="2147483546" CONTENTTYPE="application/xhtml+xml" CONTROLFLAGS="0"/>
<row PARTID="2C9B920A-5AFC-DEBF-015B-1109007309C7" TRACKERID="2C9B920A-5AFC-DEBF-015B-1109007309C7" CREATIONDATETIME="2017-06-07 19:34:02.383" EXPIRINGDATETIME="2027-06-19 05:33:42.0" LASTACCESSTIME="&lt;NULL&gt;" MODIFYDATETIME="&lt;NULL&gt;" TOTALBLOBSIZE="262" CHUNKSIZE="2147483546" CONTENTTYPE="application/xhtml+xml" CONTROLFLAGS="0"/>
<row PARTID="2C9B920A-5AFC-DEBF-015B-110900CC09CA" TRACKERID="2C9B920A-5AFC-DEBF-015B-110900CC09CA" CREATIONDATETIME="2017-06-07 19:34:02.377" EXPIRINGDATETIME="2027-06-19 05:33:42.0" LASTACCESSTIME="&lt;NULL&gt;" MODIFYDATETIME="&lt;NULL&gt;" TOTALBLOBSIZE="1" CHUNKSIZE="2147483546" CONTENTTYPE="application/xhtml+xml" CONTROLFLAGS="0"/>
<row PARTID="2C9B920A-5AFC-DEBF-015B-1109014D09CD" TRACKERID="2C9B920A-5AFC-DEBF-015B-1109014D09CD" CREATIONDATETIME="2017-06-07 19:34:02.36" EXPIRINGDATETIME="2027-06-19 05:33:42.0" LASTACCESSTIME="&lt;NULL&gt;" MODIFYDATETIME="&lt;NULL&gt;" TOTALBLOBSIZE="24" CHUNKSIZE="2147483546" CONTENTTYPE="application/xhtml+xml" CONTROLFLAGS="0"/>
<row PARTID="2C9B920A-5AFC-DEBF-015B-110CFF1809EF" TRACKERID="2C9B920A-5AFC-DEBF-015B-110CFF1809EF" CREATIONDATETIME="2017-06-07 19:34:02.323" EXPIRINGDATETIME="2027-06-19 05:33:42.0" LASTACCESSTIME="&lt;NULL&gt;" MODIFYDATETIME="&lt;NULL&gt;" TOTALBLOBSIZE="258" CHUNKSIZE="2147483546" CONTENTTYPE="application/xhtml+xml" CONTROLFLAGS="0"/>
<row PARTID="2C9B920A-5AFC-DEBF-015B-11110FD30A55" TRACKERID="2C9B920A-5AFC-DEBF-015B-11110FD30A55" CREATIONDATETIME="2017-06-07 19:34:02.34" EXPIRINGDATETIME="2027-06-19 05:33:42.0" LASTACCESSTIME="&lt;NULL&gt;" MODIFYDATETIME="&lt;NULL&gt;" TOTALBLOBSIZE="262" CHUNKSIZE="2147483546" CONTENTTYPE="application/xhtml+xml" CONTROLFLAGS="0"/>
<row PARTID="2C9B920A-5AFC-DEBF-015B-1112155E0A77" TRACKERID="2C9B920A-5AFC-DEBF-015B-1112155E0A77" CREATIONDATETIME="2017-06-07 19:34:02.297" EXPIRINGDATETIME="2027-06-19 05:33:42.0" LASTACCESSTIME="&lt;NULL&gt;" MODIFYDATETIME="&lt;NULL&gt;" TOTALBLOBSIZE="268" CHUNKSIZE="2147483546" CONTENTTYPE="application/xhtml+xml" CONTROLFLAGS="0"/>
<row PARTID="2C9B920A-5AFC-DEBF-015B-111389D70A99" TRACKERID="2C9B920A-5AFC-DEBF-015B-111389D70A99" CREATIONDATETIME="2017-06-07 19:34:02.3" EXPIRINGDATETIME="2027-06-19 05:33:42.0" LASTACCESSTIME="&lt;NULL&gt;" MODIFYDATETIME="&lt;NULL&gt;" TOTALBLOBSIZE="272" CHUNKSIZE="2147483546" CONTENTTYPE="application/xhtml+xml" CONTROLFLAGS="0"/>
<row PARTID="2C9B920A-5AFC-DEBF-015B-1115FEE40ABB" TRACKERID="2C9B920A-5AFC-DEBF-015B-1115FEE40ABB" CREATIONDATETIME="2017-06-07 19:34:02.33" EXPIRINGDATETIME="2027-06-19 05:33:42.0" LASTACCESSTIME="&lt;NULL&gt;" MODIFYDATETIME="&lt;NULL&gt;" TOTALBLOBSIZE="266" CHUNKSIZE="2147483546" CONTENTTYPE="application/xhtml+xml" CONTROLFLAGS="0"/>
<row PARTID="2C9B920A-5AFC-DEBF-015B-1115FF4C0ABE" TRACKERID="2C9B920A-5AFC-DEBF-015B-1115FF4C0ABE" CREATIONDATETIME="2017-06-07 19:34:02.35" EXPIRINGDATETIME="2027-06-19 05:33:42.0" LASTACCESSTIME="&lt;NULL&gt;" MODIFYDATETIME="&lt;NULL&gt;" TOTALBLOBSIZE="266" CHUNKSIZE="2147483546" CONTENTTYPE="application/xhtml+xml" CONTROLFLAGS="0"/>
<row PARTID="2C9B920A-5AFC-DEBF-015B-1116FA3C0AE0" TRACKERID="2C9B920A-5AFC-DEBF-015B-1116FA3C0AE0" CREATIONDATETIME="2017-06-07 19:34:02.313" EXPIRINGDATETIME="2027-06-19 05:33:42.0" LASTACCESSTIME="&lt;NULL&gt;" MODIFYDATETIME="&lt;NULL&gt;" TOTALBLOBSIZE="250" CHUNKSIZE="2147483546" CONTENTTYPE="application/xhtml+xml" CONTROLFLAGS="0"/>
<row PARTID="2C9B920A-5AFC-DEBF-015B-1116FAAC0AE3" TRACKERID="2C9B920A-5AFC-DEBF-015B-1116FAAC0AE3" CREATIONDATETIME="2017-06-07 19:34:02.367" EXPIRINGDATETIME="2027-06-19 05:33:42.0" LASTACCESSTIME="&lt;NULL&gt;" MODIFYDATETIME="&lt;NULL&gt;" TOTALBLOBSIZE="250" CHUNKSIZE="2147483546" CONTENTTYPE="application/xhtml+xml" CONTROLFLAGS="0"/>
<row PARTID="2C9B920A-5AFC-DEBF-015B-111B48050B05" TRACKERID="2C9B920A-5AFC-DEBF-015B-111B48050B05" CREATIONDATETIME="2017-06-07 19:34:02.32" EXPIRINGDATETIME="2027-06-19 05:33:42.0" LASTACCESSTIME="&lt;NULL&gt;" MODIFYDATETIME="&lt;NULL&gt;" TOTALBLOBSIZE="272" CHUNKSIZE="2147483546" CONTENTTYPE="application/xhtml+xml" CONTROLFLAGS="0"/>
<row PARTID="2C9B920A-5AFC-DEBF-015B-111D1DC00B2A" TRACKERID="2C9B920A-5AFC-DEBF-015B-111D1DC00B2A" CREATIONDATETIME="2017-06-07 19:34:02.283" EXPIRINGDATETIME="2027-06-19 05:33:42.0" LASTACCESSTIME="&lt;NULL&gt;" MODIFYDATETIME="&lt;NULL&gt;" TOTALBLOBSIZE="264" CHUNKSIZE="2147483546" CONTENTTYPE="application/xhtml+xml" CONTROLFLAGS="0"/>
<row PARTID="2C9B920A-5AFC-DEBF-015B-111D1E260B2D" TRACKERID="2C9B920A-5AFC-DEBF-015B-111D1E260B2D" CREATIONDATETIME="2017-06-07 19:34:02.38" EXPIRINGDATETIME="2027-06-19 05:33:42.0" LASTACCESSTIME="&lt;NULL&gt;" MODIFYDATETIME="&lt;NULL&gt;" TOTALBLOBSIZE="286" CHUNKSIZE="2147483546" CONTENTTYPE="application/xhtml+xml" CONTROLFLAGS="0"/>
<row PARTID="2C9B920A-5AFC-DEBF-015B-14D359ED0B4F" TRACKERID="2C9B920A-5AFC-DEBF-015B-14D359ED0B4F" CREATIONDATETIME="2017-06-07 19:34:02.357" EXPIRINGDATETIME="2027-06-19 05:33:42.0" LASTACCESSTIME="&lt;NULL&gt;" MODIFYDATETIME="&lt;NULL&gt;" TOTALBLOBSIZE="64" CHUNKSIZE="2147483546" CONTENTTYPE="application/xhtml+xml" CONTROLFLAGS="0"/>
<row PARTID="2C9B920A-58F4-353A-015A-42C98C6C1614" TRACKERID="2C9B920A-58F4-353A-015A-42C98C6C1614" CREATIONDATETIME="2017-06-07 19:34:02.293" EXPIRINGDATETIME="2027-06-19 05:33:42.0" LASTACCESSTIME="&lt;NULL&gt;" MODIFYDATETIME="&lt;NULL&gt;" TOTALBLOBSIZE="808" CHUNKSIZE="2147483546" CONTENTTYPE="application/xml" CONTROLFLAGS="0"/>
<row PARTID="2C9B920A-58F4-353A-015A-42C9CD7B1636" TRACKERID="2C9B920A-58F4-353A-015A-42C9CD7B1636" CREATIONDATETIME="2017-06-07 19:34:02.31" EXPIRINGDATETIME="2027-06-19 05:33:42.0" LASTACCESSTIME="&lt;NULL&gt;" MODIFYDATETIME="&lt;NULL&gt;" TOTALBLOBSIZE="808" CHUNKSIZE="2147483546" CONTENTTYPE="application/xml" CONTROLFLAGS="0"/>
<row PARTID="2C9B920A-58F4-353A-015A-42CA0B711658" TRACKERID="2C9B920A-58F4-353A-015A-42CA0B711658" CREATIONDATETIME="2017-06-07 19:34:02.337" EXPIRINGDATETIME="2027-06-19 05:33:42.0" LASTACCESSTIME="&lt;NULL&gt;" MODIFYDATETIME="&lt;NULL&gt;" TOTALBLOBSIZE="808" CHUNKSIZE="2147483546" CONTENTTYPE="application/xml" CONTROLFLAGS="0"/>
<row PARTID="2C9B920A-58F4-353A-015A-42CA6192167A" TRACKERID="2C9B920A-58F4-353A-015A-42CA6192167A" CREATIONDATETIME="2017-06-07 19:34:02.343" EXPIRINGDATETIME="2027-06-19 05:33:42.0" LASTACCESSTIME="&lt;NULL&gt;" MODIFYDATETIME="&lt;NULL&gt;" TOTALBLOBSIZE="808" CHUNKSIZE="2147483546" CONTENTTYPE="application/xml" CONTROLFLAGS="0"/>
<row PARTID="2C9B920A-58F4-353A-015A-42CD04DE169C" TRACKERID="2C9B920A-58F4-353A-015A-42CD04DE169C" CREATIONDATETIME="2017-06-07 19:34:02.327" EXPIRINGDATETIME="2027-06-19 05:33:42.0" LASTACCESSTIME="&lt;NULL&gt;" MODIFYDATETIME="&lt;NULL&gt;" TOTALBLOBSIZE="808" CHUNKSIZE="2147483546" CONTENTTYPE="application/xml" CONTROLFLAGS="0"/>
<row PARTID="2C9B920A-58F4-353A-015A-42D50F8616E0" TRACKERID="2C9B920A-58F4-353A-015A-42D50F8616E0" CREATIONDATETIME="2017-06-07 19:34:02.37" EXPIRINGDATETIME="2027-06-19 05:33:42.0" LASTACCESSTIME="&lt;NULL&gt;" MODIFYDATETIME="&lt;NULL&gt;" TOTALBLOBSIZE="808" CHUNKSIZE="2147483546" CONTENTTYPE="application/xml" CONTROLFLAGS="0"/>
<row PARTID="2C9B91D3-47D0-65D6-0148-55E4BF912F01" TRACKERID="2C9B91D3-47D0-65D6-0148-55E4BF912F01" CREATIONDATETIME="2017-06-21 04:33:42.473" EXPIRINGDATETIME="2037-06-21 05:33:43.0" LASTACCESSTIME="2017-06-21 04:33:43.28" MODIFYDATETIME="&lt;NULL&gt;" TOTALBLOBSIZE="851" CHUNKSIZE="2147483546" CONTENTTYPE="application/xml" CONTROLFLAGS="0"/>
<row PARTID="2C9B920A-5C69-D59D-015C-840BB34A100A" TRACKERID="2C9B920A-5C69-D59D-015C-840BB34A100A" CREATIONDATETIME="2017-06-07 19:34:02.06" EXPIRINGDATETIME="2027-06-19 05:33:38.0" LASTACCESSTIME="&lt;NULL&gt;" MODIFYDATETIME="&lt;NULL&gt;" TOTALBLOBSIZE="5320" CHUNKSIZE="2147483546" CONTENTTYPE="application/xml" CONTROLFLAGS="0"/>
<row PARTID="8A259EB9-5CA7-02C9-015C-B059F357026B" TRACKERID="8A259EB9-5CA7-02C9-015C-B059F357026B" CREATIONDATETIME="2017-06-20 14:02:19.593" EXPIRINGDATETIME="2027-06-19 05:48:46.0" LASTACCESSTIME="&lt;NULL&gt;" MODIFYDATETIME="&lt;NULL&gt;" TOTALBLOBSIZE="266" CHUNKSIZE="2147483546" CONTENTTYPE="application/xhtml+xml" CONTROLFLAGS="0"/>
<row PARTID="8A259EB9-5CA7-02C9-015C-B05D8985027A" TRACKERID="8A259EB9-5CA7-02C9-015C-B05D8985027A" CREATIONDATETIME="2017-06-20 14:02:19.61" EXPIRINGDATETIME="2027-06-18 15:02:19.0" LASTACCESSTIME="&lt;NULL&gt;" MODIFYDATETIME="&lt;NULL&gt;" TOTALBLOBSIZE="1506" CHUNKSIZE="2147483546" CONTENTTYPE="application/xhtml+xml" CONTROLFLAGS="0"/>
<row PARTID="8A259EB9-5CA7-02C9-015C-B05D89F2027D" TRACKERID="8A259EB9-5CA7-02C9-015C-B05D89F2027D" CREATIONDATETIME="2017-06-20 14:02:19.58" EXPIRINGDATETIME="2027-06-18 15:02:19.0" LASTACCESSTIME="&lt;NULL&gt;" MODIFYDATETIME="&lt;NULL&gt;" TOTALBLOBSIZE="1508" CHUNKSIZE="2147483546" CONTENTTYPE="application/xhtml+xml" CONTROLFLAGS="0"/>
<row PARTID="8A259EB9-5CA7-02C9-015C-B06A724702B4" TRACKERID="8A259EB9-5CA7-02C9-015C-B06A724702B4" CREATIONDATETIME="2017-06-20 14:02:19.587" EXPIRINGDATETIME="2027-06-19 05:48:46.0" LASTACCESSTIME="&lt;NULL&gt;" MODIFYDATETIME="&lt;NULL&gt;" TOTALBLOBSIZE="64" CHUNKSIZE="2147483546" CONTENTTYPE="application/xhtml+xml" CONTROLFLAGS="0"/>
<row PARTID="8A259EB9-5CA7-02C9-015C-B06C386202C9" TRACKERID="8A259EB9-5CA7-02C9-015C-B06C386202C9" CREATIONDATETIME="2017-06-20 14:02:19.59" EXPIRINGDATETIME="2027-06-19 05:48:46.0" LASTACCESSTIME="&lt;NULL&gt;" MODIFYDATETIME="&lt;NULL&gt;" TOTALBLOBSIZE="268" CHUNKSIZE="2147483546" CONTENTTYPE="application/xhtml+xml" CONTROLFLAGS="0"/>
<row PARTID="8A259EB9-5CA7-02C9-015C-B06E6E4E02DF" TRACKERID="8A259EB9-5CA7-02C9-015C-B06E6E4E02DF" CREATIONDATETIME="2017-06-20 14:02:19.58" EXPIRINGDATETIME="2027-06-19 05:48:46.0" LASTACCESSTIME="&lt;NULL&gt;" MODIFYDATETIME="&lt;NULL&gt;" TOTALBLOBSIZE="64" CHUNKSIZE="2147483546" CONTENTTYPE="application/xhtml+xml" CONTROLFLAGS="0"/>
<row PARTID="8A259EB9-5CA7-02C9-015C-B06EFCF902F6" TRACKERID="8A259EB9-5CA7-02C9-015C-B06EFCF902F6" CREATIONDATETIME="2017-06-20 14:02:19.603" EXPIRINGDATETIME="2027-06-19 05:48:46.0" LASTACCESSTIME="&lt;NULL&gt;" MODIFYDATETIME="&lt;NULL&gt;" TOTALBLOBSIZE="280" CHUNKSIZE="2147483546" CONTENTTYPE="application/xhtml+xml" CONTROLFLAGS="0"/>
<row PARTID="8A259EB9-5CA7-02C9-015C-B071BB49031E" TRACKERID="8A259EB9-5CA7-02C9-015C-B071BB49031E" CREATIONDATETIME="2017-06-20 14:02:19.547" EXPIRINGDATETIME="2027-06-19 05:48:46.0" LASTACCESSTIME="&lt;NULL&gt;" MODIFYDATETIME="&lt;NULL&gt;" TOTALBLOBSIZE="64" CHUNKSIZE="2147483546" CONTENTTYPE="application/xhtml+xml" CONTROLFLAGS="0"/>
<row PARTID="8A259EB9-5CA7-02C9-015C-B0734E270337" TRACKERID="8A259EB9-5CA7-02C9-015C-B0734E270337" CREATIONDATETIME="2017-06-20 14:02:19.533" EXPIRINGDATETIME="2027-06-19 05:48:46.0" LASTACCESSTIME="&lt;NULL&gt;" MODIFYDATETIME="&lt;NULL&gt;" TOTALBLOBSIZE="280" CHUNKSIZE="2147483546" CONTENTTYPE="application/xhtml+xml" CONTROLFLAGS="0"/>
<row PARTID="8A259EB9-5CA7-02C9-015C-B073BEC20351" TRACKERID="8A259EB9-5CA7-02C9-015C-B073BEC20351" CREATIONDATETIME="2017-06-20 14:02:19.543" EXPIRINGDATETIME="2027-06-19 05:48:46.0" LASTACCESSTIME="&lt;NULL&gt;" MODIFYDATETIME="&lt;NULL&gt;" TOTALBLOBSIZE="64" CHUNKSIZE="2147483546" CONTENTTYPE="application/xhtml+xml" CONTROLFLAGS="0"/>
<row PARTID="8A259EB9-5CA7-02C9-015C-B0751693037F" TRACKERID="8A259EB9-5CA7-02C9-015C-B0751693037F" CREATIONDATETIME="2017-06-20 14:02:19.597" EXPIRINGDATETIME="2027-06-19 05:48:46.0" LASTACCESSTIME="&lt;NULL&gt;" MODIFYDATETIME="&lt;NULL&gt;" TOTALBLOBSIZE="280" CHUNKSIZE="2147483546" CONTENTTYPE="application/xhtml+xml" CONTROLFLAGS="0"/>
<row PARTID="8A259EB9-5CA7-02C9-015C-B07632D2039B" TRACKERID="8A259EB9-5CA7-02C9-015C-B07632D2039B" CREATIONDATETIME="2017-06-20 14:02:19.613" EXPIRINGDATETIME="2027-06-19 05:48:46.0" LASTACCESSTIME="&lt;NULL&gt;" MODIFYDATETIME="&lt;NULL&gt;" TOTALBLOBSIZE="64" CHUNKSIZE="2147483546" CONTENTTYPE="application/xhtml+xml" CONTROLFLAGS="0"/>
<row PARTID="8A259EB9-5CA7-02C9-015C-B079459203CD" TRACKERID="8A259EB9-5CA7-02C9-015C-B079459203CD" CREATIONDATETIME="2017-06-20 14:02:19.57" EXPIRINGDATETIME="2027-06-19 05:48:46.0" LASTACCESSTIME="&lt;NULL&gt;" MODIFYDATETIME="&lt;NULL&gt;" TOTALBLOBSIZE="272" CHUNKSIZE="2147483546" CONTENTTYPE="application/xhtml+xml" CONTROLFLAGS="0"/>
<row PARTID="8A259EB9-5CA7-02C9-015C-B07A7DAD03EB" TRACKERID="8A259EB9-5CA7-02C9-015C-B07A7DAD03EB" CREATIONDATETIME="2017-06-20 14:02:19.52" EXPIRINGDATETIME="2027-06-19 05:48:46.0" LASTACCESSTIME="&lt;NULL&gt;" MODIFYDATETIME="&lt;NULL&gt;" TOTALBLOBSIZE="286" CHUNKSIZE="2147483546" CONTENTTYPE="application/xhtml+xml" CONTROLFLAGS="0"/>
<row PARTID="8A259EB9-5CA7-02C9-015C-B07BA691040A" TRACKERID="8A259EB9-5CA7-02C9-015C-B07BA691040A" CREATIONDATETIME="2017-06-20 14:02:19.53" EXPIRINGDATETIME="2027-06-19 05:48:46.0" LASTACCESSTIME="&lt;NULL&gt;" MODIFYDATETIME="&lt;NULL&gt;" TOTALBLOBSIZE="272" CHUNKSIZE="2147483546" CONTENTTYPE="application/xhtml+xml" CONTROLFLAGS="0"/>
<row PARTID="8A259EB9-5CA7-02C9-015C-B07DDFE6042A" TRACKERID="8A259EB9-5CA7-02C9-015C-B07DDFE6042A" CREATIONDATETIME="2017-06-20 14:02:19.523" EXPIRINGDATETIME="2027-06-19 05:48:46.0" LASTACCESSTIME="&lt;NULL&gt;" MODIFYDATETIME="&lt;NULL&gt;" TOTALBLOBSIZE="286" CHUNKSIZE="2147483546" CONTENTTYPE="application/xhtml+xml" CONTROLFLAGS="0"/>
<row PARTID="8A259EB9-5CA7-02C9-015C-B07E7B7E044B" TRACKERID="8A259EB9-5CA7-02C9-015C-B07E7B7E044B" CREATIONDATETIME="2017-06-20 14:02:19.617" EXPIRINGDATETIME="2027-06-19 05:48:46.0" LASTACCESSTIME="&lt;NULL&gt;" MODIFYDATETIME="&lt;NULL&gt;" TOTALBLOBSIZE="270" CHUNKSIZE="2147483546" CONTENTTYPE="application/xhtml+xml" CONTROLFLAGS="0"/>
<row PARTID="8A259EB9-5CA7-02C9-015C-B07FC784046D" TRACKERID="8A259EB9-5CA7-02C9-015C-B07FC784046D" CREATIONDATETIME="2017-06-20 14:02:19.577" EXPIRINGDATETIME="2027-06-19 05:48:46.0" LASTACCESSTIME="&lt;NULL&gt;" MODIFYDATETIME="&lt;NULL&gt;" TOTALBLOBSIZE="64" CHUNKSIZE="2147483546" CONTENTTYPE="application/xhtml+xml" CONTROLFLAGS="0"/>
<row PARTID="8A259EB9-5CA7-02C9-015C-B09964DD04E1" TRACKERID="8A259EB9-5CA7-02C9-015C-B09964DD04E1" CREATIONDATETIME="2017-06-21 04:48:45.92" EXPIRINGDATETIME="2037-06-21 05:48:46.0" LASTACCESSTIME="2017-06-21 04:48:46.473" MODIFYDATETIME="&lt;NULL&gt;" TOTALBLOBSIZE="826" CHUNKSIZE="2147483546" CONTENTTYPE="application/xml" CONTROLFLAGS="0"/>
<row PARTID="8A259EB9-5CA7-02C9-015C-B09BE233058E" TRACKERID="8A259EB9-5CA7-02C9-015C-B09BE233058E" CREATIONDATETIME="2017-06-20 14:02:19.553" EXPIRINGDATETIME="2027-06-19 05:48:46.0" LASTACCESSTIME="&lt;NULL&gt;" MODIFYDATETIME="&lt;NULL&gt;" TOTALBLOBSIZE="840" CHUNKSIZE="2147483546" CONTENTTYPE="application/xml" CONTROLFLAGS="0"/>
<row PARTID="8A259EB9-5CA7-02C9-015C-B09C43AF05B3" TRACKERID="8A259EB9-5CA7-02C9-015C-B09C43AF05B3" CREATIONDATETIME="2017-06-20 14:02:19.513" EXPIRINGDATETIME="2027-06-19 05:48:46.0" LASTACCESSTIME="&lt;NULL&gt;" MODIFYDATETIME="&lt;NULL&gt;" TOTALBLOBSIZE="840" CHUNKSIZE="2147483546" CONTENTTYPE="application/xml" CONTROLFLAGS="0"/>
<row PARTID="8A259EB9-5CA7-02C9-015C-B09C747205D9" TRACKERID="8A259EB9-5CA7-02C9-015C-B09C747205D9" CREATIONDATETIME="2017-06-20 14:02:19.56" EXPIRINGDATETIME="2027-06-19 05:48:46.0" LASTACCESSTIME="&lt;NULL&gt;" MODIFYDATETIME="&lt;NULL&gt;" TOTALBLOBSIZE="840" CHUNKSIZE="2147483546" CONTENTTYPE="application/xml" CONTROLFLAGS="0"/>
<row PARTID="8A259EB9-5CA7-02C9-015C-B09CBB4A0600" TRACKERID="8A259EB9-5CA7-02C9-015C-B09CBB4A0600" CREATIONDATETIME="2017-06-20 14:02:19.6" EXPIRINGDATETIME="2027-06-19 05:48:46.0" LASTACCESSTIME="&lt;NULL&gt;" MODIFYDATETIME="&lt;NULL&gt;" TOTALBLOBSIZE="840" CHUNKSIZE="2147483546" CONTENTTYPE="application/xml" CONTROLFLAGS="0"/>
<row PARTID="8A259EB9-5CA7-02C9-015C-B09CE9DC0628" TRACKERID="8A259EB9-5CA7-02C9-015C-B09CE9DC0628" CREATIONDATETIME="2017-06-20 14:02:19.527" EXPIRINGDATETIME="2027-06-19 05:48:46.0" LASTACCESSTIME="&lt;NULL&gt;" MODIFYDATETIME="&lt;NULL&gt;" TOTALBLOBSIZE="840" CHUNKSIZE="2147483546" CONTENTTYPE="application/xml" CONTROLFLAGS="0"/>
<row PARTID="8A259EB9-5CA7-02C9-015C-B09D68D40651" TRACKERID="8A259EB9-5CA7-02C9-015C-B09D68D40651" CREATIONDATETIME="2017-06-20 14:02:19.567" EXPIRINGDATETIME="2027-06-19 05:48:46.0" LASTACCESSTIME="&lt;NULL&gt;" MODIFYDATETIME="&lt;NULL&gt;" TOTALBLOBSIZE="1263" CHUNKSIZE="2147483546" CONTENTTYPE="application/xml" CONTROLFLAGS="0"/>
<row PARTID="8A259EB9-5CA7-02C9-015C-B09D977F067B" TRACKERID="8A259EB9-5CA7-02C9-015C-B09D977F067B" CREATIONDATETIME="2017-06-20 14:02:19.55" EXPIRINGDATETIME="2027-06-19 05:48:46.0" LASTACCESSTIME="&lt;NULL&gt;" MODIFYDATETIME="&lt;NULL&gt;" TOTALBLOBSIZE="1263" CHUNKSIZE="2147483546" CONTENTTYPE="application/xml" CONTROLFLAGS="0"/>
<row PARTID="8A259EB9-5CA7-02C9-015C-B09DC18306A6" TRACKERID="8A259EB9-5CA7-02C9-015C-B09DC18306A6" CREATIONDATETIME="2017-06-20 14:02:19.54" EXPIRINGDATETIME="2027-06-19 05:48:46.0" LASTACCESSTIME="&lt;NULL&gt;" MODIFYDATETIME="&lt;NULL&gt;" TOTALBLOBSIZE="393" CHUNKSIZE="2147483546" CONTENTTYPE="application/xml" CONTROLFLAGS="0"/>
<row PARTID="8A259EB9-5CA7-02C9-015C-B0A08F1C0703" TRACKERID="8A259EB9-5CA7-02C9-015C-B0A08F1C0703" CREATIONDATETIME="2017-06-20 14:02:19.51" EXPIRINGDATETIME="2027-06-19 05:48:46.0" LASTACCESSTIME="&lt;NULL&gt;" MODIFYDATETIME="&lt;NULL&gt;" TOTALBLOBSIZE="840" CHUNKSIZE="2147483546" CONTENTTYPE="application/xml" CONTROLFLAGS="0"/>
<row PARTID="2C9B91D3-5459-260D-0154-C44543290024" TRACKERID="2C9B91D3-5459-260D-0154-C44543290024" CREATIONDATETIME="2017-06-07 19:34:02.29" EXPIRINGDATETIME="2027-06-19 05:33:42.0" LASTACCESSTIME="&lt;NULL&gt;" MODIFYDATETIME="&lt;NULL&gt;" TOTALBLOBSIZE="1231" CHUNKSIZE="2147483546" CONTENTTYPE="application/xml" CONTROLFLAGS="0"/>
<row PARTID="2C9B91D3-5459-260D-0154-C44663480068" TRACKERID="2C9B91D3-5459-260D-0154-C44663480068" CREATIONDATETIME="2017-06-07 19:34:02.353" EXPIRINGDATETIME="2027-06-19 05:33:42.0" LASTACCESSTIME="&lt;NULL&gt;" MODIFYDATETIME="&lt;NULL&gt;" TOTALBLOBSIZE="808" CHUNKSIZE="2147483546" CONTENTTYPE="application/xml" CONTROLFLAGS="0"/>
<row PARTID="2C9B920A-5CBE-2786-015C-C5C4B92A0031" TRACKERID="2C9B920A-5CBE-2786-015C-C5C4B92A0031" CREATIONDATETIME="2017-06-20 13:50:47.897" EXPIRINGDATETIME="2027-06-18 14:50:49.0" LASTACCESSTIME="&lt;NULL&gt;" MODIFYDATETIME="&lt;NULL&gt;" TOTALBLOBSIZE="5320" CHUNKSIZE="2147483546" CONTENTTYPE="application/xml" CONTROLFLAGS="0"/>
<row PARTID="2C9B920A-5CBE-2786-015C-C5CDD6AE004A" TRACKERID="2C9B920A-5CBE-2786-015C-C5CDD6AE004A" CREATIONDATETIME="2017-06-20 14:02:26.33" EXPIRINGDATETIME="2027-06-19 05:33:37.0" LASTACCESSTIME="&lt;NULL&gt;" MODIFYDATETIME="&lt;NULL&gt;" TOTALBLOBSIZE="5320" CHUNKSIZE="2147483546" CONTENTTYPE="application/xml" CONTROLFLAGS="0"/>
<row PARTID="2C9B920A-5CBE-2786-015C-C5CDD7980053" TRACKERID="2C9B920A-5CBE-2786-015C-C5CDD7980053" CREATIONDATETIME="2017-06-20 14:02:19.27" EXPIRINGDATETIME="2027-06-19 05:48:45.0" LASTACCESSTIME="&lt;NULL&gt;" MODIFYDATETIME="&lt;NULL&gt;" TOTALBLOBSIZE="4658" CHUNKSIZE="2147483546" CONTENTTYPE="application/xml" CONTROLFLAGS="0"/>
<row PARTID="2C9B920A-5CBE-2786-015C-C8ECE27400CC" TRACKERID="2C9B920A-5CBE-2786-015C-C8ECE27400CC" CREATIONDATETIME="2017-06-21 04:33:42.55" EXPIRINGDATETIME="2027-06-19 05:33:42.0" LASTACCESSTIME="&lt;NULL&gt;" MODIFYDATETIME="&lt;NULL&gt;" TOTALBLOBSIZE="1" CHUNKSIZE="2147483546" CONTENTTYPE="application/xhtml+xml" CONTROLFLAGS="0"/>
<row PARTID="2C9B920A-5CBE-2786-015C-C8ECE2D200CF" TRACKERID="2C9B920A-5CBE-2786-015C-C8ECE2D200CF" CREATIONDATETIME="2017-06-21 04:33:42.613" EXPIRINGDATETIME="2027-06-19 05:33:42.0" LASTACCESSTIME="&lt;NULL&gt;" MODIFYDATETIME="&lt;NULL&gt;" TOTALBLOBSIZE="1" CHUNKSIZE="2147483546" CONTENTTYPE="application/xhtml+xml" CONTROLFLAGS="0"/>
<row PARTID="2C9B920A-5CBE-2786-015C-C8ED5AA20110" TRACKERID="2C9B920A-5CBE-2786-015C-C8ED5AA20110" CREATIONDATETIME="2017-06-21 04:33:42.363" EXPIRINGDATETIME="2027-06-19 05:33:42.0" LASTACCESSTIME="&lt;NULL&gt;" MODIFYDATETIME="&lt;NULL&gt;" TOTALBLOBSIZE="5320" CHUNKSIZE="2147483546" CONTENTTYPE="application/xml" CONTROLFLAGS="0"/>
<row PARTID="2C9B920A-5CBE-2786-015C-C8FAEBAF0170" TRACKERID="2C9B920A-5CBE-2786-015C-C8FAEBAF0170" CREATIONDATETIME="2017-06-21 04:48:45.983" EXPIRINGDATETIME="2027-06-19 05:48:46.0" LASTACCESSTIME="&lt;NULL&gt;" MODIFYDATETIME="&lt;NULL&gt;" TOTALBLOBSIZE="1" CHUNKSIZE="2147483546" CONTENTTYPE="application/xhtml+xml" CONTROLFLAGS="0"/>
<row PARTID="2C9B920A-5CBE-2786-015C-C8FAEBDE0173" TRACKERID="2C9B920A-5CBE-2786-015C-C8FAEBDE0173" CREATIONDATETIME="2017-06-21 04:48:46.043" EXPIRINGDATETIME="2027-06-19 05:48:46.0" LASTACCESSTIME="&lt;NULL&gt;" MODIFYDATETIME="&lt;NULL&gt;" TOTALBLOBSIZE="1" CHUNKSIZE="2147483546" CONTENTTYPE="application/xhtml+xml" CONTROLFLAGS="0"/>
<row PARTID="2C9B920A-5CBE-2786-015C-C8FB35990198" TRACKERID="2C9B920A-5CBE-2786-015C-C8FB35990198" CREATIONDATETIME="2017-06-21 04:48:45.827" EXPIRINGDATETIME="2027-06-19 05:48:46.0" LASTACCESSTIME="&lt;NULL&gt;" MODIFYDATETIME="&lt;NULL&gt;" TOTALBLOBSIZE="4658" CHUNKSIZE="2147483546" CONTENTTYPE="application/xml" CONTROLFLAGS="0"/>
</BlobInfo>
<BinaryObject PARTID="java.lang.String" CHUNKINDEX="java.lang.Integer" DATA="java.sql.Blob" CREATIONDATETIME="java.sql.Timestamp" TYPENAME="java.lang.String">
<row PARTID="2C9B920A-5AFC-DEBF-015B-1107176109A2" CHUNKINDEX="1" DATA="SUBSTITUTIONTEXT/BinaryObject-DATA-2C9B920A-5AFC-DEBF-015B-1107176109A2.blob" CREATIONDATETIME="2017-06-07 19:34:02.307" TYPENAME="SUBSTITUTIONTEXT"/>
<row PARTID="2C9B920A-5AFC-DEBF-015B-110717BF09A5" CHUNKINDEX="1" DATA="SUBSTITUTIONTEXT/BinaryObject-DATA-2C9B920A-5AFC-DEBF-015B-110717BF09A5.blob" CREATIONDATETIME="2017-06-07 19:34:02.39" TYPENAME="SUBSTITUTIONTEXT"/>
<row PARTID="2C9B920A-5AFC-DEBF-015B-1109007309C7" CHUNKINDEX="1" DATA="SUBSTITUTIONTEXT/BinaryObject-DATA-2C9B920A-5AFC-DEBF-015B-1109007309C7.blob" CREATIONDATETIME="2017-06-07 19:34:02.383" TYPENAME="SUBSTITUTIONTEXT"/>
<row PARTID="2C9B920A-5AFC-DEBF-015B-110900CC09CA" CHUNKINDEX="1" DATA="SUBSTITUTIONTEXT/BinaryObject-DATA-2C9B920A-5AFC-DEBF-015B-110900CC09CA.blob" CREATIONDATETIME="2017-06-07 19:34:02.377" TYPENAME="SUBSTITUTIONTEXT"/>
<row PARTID="2C9B920A-5AFC-DEBF-015B-1109014D09CD" CHUNKINDEX="1" DATA="SUBSTITUTIONTEXT/BinaryObject-DATA-2C9B920A-5AFC-DEBF-015B-1109014D09CD.blob" CREATIONDATETIME="2017-06-07 19:34:02.363" TYPENAME="SUBSTITUTIONTEXT"/>
<row PARTID="2C9B920A-5AFC-DEBF-015B-110CFF1809EF" CHUNKINDEX="1" DATA="SUBSTITUTIONTEXT/BinaryObject-DATA-2C9B920A-5AFC-DEBF-015B-110CFF1809EF.blob" CREATIONDATETIME="2017-06-07 19:34:02.323" TYPENAME="SUBSTITUTIONTEXT"/>
<row PARTID="2C9B920A-5AFC-DEBF-015B-11110FD30A55" CHUNKINDEX="1" DATA="SUBSTITUTIONTEXT/BinaryObject-DATA-2C9B920A-5AFC-DEBF-015B-11110FD30A55.blob" CREATIONDATETIME="2017-06-07 19:34:02.34" TYPENAME="SUBSTITUTIONTEXT"/>
<row PARTID="2C9B920A-5AFC-DEBF-015B-1112155E0A77" CHUNKINDEX="1" DATA="SUBSTITUTIONTEXT/BinaryObject-DATA-2C9B920A-5AFC-DEBF-015B-1112155E0A77.blob" CREATIONDATETIME="2017-06-07 19:34:02.3" TYPENAME="SUBSTITUTIONTEXT"/>
<row PARTID="2C9B920A-5AFC-DEBF-015B-111389D70A99" CHUNKINDEX="1" DATA="SUBSTITUTIONTEXT/BinaryObject-DATA-2C9B920A-5AFC-DEBF-015B-111389D70A99.blob" CREATIONDATETIME="2017-06-07 19:34:02.303" TYPENAME="SUBSTITUTIONTEXT"/>
<row PARTID="2C9B920A-5AFC-DEBF-015B-1115FEE40ABB" CHUNKINDEX="1" DATA="SUBSTITUTIONTEXT/BinaryObject-DATA-2C9B920A-5AFC-DEBF-015B-1115FEE40ABB.blob" CREATIONDATETIME="2017-06-07 19:34:02.333" TYPENAME="SUBSTITUTIONTEXT"/>
<row PARTID="2C9B920A-5AFC-DEBF-015B-1115FF4C0ABE" CHUNKINDEX="1" DATA="SUBSTITUTIONTEXT/BinaryObject-DATA-2C9B920A-5AFC-DEBF-015B-1115FF4C0ABE.blob" CREATIONDATETIME="2017-06-07 19:34:02.35" TYPENAME="SUBSTITUTIONTEXT"/>
<row PARTID="2C9B920A-5AFC-DEBF-015B-1116FA3C0AE0" CHUNKINDEX="1" DATA="SUBSTITUTIONTEXT/BinaryObject-DATA-2C9B920A-5AFC-DEBF-015B-1116FA3C0AE0.blob" CREATIONDATETIME="2017-06-07 19:34:02.317" TYPENAME="SUBSTITUTIONTEXT"/>
<row PARTID="2C9B920A-5AFC-DEBF-015B-1116FAAC0AE3" CHUNKINDEX="1" DATA="SUBSTITUTIONTEXT/BinaryObject-DATA-2C9B920A-5AFC-DEBF-015B-1116FAAC0AE3.blob" CREATIONDATETIME="2017-06-07 19:34:02.367" TYPENAME="SUBSTITUTIONTEXT"/>
<row PARTID="2C9B920A-5AFC-DEBF-015B-111B48050B05" CHUNKINDEX="1" DATA="SUBSTITUTIONTEXT/BinaryObject-DATA-2C9B920A-5AFC-DEBF-015B-111B48050B05.blob" CREATIONDATETIME="2017-06-07 19:34:02.32" TYPENAME="SUBSTITUTIONTEXT"/>
<row PARTID="2C9B920A-5AFC-DEBF-015B-111D1DC00B2A" CHUNKINDEX="1" DATA="SUBSTITUTIONTEXT/BinaryObject-DATA-2C9B920A-5AFC-DEBF-015B-111D1DC00B2A.blob" CREATIONDATETIME="2017-06-07 19:34:02.283" TYPENAME="SUBSTITUTIONTEXT"/>
<row PARTID="2C9B920A-5AFC-DEBF-015B-111D1E260B2D" CHUNKINDEX="1" DATA="SUBSTITUTIONTEXT/BinaryObject-DATA-2C9B920A-5AFC-DEBF-015B-111D1E260B2D.blob" CREATIONDATETIME="2017-06-07 19:34:02.38" TYPENAME="SUBSTITUTIONTEXT"/>
<row PARTID="2C9B920A-5AFC-DEBF-015B-14D359ED0B4F" CHUNKINDEX="1" DATA="SUBSTITUTIONTEXT/BinaryObject-DATA-2C9B920A-5AFC-DEBF-015B-14D359ED0B4F.blob" CREATIONDATETIME="2017-06-07 19:34:02.36" TYPENAME="SUBSTITUTIONTEXT"/>
<row PARTID="2C9B920A-58F4-353A-015A-42C98C6C1614" CHUNKINDEX="1" DATA="SUBSTITUTIONRULE/BinaryObject-DATA-2C9B920A-58F4-353A-015A-42C98C6C1614.blob" CREATIONDATETIME="2017-06-07 19:34:02.293" TYPENAME="SUBSTITUTIONRULE"/>
<row PARTID="2C9B920A-58F4-353A-015A-42C9CD7B1636" CHUNKINDEX="1" DATA="SUBSTITUTIONRULE/BinaryObject-DATA-2C9B920A-58F4-353A-015A-42C9CD7B1636.blob" CREATIONDATETIME="2017-06-07 19:34:02.31" TYPENAME="SUBSTITUTIONRULE"/>
<row PARTID="2C9B920A-58F4-353A-015A-42CA0B711658" CHUNKINDEX="1" DATA="SUBSTITUTIONRULE/BinaryObject-DATA-2C9B920A-58F4-353A-015A-42CA0B711658.blob" CREATIONDATETIME="2017-06-07 19:34:02.337" TYPENAME="SUBSTITUTIONRULE"/>
<row PARTID="2C9B920A-58F4-353A-015A-42CA6192167A" CHUNKINDEX="1" DATA="SUBSTITUTIONRULE/BinaryObject-DATA-2C9B920A-58F4-353A-015A-42CA6192167A.blob" CREATIONDATETIME="2017-06-07 19:34:02.347" TYPENAME="SUBSTITUTIONRULE"/>
<row PARTID="2C9B920A-58F4-353A-015A-42CD04DE169C" CHUNKINDEX="1" DATA="SUBSTITUTIONRULE/BinaryObject-DATA-2C9B920A-58F4-353A-015A-42CD04DE169C.blob" CREATIONDATETIME="2017-06-07 19:34:02.33" TYPENAME="SUBSTITUTIONRULE"/>
<row PARTID="2C9B920A-58F4-353A-015A-42D50F8616E0" CHUNKINDEX="1" DATA="SUBSTITUTIONRULE/BinaryObject-DATA-2C9B920A-58F4-353A-015A-42D50F8616E0.blob" CREATIONDATETIME="2017-06-07 19:34:02.37" TYPENAME="SUBSTITUTIONRULE"/>
<row PARTID="2C9B91D3-47D0-65D6-0148-55E4BF912F01" CHUNKINDEX="1" DATA="CALLPROCRULE/BinaryObject-DATA-2C9B91D3-47D0-65D6-0148-55E4BF912F01.blob" CREATIONDATETIME="2017-06-21 04:33:43.277" TYPENAME="CALLPROCRULE"/>
<row PARTID="2C9B920A-5C69-D59D-015C-840BB34A100A" CHUNKINDEX="1" DATA="SUBSTITUTIONDOCUMENTDEFINITION/BinaryObject-DATA-2C9B920A-5C69-D59D-015C-840BB34A100A.blob" CREATIONDATETIME="2017-06-07 19:34:02.063" TYPENAME="SUBSTITUTIONDOCUMENTDEFINITION"/>
<row PARTID="8A259EB9-5CA7-02C9-015C-B059F357026B" CHUNKINDEX="1" DATA="SUBSTITUTIONTEXT/BinaryObject-DATA-8A259EB9-5CA7-02C9-015C-B059F357026B.blob" CREATIONDATETIME="2017-06-20 14:02:19.593" TYPENAME="SUBSTITUTIONTEXT"/>
<row PARTID="8A259EB9-5CA7-02C9-015C-B05D8985027A" CHUNKINDEX="1" DATA="SUBSTITUTIONTEXT/BinaryObject-DATA-8A259EB9-5CA7-02C9-015C-B05D8985027A.blob" CREATIONDATETIME="2017-06-20 14:02:19.61" TYPENAME="SUBSTITUTIONTEXT"/>
<row PARTID="8A259EB9-5CA7-02C9-015C-B05D89F2027D" CHUNKINDEX="1" DATA="SUBSTITUTIONTEXT/BinaryObject-DATA-8A259EB9-5CA7-02C9-015C-B05D89F2027D.blob" CREATIONDATETIME="2017-06-20 14:02:19.583" TYPENAME="SUBSTITUTIONTEXT"/>
<row PARTID="8A259EB9-5CA7-02C9-015C-B06A724702B4" CHUNKINDEX="1" DATA="SUBSTITUTIONTEXT/BinaryObject-DATA-8A259EB9-5CA7-02C9-015C-B06A724702B4.blob" CREATIONDATETIME="2017-06-20 14:02:19.587" TYPENAME="SUBSTITUTIONTEXT"/>
<row PARTID="8A259EB9-5CA7-02C9-015C-B06C386202C9" CHUNKINDEX="1" DATA="SUBSTITUTIONTEXT/BinaryObject-DATA-8A259EB9-5CA7-02C9-015C-B06C386202C9.blob" CREATIONDATETIME="2017-06-20 14:02:19.59" TYPENAME="SUBSTITUTIONTEXT"/>
<row PARTID="8A259EB9-5CA7-02C9-015C-B06E6E4E02DF" CHUNKINDEX="1" DATA="SUBSTITUTIONTEXT/BinaryObject-DATA-8A259EB9-5CA7-02C9-015C-B06E6E4E02DF.blob" CREATIONDATETIME="2017-06-20 14:02:19.58" TYPENAME="SUBSTITUTIONTEXT"/>
<row PARTID="8A259EB9-5CA7-02C9-015C-B06EFCF902F6" CHUNKINDEX="1" DATA="SUBSTITUTIONTEXT/BinaryObject-DATA-8A259EB9-5CA7-02C9-015C-B06EFCF902F6.blob" CREATIONDATETIME="2017-06-20 14:02:19.607" TYPENAME="SUBSTITUTIONTEXT"/>
<row PARTID="8A259EB9-5CA7-02C9-015C-B071BB49031E" CHUNKINDEX="1" DATA="SUBSTITUTIONTEXT/BinaryObject-DATA-8A259EB9-5CA7-02C9-015C-B071BB49031E.blob" CREATIONDATETIME="2017-06-20 14:02:19.55" TYPENAME="SUBSTITUTIONTEXT"/>
<row PARTID="8A259EB9-5CA7-02C9-015C-B0734E270337" CHUNKINDEX="1" DATA="SUBSTITUTIONTEXT/BinaryObject-DATA-8A259EB9-5CA7-02C9-015C-B0734E270337.blob" CREATIONDATETIME="2017-06-20 14:02:19.537" TYPENAME="SUBSTITUTIONTEXT"/>
<row PARTID="8A259EB9-5CA7-02C9-015C-B073BEC20351" CHUNKINDEX="1" DATA="SUBSTITUTIONTEXT/BinaryObject-DATA-8A259EB9-5CA7-02C9-015C-B073BEC20351.blob" CREATIONDATETIME="2017-06-20 14:02:19.543" TYPENAME="SUBSTITUTIONTEXT"/>
<row PARTID="8A259EB9-5CA7-02C9-015C-B0751693037F" CHUNKINDEX="1" DATA="SUBSTITUTIONTEXT/BinaryObject-DATA-8A259EB9-5CA7-02C9-015C-B0751693037F.blob" CREATIONDATETIME="2017-06-20 14:02:19.597" TYPENAME="SUBSTITUTIONTEXT"/>
<row PARTID="8A259EB9-5CA7-02C9-015C-B07632D2039B" CHUNKINDEX="1" DATA="SUBSTITUTIONTEXT/BinaryObject-DATA-8A259EB9-5CA7-02C9-015C-B07632D2039B.blob" CREATIONDATETIME="2017-06-20 14:02:19.613" TYPENAME="SUBSTITUTIONTEXT"/>
<row PARTID="8A259EB9-5CA7-02C9-015C-B079459203CD" CHUNKINDEX="1" DATA="SUBSTITUTIONTEXT/BinaryObject-DATA-8A259EB9-5CA7-02C9-015C-B079459203CD.blob" CREATIONDATETIME="2017-06-20 14:02:19.57" TYPENAME="SUBSTITUTIONTEXT"/>
<row PARTID="8A259EB9-5CA7-02C9-015C-B07A7DAD03EB" CHUNKINDEX="1" DATA="SUBSTITUTIONTEXT/BinaryObject-DATA-8A259EB9-5CA7-02C9-015C-B07A7DAD03EB.blob" CREATIONDATETIME="2017-06-20 14:02:19.52" TYPENAME="SUBSTITUTIONTEXT"/>
<row PARTID="8A259EB9-5CA7-02C9-015C-B07BA691040A" CHUNKINDEX="1" DATA="SUBSTITUTIONTEXT/BinaryObject-DATA-8A259EB9-5CA7-02C9-015C-B07BA691040A.blob" CREATIONDATETIME="2017-06-20 14:02:19.53" TYPENAME="SUBSTITUTIONTEXT"/>
<row PARTID="8A259EB9-5CA7-02C9-015C-B07DDFE6042A" CHUNKINDEX="1" DATA="SUBSTITUTIONTEXT/BinaryObject-DATA-8A259EB9-5CA7-02C9-015C-B07DDFE6042A.blob" CREATIONDATETIME="2017-06-20 14:02:19.523" TYPENAME="SUBSTITUTIONTEXT"/>
<row PARTID="8A259EB9-5CA7-02C9-015C-B07E7B7E044B" CHUNKINDEX="1" DATA="SUBSTITUTIONTEXT/BinaryObject-DATA-8A259EB9-5CA7-02C9-015C-B07E7B7E044B.blob" CREATIONDATETIME="2017-06-20 14:02:19.617" TYPENAME="SUBSTITUTIONTEXT"/>
<row PARTID="8A259EB9-5CA7-02C9-015C-B07FC784046D" CHUNKINDEX="1" DATA="SUBSTITUTIONTEXT/BinaryObject-DATA-8A259EB9-5CA7-02C9-015C-B07FC784046D.blob" CREATIONDATETIME="2017-06-20 14:02:19.577" TYPENAME="SUBSTITUTIONTEXT"/>
<row PARTID="8A259EB9-5CA7-02C9-015C-B09964DD04E1" CHUNKINDEX="1" DATA="CALLPROCRULE/BinaryObject-DATA-8A259EB9-5CA7-02C9-015C-B09964DD04E1.blob" CREATIONDATETIME="2017-06-21 04:48:46.47" TYPENAME="CALLPROCRULE"/>
<row PARTID="8A259EB9-5CA7-02C9-015C-B09BE233058E" CHUNKINDEX="1" DATA="SUBSTITUTIONRULE/BinaryObject-DATA-8A259EB9-5CA7-02C9-015C-B09BE233058E.blob" CREATIONDATETIME="2017-06-20 14:02:19.557" TYPENAME="SUBSTITUTIONRULE"/>
<row PARTID="8A259EB9-5CA7-02C9-015C-B09C43AF05B3" CHUNKINDEX="1" DATA="SUBSTITUTIONRULE/BinaryObject-DATA-8A259EB9-5CA7-02C9-015C-B09C43AF05B3.blob" CREATIONDATETIME="2017-06-20 14:02:19.517" TYPENAME="SUBSTITUTIONRULE"/>
<row PARTID="8A259EB9-5CA7-02C9-015C-B09C747205D9" CHUNKINDEX="1" DATA="SUBSTITUTIONRULE/BinaryObject-DATA-8A259EB9-5CA7-02C9-015C-B09C747205D9.blob" CREATIONDATETIME="2017-06-20 14:02:19.56" TYPENAME="SUBSTITUTIONRULE"/>
<row PARTID="8A259EB9-5CA7-02C9-015C-B09CBB4A0600" CHUNKINDEX="1" DATA="SUBSTITUTIONRULE/BinaryObject-DATA-8A259EB9-5CA7-02C9-015C-B09CBB4A0600.blob" CREATIONDATETIME="2017-06-20 14:02:19.6" TYPENAME="SUBSTITUTIONRULE"/>
<row PARTID="8A259EB9-5CA7-02C9-015C-B09CE9DC0628" CHUNKINDEX="1" DATA="SUBSTITUTIONRULE/BinaryObject-DATA-8A259EB9-5CA7-02C9-015C-B09CE9DC0628.blob" CREATIONDATETIME="2017-06-20 14:02:19.527" TYPENAME="SUBSTITUTIONRULE"/>
<row PARTID="8A259EB9-5CA7-02C9-015C-B09D68D40651" CHUNKINDEX="1" DATA="SUBSTITUTIONRULE/BinaryObject-DATA-8A259EB9-5CA7-02C9-015C-B09D68D40651.blob" CREATIONDATETIME="2017-06-20 14:02:19.567" TYPENAME="SUBSTITUTIONRULE"/>
<row PARTID="8A259EB9-5CA7-02C9-015C-B09D977F067B" CHUNKINDEX="1" DATA="SUBSTITUTIONRULE/BinaryObject-DATA-8A259EB9-5CA7-02C9-015C-B09D977F067B.blob" CREATIONDATETIME="2017-06-20 14:02:19.553" TYPENAME="SUBSTITUTIONRULE"/>
<row PARTID="8A259EB9-5CA7-02C9-015C-B09DC18306A6" CHUNKINDEX="1" DATA="SUBSTITUTIONRULE/BinaryObject-DATA-8A259EB9-5CA7-02C9-015C-B09DC18306A6.blob" CREATIONDATETIME="2017-06-20 14:02:19.54" TYPENAME="SUBSTITUTIONRULE"/>
<row PARTID="8A259EB9-5CA7-02C9-015C-B0A08F1C0703" CHUNKINDEX="1" DATA="SUBSTITUTIONRULE/BinaryObject-DATA-8A259EB9-5CA7-02C9-015C-B0A08F1C0703.blob" CREATIONDATETIME="2017-06-20 14:02:19.513" TYPENAME="SUBSTITUTIONRULE"/>
<row PARTID="2C9B91D3-5459-260D-0154-C44543290024" CHUNKINDEX="1" DATA="SUBSTITUTIONRULE/BinaryObject-DATA-2C9B91D3-5459-260D-0154-C44543290024.blob" CREATIONDATETIME="2017-06-07 19:34:02.29" TYPENAME="SUBSTITUTIONRULE"/>
<row PARTID="2C9B91D3-5459-260D-0154-C44663480068" CHUNKINDEX="1" DATA="SUBSTITUTIONRULE/BinaryObject-DATA-2C9B91D3-5459-260D-0154-C44663480068.blob" CREATIONDATETIME="2017-06-07 19:34:02.353" TYPENAME="SUBSTITUTIONRULE"/>
<row PARTID="2C9B920A-5CBE-2786-015C-C5C4B92A0031" CHUNKINDEX="1" DATA="SUBSTITUTIONDOCUMENTDEFINITION/BinaryObject-DATA-2C9B920A-5CBE-2786-015C-C5C4B92A0031.blob" CREATIONDATETIME="2017-06-20 13:50:47.897" TYPENAME="SUBSTITUTIONDOCUMENTDEFINITION"/>
<row PARTID="2C9B920A-5CBE-2786-015C-C5CDD6AE004A" CHUNKINDEX="1" DATA="SUBSTITUTIONDOCUMENTDEFINITION/BinaryObject-DATA-2C9B920A-5CBE-2786-015C-C5CDD6AE004A.blob" CREATIONDATETIME="2017-06-20 14:02:26.33" TYPENAME="SUBSTITUTIONDOCUMENTDEFINITION"/>
<row PARTID="2C9B920A-5CBE-2786-015C-C5CDD7980053" CHUNKINDEX="1" DATA="SUBSTITUTIONDOCUMENTDEFINITION/BinaryObject-DATA-2C9B920A-5CBE-2786-015C-C5CDD7980053.blob" CREATIONDATETIME="2017-06-20 14:02:19.27" TYPENAME="SUBSTITUTIONDOCUMENTDEFINITION"/>
<row PARTID="2C9B920A-5CBE-2786-015C-C8ECE27400CC" CHUNKINDEX="1" DATA="SUBSTITUTIONTEXT/BinaryObject-DATA-2C9B920A-5CBE-2786-015C-C8ECE27400CC.blob" CREATIONDATETIME="2017-06-21 04:33:42.553" TYPENAME="SUBSTITUTIONTEXT"/>
<row PARTID="2C9B920A-5CBE-2786-015C-C8ECE2D200CF" CHUNKINDEX="1" DATA="SUBSTITUTIONTEXT/BinaryObject-DATA-2C9B920A-5CBE-2786-015C-C8ECE2D200CF.blob" CREATIONDATETIME="2017-06-21 04:33:42.617" TYPENAME="SUBSTITUTIONTEXT"/>
<row PARTID="2C9B920A-5CBE-2786-015C-C8ED5AA20110" CHUNKINDEX="1" DATA="SUBSTITUTIONDOCUMENTDEFINITION/BinaryObject-DATA-2C9B920A-5CBE-2786-015C-C8ED5AA20110.blob" CREATIONDATETIME="2017-06-21 04:33:42.367" TYPENAME="SUBSTITUTIONDOCUMENTDEFINITION"/>
<row PARTID="2C9B920A-5CBE-2786-015C-C8FAEBAF0170" CHUNKINDEX="1" DATA="SUBSTITUTIONTEXT/BinaryObject-DATA-2C9B920A-5CBE-2786-015C-C8FAEBAF0170.blob" CREATIONDATETIME="2017-06-21 04:48:45.983" TYPENAME="SUBSTITUTIONTEXT"/>
<row PARTID="2C9B920A-5CBE-2786-015C-C8FAEBDE0173" CHUNKINDEX="1" DATA="SUBSTITUTIONTEXT/BinaryObject-DATA-2C9B920A-5CBE-2786-015C-C8FAEBDE0173.blob" CREATIONDATETIME="2017-06-21 04:48:46.047" TYPENAME="SUBSTITUTIONTEXT"/>
<row PARTID="2C9B920A-5CBE-2786-015C-C8FB35990198" CHUNKINDEX="1" DATA="SUBSTITUTIONDOCUMENTDEFINITION/BinaryObject-DATA-2C9B920A-5CBE-2786-015C-C8FB35990198.blob" CREATIONDATETIME="2017-06-21 04:48:45.83" TYPENAME="SUBSTITUTIONDOCUMENTDEFINITION"/>
</BinaryObject>
<VariableMetaData VARIABLEMETADATAID="java.lang.String" TRACKERID="java.lang.String" PARTID="java.lang.String" METADATANAMEID="java.lang.String" METADATAVALUE="java.lang.String" METADATAVALUEN="java.math.BigDecimal" METADATAVALUED="java.sql.Timestamp" CREATIONDATETIME="java.sql.Timestamp"/>
<relPartResourceStore PARTID="java.lang.String" RESOURCESTOREID="java.lang.String" CREATIONDATETIME="java.sql.Timestamp"/>
</root>
