<?xml version="1.0" encoding="UTF-8"?><root>
<TextRule TEXTRULEID="java.lang.String" TEXTRULENAME="java.lang.String" DESCRIPTION="java.lang.String" DELETEDFLAG="java.lang.Integer" CREATIONDATETIME="java.sql.Timestamp"/>
<TextType TEXTTYPEID="java.lang.String" TYPENAME="java.lang.String" DESCRIPTION="java.lang.String">
<row TEXTTYPEID="892F7F5D-A425-49A6-9403-9C30659B42C0" TYPENAME="default" DESCRIPTION="description"/>
<row TEXTTYPEID="2300B772-A44B-46DE-A08E-C0C21294AA9F" TYPENAME="image" DESCRIPTION="image description"/>
</TextType>
<Text TEXTID="java.lang.String" TEXTTYPEID="java.lang.String" LCID="java.lang.Integer" NAME="java.lang.String" DESCRIPTION="java.lang.String" CREATIONDATETIME="java.sql.Timestamp" MODIFYDATETIME="java.sql.Timestamp" PRINCIPALOBJECTID="java.lang.String" DELETEDFLAG="java.lang.Integer"/>
<TextAreaInstance TEXTAREAINSTANCEID="java.lang.String" TEXTAREANAME="java.lang.String" DOCUMENTTYPEID="java.lang.String" DESCRIPTION="java.lang.String" CREATIONDATETIME="java.sql.Timestamp" MODIFYDATETIME="java.sql.Timestamp" PRINCIPALOBJECTID="java.lang.String" STREAMSERVESCRIPT="java.sql.Blob" EXCLUSIVERULEEVALUATION="java.lang.Integer" STATUS="java.lang.Integer"/>
<TextRuleInstance TEXTRULEINSTANCEID="java.lang.String" TEXTRULEID="java.lang.String" TEXTAREAINSTANCEID="java.lang.String" TEXTRULEORDER="java.lang.Integer" SEARCHID="java.lang.String" INVOKEDATETIME="java.sql.Timestamp" INVOKEENDDATETIME="java.sql.Timestamp" REOCCURING="java.lang.Integer" CREATIONDATETIME="java.sql.Timestamp" MODIFYDATETIME="java.sql.Timestamp" DEPLOYDATETIME="java.sql.Timestamp" PRINCIPALOBJECTID="java.lang.String" STATUS="java.lang.Integer" DISAPPROVEDREASON="java.lang.String"/>
<ResourceStore RESOURCESTOREID="java.lang.String" DOCUMENTTYPEID="java.lang.String" PERMISSIONSID="java.lang.String" PRINCIPALOBJECTID="java.lang.String" RESOURCETYPEID="java.lang.String" VERSION="java.lang.Integer" STATE="java.lang.Integer" RESOURCENAME="java.lang.String" DESCRIPTION="java.lang.String" EXTERNALID="java.lang.String" CREATIONDATETIME="java.sql.Timestamp"/>
<TextInstance TEXTINSTANCEID="java.lang.String" TEXTID="java.lang.String" DOCUMENTTYPEID="java.lang.String" TEXT="java.sql.Clob" XHTMLTEXT="java.sql.Blob" LXFTEXT="java.sql.Blob" CREATIONDATETIME="java.sql.Timestamp" MODIFYDATETIME="java.sql.Timestamp" DEPLOYDATETIME="java.sql.Timestamp" PRINCIPALOBJECTID="java.lang.String" DISAPPROVEDREASON="java.lang.String" APPROVEDBYID="java.lang.String" STATUS="java.lang.Integer" RESOURCESTOREID="java.lang.String"/>
<BlobInfo PARTID="java.lang.String" TRACKERID="java.lang.String" CREATIONDATETIME="java.sql.Timestamp" EXPIRINGDATETIME="java.sql.Timestamp" LASTACCESSTIME="java.sql.Timestamp" MODIFYDATETIME="java.sql.Timestamp" TOTALBLOBSIZE="java.lang.Long" CHUNKSIZE="java.lang.Integer" CONTENTTYPE="java.lang.String" CONTROLFLAGS="java.lang.Integer"/>
<BinaryObject PARTID="java.lang.String" CHUNKINDEX="java.lang.Integer" DATA="java.sql.Blob" CREATIONDATETIME="java.sql.Timestamp" TYPENAME="java.lang.String"/>
<relTextRule RELTEXTRULEID="java.lang.String" TEXTRULEINSTANCEID="java.lang.String" TEXTINSTANCEID="java.lang.String" TEXTINSTANCEORDER="java.lang.Integer" CREATIONDATETIME="java.sql.Timestamp"/>
<MetaDataName METADATANAMEID="java.lang.String" TYPEID="java.lang.String" METADATANAME="java.lang.String" DATATYPE="java.lang.Integer" MULTIPLEVALUES="java.lang.Integer" REQUIRED="java.lang.Integer" SOURCE="java.lang.String" SOURCETABLE="java.lang.String" SOURCECOLUMN="java.lang.String" USEMASK="java.lang.Integer" CREATIONDATETIME="java.sql.Timestamp"/>
<TMProperty TMPROPERTYID="java.lang.String" RELTEXTRULEID="java.lang.String" METADATANAMEID="java.lang.String" PROPERTYVALUE="java.lang.String" PROPERTYVALUEN="java.lang.Integer" PROPERTYVALUED="java.math.BigDecimal" CREATIONDATETIME="java.sql.Timestamp"/>
</root>
