<?xml version="1.0" encoding="UTF-8"?><root>
<Role ROLEID="java.lang.String" PARENTROLEID="java.lang.String" ROLEATTRIBUTESID="java.lang.String" ROLEDESCRIPTION="java.lang.String" ROLENAME="java.lang.String" ROLECREATIONTIME="java.sql.Timestamp">
<row ROLEID="3BF389E4-16F7-450E-B852-119CAC0E6191" PARENTROLEID="C77D777E-42C1-4DDB-AE47-A0798F7202D1" ROLEATTRIBUTESID="&lt;NULL&gt;" ROLEDESCRIPTION="The Production Manager monitors the jobs that have been sent with Streamserve using the Reporter application." ROLENAME="Production Manager" ROLECREATIONTIME="2017-06-07 19:16:24.35"/>
<row ROLEID="3A2AEA49-AE34-42BF-A7CD-4635AE1D3C46" PARENTROLEID="&lt;NULL&gt;" ROLEATTRIBUTESID="&lt;NULL&gt;" ROLEDESCRIPTION="External" ROLENAME="External" ROLECREATIONTIME="2017-06-07 19:16:24.34"/>
<row ROLEID="BA475D33-809F-4F0E-A197-4E14620EB5E8" PARENTROLEID="C77D777E-42C1-4DDB-AE47-A0798F7202D1" ROLEATTRIBUTESID="&lt;NULL&gt;" ROLEDESCRIPTION="Administrative role that has access to all applications." ROLENAME="System Manager" ROLECREATIONTIME="2017-06-07 19:16:24.343"/>
<row ROLEID="93FB848C-B97B-4744-BC40-7D95B06DB328" PARENTROLEID="C77D777E-42C1-4DDB-AE47-A0798F7202D1" ROLEATTRIBUTESID="&lt;NULL&gt;" ROLEDESCRIPTION="Sets up the available Distribution channels." ROLENAME="IT-Staff" ROLECREATIONTIME="2017-06-07 19:16:24.347"/>
<row ROLEID="0A6D1A2A-170F-4B8C-B2EB-886BC94053F4" PARENTROLEID="C77D777E-42C1-4DDB-AE47-A0798F7202D1" ROLEATTRIBUTESID="&lt;NULL&gt;" ROLEDESCRIPTION="The Marketing Manager uses the Composition Center application to approve created marketing messages." ROLENAME="Marketing Manager" ROLECREATIONTIME="2017-06-07 19:16:24.35"/>
<row ROLEID="7E40502B-C68B-4789-A4CE-8D5D49EDBD49" PARENTROLEID="C77D777E-42C1-4DDB-AE47-A0798F7202D1" ROLEATTRIBUTESID="&lt;NULL&gt;" ROLEDESCRIPTION="The Call Center Manager manages the Call Center Personnel using the Administrator application." ROLENAME="Call Center Manager" ROLECREATIONTIME="2017-06-07 19:16:24.35"/>
<row ROLEID="DAF62A9A-C1A6-4301-924C-9DF8FF3E9992" PARENTROLEID="C77D777E-42C1-4DDB-AE47-A0798F7202D1" ROLEATTRIBUTESID="&lt;NULL&gt;" ROLEDESCRIPTION="Marketing Personnel uses the Composition Center application to create dynamic personalized marketing messages for their customers." ROLENAME="Marketing Personnel" ROLECREATIONTIME="2017-06-07 19:16:24.347"/>
<row ROLEID="C77D777E-42C1-4DDB-AE47-A0798F7202D1" PARENTROLEID="&lt;NULL&gt;" ROLEATTRIBUTESID="&lt;NULL&gt;" ROLEDESCRIPTION="Internal" ROLENAME="Internal" ROLECREATIONTIME="2017-06-07 19:16:24.343"/>
<row ROLEID="6A2A6E89-4FE5-4111-9B1F-A9894A49D825" PARENTROLEID="3A2AEA49-AE34-42BF-A7CD-4635AE1D3C46" ROLEATTRIBUTESID="&lt;NULL&gt;" ROLEDESCRIPTION="The main application for the Customer is the Dispatcher application where the preferred distribution methods can be selected." ROLENAME="Customer" ROLECREATIONTIME="2017-06-07 19:16:24.343"/>
<row ROLEID="5ED00A14-3BFE-4CB9-B4D5-C74F74CF8369" PARENTROLEID="C77D777E-42C1-4DDB-AE47-A0798F7202D1" ROLEATTRIBUTESID="&lt;NULL&gt;" ROLEDESCRIPTION="Call Center Personnel uses the Collector application to find documents for their customers." ROLENAME="Call Center Personnel" ROLECREATIONTIME="2017-06-07 19:16:24.347"/>
<row ROLEID="E55DAD42-072F-4A0F-A110-E646825911E0" PARENTROLEID="&lt;NULL&gt;" ROLEATTRIBUTESID="&lt;NULL&gt;" ROLEDESCRIPTION="internal" ROLENAME="streamserve" ROLECREATIONTIME="2017-06-07 19:16:24.33"/>
</Role>
<RoleAttributes ROLEATTRIBUTESID="java.lang.String" ROLEID="java.lang.String" METADATAVALUE="java.lang.String" METADATANAMEID="java.lang.String" CREATIONDATETIME="java.sql.Timestamp"/>
<PrincipalAttributes PRINCIPALATTRIBUTESID="java.lang.String" PASSWORD="java.lang.String" LOGINNAME="java.lang.String">
<row PRINCIPALATTRIBUTESID="76236E23-598F-4A2E-BAFA-63D7E1D2E4A4" PASSWORD="changeoninstall342" LOGINNAME="strsAdministrator"/>
</PrincipalAttributes>
<PrincipalType PRINCIPALTYPEID="java.lang.String" TYPENAME="java.lang.String" URI="java.lang.String">
<row PRINCIPALTYPEID="10627AAE-A2B0-418E-BC21-58C76742B1DF" TYPENAME="EXTERNAL" URI="http://schemas.streamserve.com/uid/resource/externaldirectoryservicegroup/1.0"/>
<row PRINCIPALTYPEID="9F0B4967-2D2B-4AF3-8836-FEAECA0916A0" TYPENAME="INTERNAL" URI="http://schemas.streamserve.com/uid/resource/internaldirectoryservicegroup/1.0"/>
</PrincipalType>
<PrincipalObject PRINCIPALOBJECTID="java.lang.String" PRINCIPALTYPEID="java.lang.String" PRINCIPALATTRIBUTESID="java.lang.String">
<row PRINCIPALOBJECTID="CN=STRSDOMAINADMIN,OU=DEFAULT,DC=SCHEMAS,DC=STREAMSERVE,DC=COM" PRINCIPALTYPEID="9F0B4967-2D2B-4AF3-8836-FEAECA0916A0" PRINCIPALATTRIBUTESID="&lt;NULL&gt;"/>
</PrincipalObject>
<relPrincipalObjectRole RELPRINCIPALOBJECTROLEID="java.lang.String" ROLEID="java.lang.String" PRINCIPALOBJECTID="java.lang.String" CREATIONDATETIME="java.sql.Timestamp">
<row RELPRINCIPALOBJECTROLEID="ABF1E24E-A04B-420A-A261-4A1CF9718BE9" ROLEID="BA475D33-809F-4F0E-A197-4E14620EB5E8" PRINCIPALOBJECTID="CN=STRSDOMAINADMIN,OU=DEFAULT,DC=SCHEMAS,DC=STREAMSERVE,DC=COM" CREATIONDATETIME="2017-06-07 19:29:56.87"/>
</relPrincipalObjectRole>
<Operation OPERATIONID="java.lang.String" OPERATIONNAME="java.lang.String">
<row OPERATIONID="1016D1C4-3BBA-4EA0-A07A-097ECC8424C5" OPERATIONNAME="reject"/>
<row OPERATIONID="4762CF3D-3CED-4848-A74A-1F55CED8ED33" OPERATIONNAME="modify"/>
<row OPERATIONID="FC229911-C65F-4509-B450-35724D59976A" OPERATIONNAME="access"/>
<row OPERATIONID="0EE32427-A671-4C23-9823-608BB3A444C4" OPERATIONNAME="batch-delete"/>
<row OPERATIONID="76D2C0F2-5034-435B-B654-687BA051FBD3" OPERATIONNAME="delete"/>
<row OPERATIONID="B549FC99-79AF-4E61-9A28-7A2B33DCD077" OPERATIONNAME="approve"/>
<row OPERATIONID="CE58B145-B3FB-4EA1-AC2E-A17E3C629956" OPERATIONNAME="forward"/>
<row OPERATIONID="C0F098CE-817C-4865-983B-BF98BCBFEC7B" OPERATIONNAME="create"/>
<row OPERATIONID="BDE0758D-DC74-4EF5-87D9-CA7008DE2D13" OPERATIONNAME="view"/>
<row OPERATIONID="BB7A66E3-8E2C-4ABB-88E3-D86D31951CA8" OPERATIONNAME="execute"/>
<row OPERATIONID="4C799025-ABF7-46D4-8168-DC92E9FD40F3" OPERATIONNAME="publish"/>
</Operation>
<ApplicationResourceType APPLICATIONRESOURCETYPEID="java.lang.String" TYPENAME="java.lang.String">
<row APPLICATIONRESOURCETYPEID="A9D7A15A-4855-490E-AC64-44D2B2375CE7" TYPENAME="docland"/>
</ApplicationResourceType>
<Permissions PERMISSIONSID="java.lang.String">
<row PERMISSIONSID="3242FECA-F534-42A3-985C-0A94E33E03DC"/>
<row PERMISSIONSID="BA037FBD-D544-4883-9732-0D19C5646212"/>
<row PERMISSIONSID="C2EE0068-A076-4ADC-832C-0FF41D763C0F"/>
<row PERMISSIONSID="C493CF45-088B-4074-B308-113ED6056191"/>
<row PERMISSIONSID="C83C9C70-3694-4EF8-8079-124FE9B86233"/>
<row PERMISSIONSID="473CA875-BCD3-4A2B-904F-197AD0B36AD0"/>
<row PERMISSIONSID="D611193F-98D7-4072-BE77-1AEA1B9DCB22"/>
<row PERMISSIONSID="4BE191BE-3B2E-4667-81DC-1B85DBEDE669"/>
<row PERMISSIONSID="CAAF3972-79D8-4B69-BFAF-1D2570A17CAC"/>
<row PERMISSIONSID="E2784D0F-A074-498C-8433-1E1703137D35"/>
<row PERMISSIONSID="BDDAF1D1-3D7E-4490-A8A0-21EA4ED3B2F3"/>
<row PERMISSIONSID="42E7AF2D-399F-4913-AC8F-23ACE0928D3B"/>
<row PERMISSIONSID="905094FC-2268-41AA-BA31-263742AD77D1"/>
<row PERMISSIONSID="3B424ECE-8498-45E0-9487-2760E1B038B0"/>
<row PERMISSIONSID="D83F9676-C849-4FEF-843C-2A47BD4E1BB2"/>
<row PERMISSIONSID="48F98927-3324-4AF6-B332-2C3FE1E05B74"/>
<row PERMISSIONSID="B8E1628A-64CE-4298-AC5E-2E5CF74569B2"/>
<row PERMISSIONSID="D644297B-6F5A-4393-83D7-3316F26500F5"/>
<row PERMISSIONSID="662E7FB5-E86B-4B88-A4E9-3582C6F35F80"/>
<row PERMISSIONSID="5D9A2F07-6675-42C7-8AEF-37A92A492C49"/>
<row PERMISSIONSID="B4FC93D1-97C0-4BD4-91C6-3834B01F351F"/>
<row PERMISSIONSID="8621FB2D-DF6F-4652-A105-439694389205"/>
<row PERMISSIONSID="4124C53D-4FCF-4029-86BA-44E449161373"/>
<row PERMISSIONSID="D7DDDC8E-A4C9-4E9C-BBEC-456BDDAFF4BF"/>
<row PERMISSIONSID="DCDF9887-BE27-4DA4-A6EC-49D634CCD2FD"/>
<row PERMISSIONSID="D72720BB-6562-40A0-BCF3-4A7915D616F4"/>
<row PERMISSIONSID="213B7C27-40B5-4232-BE43-4E9485851D68"/>
<row PERMISSIONSID="66B5F076-A617-461C-B952-4FB25E0FFBC9"/>
<row PERMISSIONSID="B6003980-B9F1-4E42-A8A3-5330C63CA592"/>
<row PERMISSIONSID="B6003980-B9F1-4E42-A8A4-5330C63CA592"/>
<row PERMISSIONSID="B6003980-B9F1-4E42-A8A5-5330C63CA592"/>
<row PERMISSIONSID="B6003980-B9F1-4E42-A8A6-5330C63CA592"/>
<row PERMISSIONSID="B6003980-B9F1-4E42-A8A7-5330C63CA592"/>
<row PERMISSIONSID="B6003980-B9F1-4E42-A8A8-5330C63CA592"/>
<row PERMISSIONSID="ED711BD0-23A0-4A52-8B9E-5649D317F6B7"/>
<row PERMISSIONSID="5CDD84A4-F342-48EA-97E7-57474830847C"/>
<row PERMISSIONSID="2CB55361-E717-461A-AB32-5856D7103D88"/>
<row PERMISSIONSID="45FA31B5-4CD6-44FB-8721-59C7B85D8A1E"/>
<row PERMISSIONSID="54F006CB-70B3-49B9-8CD9-6088346AC539"/>
<row PERMISSIONSID="0305C989-264E-4453-B066-60A9413FB42A"/>
<row PERMISSIONSID="8D73AA98-161C-41F4-8711-61BC62C915E8"/>
<row PERMISSIONSID="8D73AA98-161C-41F4-8712-61BC62C915E8"/>
<row PERMISSIONSID="7D23D53A-E15B-44EF-B933-65DB79684960"/>
<row PERMISSIONSID="3192E426-765F-4185-89D2-6C7666953C22"/>
<row PERMISSIONSID="779A8FCB-9AF8-45A7-BE6A-6E6E6C841803"/>
<row PERMISSIONSID="28FC8409-CCE6-4168-80B9-6E9E6A11610E"/>
<row PERMISSIONSID="A2D69B22-D2A4-4205-807A-7157ECDC5D6C"/>
<row PERMISSIONSID="790EB459-0B85-45A7-9745-74DC6E3BEBAA"/>
<row PERMISSIONSID="708580D7-42AB-4219-9D22-75D011F2D77E"/>
<row PERMISSIONSID="5EFBDAC4-261E-4B1B-8ED9-7DDD1DB0BA71"/>
<row PERMISSIONSID="3A51FD07-0F89-4BD3-9018-8255D7A9E1FD"/>
<row PERMISSIONSID="7394C0F9-24A5-4C78-854E-8A1CAB4C6E6A"/>
<row PERMISSIONSID="71B2C75F-4BCC-41A7-AC01-91E27F39843D"/>
<row PERMISSIONSID="6E087399-79CE-4F64-B947-97C5B2DBD1C0"/>
<row PERMISSIONSID="66C115F7-A0F4-4B93-BA0F-99901E14A1F2"/>
<row PERMISSIONSID="0A92B690-964E-43AD-B3CE-99E3B69F39C5"/>
<row PERMISSIONSID="FD6B6CE0-25A2-4096-BAB0-A55CD1B4BEA7"/>
<row PERMISSIONSID="6ABB0D9F-8E30-45DD-97F0-A5B6F24F9838"/>
<row PERMISSIONSID="FC08641C-E634-4C30-9158-AAA0A470A2DC"/>
<row PERMISSIONSID="B15CC46A-F068-41E3-A1C4-AC44E883B7DC"/>
<row PERMISSIONSID="C15EFAB0-939A-46C8-9E0A-B0BD32870955"/>
<row PERMISSIONSID="6351F37F-A167-4D5D-8A78-B215B51CB35F"/>
<row PERMISSIONSID="EED99045-CD8F-4611-B85A-B2EB65172571"/>
<row PERMISSIONSID="E99BDDA4-A72D-4314-9458-B68D1D4294BE"/>
<row PERMISSIONSID="45C58E5C-EF09-437B-A1A3-B724D7CEBDA6"/>
<row PERMISSIONSID="82B9CBCC-3162-478B-9355-BE033B4FE246"/>
<row PERMISSIONSID="DDA4B4E5-10D4-4BA7-B544-C74E057230E4"/>
<row PERMISSIONSID="5CB72727-49EF-41C8-A152-CA004AE1F83B"/>
<row PERMISSIONSID="F0A0B791-3C73-4A83-A0A1-D08AF338A2EC"/>
<row PERMISSIONSID="55C2989B-2B2C-41CF-864D-D54A5F520AB9"/>
<row PERMISSIONSID="EB2AA2FC-05F1-40EA-BEAA-D55F4F14A943"/>
<row PERMISSIONSID="D4561F34-CC9B-4201-91FB-D784C0DC8B2D"/>
<row PERMISSIONSID="97BB06B7-423D-4354-BE63-D78A3A0245AA"/>
<row PERMISSIONSID="ECCF8F3A-C43C-4F3C-BFD4-DA7DACEFB6A0"/>
<row PERMISSIONSID="959643D8-8664-43BF-833E-E108BE20DA6F"/>
<row PERMISSIONSID="85F85C85-4774-45B0-BFC2-E228E50BA1F1"/>
<row PERMISSIONSID="CDABCF6F-16A5-47C8-B1A0-E24655106C4D"/>
<row PERMISSIONSID="327BEB10-2F0A-480E-A82E-E3792C21E130"/>
<row PERMISSIONSID="01079877-E116-45E1-A442-E609FDF88E6B"/>
<row PERMISSIONSID="49626408-3C22-4DF7-B1BC-E63048F592DD"/>
<row PERMISSIONSID="42F41E86-F510-4A33-ADF7-E70754DC539B"/>
<row PERMISSIONSID="8730C2F4-4723-4EFA-9881-F059BDBDA42D"/>
<row PERMISSIONSID="D4322346-553D-4BF7-B23C-FBB36F1C2F45"/>
<row PERMISSIONSID="276D1EAF-7808-4B77-B71C-FDD913C3390F"/>
<row PERMISSIONSID="4C2D42AE-1548-4033-AA97-FE9B48096AE9"/>
<row PERMISSIONSID="4B4B87B4-B202-48B6-894E-FF8279EB9253"/>
</Permissions>
<Permission PERMISSIONID="java.lang.String" ROLEID="java.lang.String" PERMISSIONSID="java.lang.String" OPERATIONID="java.lang.String">
<row PERMISSIONID="C34B0E86-504A-4A61-96B3-00546314326F" ROLEID="7E40502B-C68B-4789-A4CE-8D5D49EDBD49" PERMISSIONSID="28FC8409-CCE6-4168-80B9-6E9E6A11610E" OPERATIONID="BDE0758D-DC74-4EF5-87D9-CA7008DE2D13"/>
<row PERMISSIONID="E16648C0-ED6B-4D32-8A18-01913A7BEBA4" ROLEID="DAF62A9A-C1A6-4301-924C-9DF8FF3E9992" PERMISSIONSID="42F41E86-F510-4A33-ADF7-E70754DC539B" OPERATIONID="BDE0758D-DC74-4EF5-87D9-CA7008DE2D13"/>
<row PERMISSIONID="F7004AC3-8077-495B-82A4-049C02D243B5" ROLEID="BA475D33-809F-4F0E-A197-4E14620EB5E8" PERMISSIONSID="4BE191BE-3B2E-4667-81DC-1B85DBEDE669" OPERATIONID="BDE0758D-DC74-4EF5-87D9-CA7008DE2D13"/>
<row PERMISSIONID="52C037F8-60C5-4865-B704-07B8EFA0039F" ROLEID="7E40502B-C68B-4789-A4CE-8D5D49EDBD49" PERMISSIONSID="4BE191BE-3B2E-4667-81DC-1B85DBEDE669" OPERATIONID="76D2C0F2-5034-435B-B654-687BA051FBD3"/>
<row PERMISSIONID="66DAF1A0-0EC3-49A6-8B1B-081E703ABBFC" ROLEID="0A6D1A2A-170F-4B8C-B2EB-886BC94053F4" PERMISSIONSID="85F85C85-4774-45B0-BFC2-E228E50BA1F1" OPERATIONID="BDE0758D-DC74-4EF5-87D9-CA7008DE2D13"/>
<row PERMISSIONID="FCF6C8F5-F098-4489-97C6-08CE6A637EF5" ROLEID="5ED00A14-3BFE-4CB9-B4D5-C74F74CF8369" PERMISSIONSID="85F85C85-4774-45B0-BFC2-E228E50BA1F1" OPERATIONID="4762CF3D-3CED-4848-A74A-1F55CED8ED33"/>
<row PERMISSIONID="208AF2F8-92E3-406A-8C98-0B3467EDC578" ROLEID="BA475D33-809F-4F0E-A197-4E14620EB5E8" PERMISSIONSID="A2D69B22-D2A4-4205-807A-7157ECDC5D6C" OPERATIONID="C0F098CE-817C-4865-983B-BF98BCBFEC7B"/>
<row PERMISSIONID="D705FC8F-A667-4395-8904-0F50635482F3" ROLEID="7E40502B-C68B-4789-A4CE-8D5D49EDBD49" PERMISSIONSID="E2784D0F-A074-498C-8433-1E1703137D35" OPERATIONID="BDE0758D-DC74-4EF5-87D9-CA7008DE2D13"/>
<row PERMISSIONID="F641D0FE-D36F-40E0-81C1-15EF6EDF77FC" ROLEID="3BF389E4-16F7-450E-B852-119CAC0E6191" PERMISSIONSID="A2D69B22-D2A4-4205-807A-7157ECDC5D6C" OPERATIONID="C0F098CE-817C-4865-983B-BF98BCBFEC7B"/>
<row PERMISSIONID="1F72AF5D-F729-4743-A291-167BAF98119A" ROLEID="BA475D33-809F-4F0E-A197-4E14620EB5E8" PERMISSIONSID="B6003980-B9F1-4E42-A8A7-5330C63CA592" OPERATIONID="BDE0758D-DC74-4EF5-87D9-CA7008DE2D13"/>
<row PERMISSIONID="A6D7792C-55D4-4BEB-B1E8-16C18C60022F" ROLEID="BA475D33-809F-4F0E-A197-4E14620EB5E8" PERMISSIONSID="779A8FCB-9AF8-45A7-BE6A-6E6E6C841803" OPERATIONID="BDE0758D-DC74-4EF5-87D9-CA7008DE2D13"/>
<row PERMISSIONID="E207CE75-0A44-41D8-A130-1814F29A7562" ROLEID="BA475D33-809F-4F0E-A197-4E14620EB5E8" PERMISSIONSID="B6003980-B9F1-4E42-A8A6-5330C63CA592" OPERATIONID="BDE0758D-DC74-4EF5-87D9-CA7008DE2D13"/>
<row PERMISSIONID="DE2C037C-9360-4460-B85C-182197A221DD" ROLEID="3BF389E4-16F7-450E-B852-119CAC0E6191" PERMISSIONSID="45FA31B5-4CD6-44FB-8721-59C7B85D8A1E" OPERATIONID="CE58B145-B3FB-4EA1-AC2E-A17E3C629956"/>
<row PERMISSIONID="A50FABEA-AD75-4271-85E6-18297392CDB2" ROLEID="7E40502B-C68B-4789-A4CE-8D5D49EDBD49" PERMISSIONSID="5EFBDAC4-261E-4B1B-8ED9-7DDD1DB0BA71" OPERATIONID="76D2C0F2-5034-435B-B654-687BA051FBD3"/>
<row PERMISSIONID="2370A65A-8B21-407F-9B74-196A19D59BCB" ROLEID="5ED00A14-3BFE-4CB9-B4D5-C74F74CF8369" PERMISSIONSID="6351F37F-A167-4D5D-8A78-B215B51CB35F" OPERATIONID="BB7A66E3-8E2C-4ABB-88E3-D86D31951CA8"/>
<row PERMISSIONID="C9CC23CF-B171-45CF-A38C-1A8F7F47D667" ROLEID="BA475D33-809F-4F0E-A197-4E14620EB5E8" PERMISSIONSID="4C2D42AE-1548-4033-AA97-FE9B48096AE9" OPERATIONID="76D2C0F2-5034-435B-B654-687BA051FBD3"/>
<row PERMISSIONID="E631BEED-D5C7-4F14-9C13-1AA6C7E00196" ROLEID="3BF389E4-16F7-450E-B852-119CAC0E6191" PERMISSIONSID="D4322346-553D-4BF7-B23C-FBB36F1C2F45" OPERATIONID="4762CF3D-3CED-4848-A74A-1F55CED8ED33"/>
<row PERMISSIONID="EDBE7B44-3D88-4B37-A925-1B7DC48A0EF0" ROLEID="7E40502B-C68B-4789-A4CE-8D5D49EDBD49" PERMISSIONSID="EED99045-CD8F-4611-B85A-B2EB65172571" OPERATIONID="4762CF3D-3CED-4848-A74A-1F55CED8ED33"/>
<row PERMISSIONID="F38CB1A3-C9AE-4951-8C79-1B7E2EB5AA50" ROLEID="5ED00A14-3BFE-4CB9-B4D5-C74F74CF8369" PERMISSIONSID="45FA31B5-4CD6-44FB-8721-59C7B85D8A1E" OPERATIONID="CE58B145-B3FB-4EA1-AC2E-A17E3C629956"/>
<row PERMISSIONID="2348D092-A8F2-4502-96F3-1BE8F7DBC771" ROLEID="7E40502B-C68B-4789-A4CE-8D5D49EDBD49" PERMISSIONSID="EED99045-CD8F-4611-B85A-B2EB65172571" OPERATIONID="76D2C0F2-5034-435B-B654-687BA051FBD3"/>
<row PERMISSIONID="1210B2EF-A257-4861-8CF0-1FBFBEC1EE07" ROLEID="7E40502B-C68B-4789-A4CE-8D5D49EDBD49" PERMISSIONSID="28FC8409-CCE6-4168-80B9-6E9E6A11610E" OPERATIONID="76D2C0F2-5034-435B-B654-687BA051FBD3"/>
<row PERMISSIONID="31D6BDBF-C3E1-44F2-994F-2493DDE45207" ROLEID="BA475D33-809F-4F0E-A197-4E14620EB5E8" PERMISSIONSID="CDABCF6F-16A5-47C8-B1A0-E24655106C4D" OPERATIONID="B549FC99-79AF-4E61-9A28-7A2B33DCD077"/>
<row PERMISSIONID="20B06CE3-0DFF-4C10-86D3-264FCEFAA7B1" ROLEID="BA475D33-809F-4F0E-A197-4E14620EB5E8" PERMISSIONSID="905094FC-2268-41AA-BA31-263742AD77D1" OPERATIONID="4762CF3D-3CED-4848-A74A-1F55CED8ED33"/>
<row PERMISSIONID="7F62BE37-AE88-4674-A9A6-27DFF8084310" ROLEID="3BF389E4-16F7-450E-B852-119CAC0E6191" PERMISSIONSID="ED711BD0-23A0-4A52-8B9E-5649D317F6B7" OPERATIONID="4762CF3D-3CED-4848-A74A-1F55CED8ED33"/>
<row PERMISSIONID="96A834EE-B4BB-4CCC-B6CA-2AC7E3F9010E" ROLEID="7E40502B-C68B-4789-A4CE-8D5D49EDBD49" PERMISSIONSID="ED711BD0-23A0-4A52-8B9E-5649D317F6B7" OPERATIONID="BDE0758D-DC74-4EF5-87D9-CA7008DE2D13"/>
<row PERMISSIONID="143EEE62-22C2-4C50-9A73-2C88DFD79A9F" ROLEID="7E40502B-C68B-4789-A4CE-8D5D49EDBD49" PERMISSIONSID="779A8FCB-9AF8-45A7-BE6A-6E6E6C841803" OPERATIONID="0EE32427-A671-4C23-9823-608BB3A444C4"/>
<row PERMISSIONID="18EE3BD0-2955-4753-8A86-3374BD38C148" ROLEID="0A6D1A2A-170F-4B8C-B2EB-886BC94053F4" PERMISSIONSID="FD6B6CE0-25A2-4096-BAB0-A55CD1B4BEA7" OPERATIONID="4C799025-ABF7-46D4-8168-DC92E9FD40F3"/>
<row PERMISSIONID="3BEBFBD1-AF5F-4F57-9AFF-353019C6EBFF" ROLEID="BA475D33-809F-4F0E-A197-4E14620EB5E8" PERMISSIONSID="A2D69B22-D2A4-4205-807A-7157ECDC5D6C" OPERATIONID="BDE0758D-DC74-4EF5-87D9-CA7008DE2D13"/>
<row PERMISSIONID="487651CA-18C1-40CD-B50E-35F4FF76EB9C" ROLEID="BA475D33-809F-4F0E-A197-4E14620EB5E8" PERMISSIONSID="790EB459-0B85-45A7-9745-74DC6E3BEBAA" OPERATIONID="C0F098CE-817C-4865-983B-BF98BCBFEC7B"/>
<row PERMISSIONID="FAB5DB16-54CE-4F48-B996-36DD35CA417D" ROLEID="BA475D33-809F-4F0E-A197-4E14620EB5E8" PERMISSIONSID="85F85C85-4774-45B0-BFC2-E228E50BA1F1" OPERATIONID="4762CF3D-3CED-4848-A74A-1F55CED8ED33"/>
<row PERMISSIONID="37ECC275-4065-43D3-AB46-39B56DAFC898" ROLEID="93FB848C-B97B-4744-BC40-7D95B06DB328" PERMISSIONSID="EED99045-CD8F-4611-B85A-B2EB65172571" OPERATIONID="BDE0758D-DC74-4EF5-87D9-CA7008DE2D13"/>
<row PERMISSIONID="7AF50608-25D6-4085-A8BB-3A8BBBA26D39" ROLEID="BA475D33-809F-4F0E-A197-4E14620EB5E8" PERMISSIONSID="779A8FCB-9AF8-45A7-BE6A-6E6E6C841803" OPERATIONID="76D2C0F2-5034-435B-B654-687BA051FBD3"/>
<row PERMISSIONID="8281CEBD-BE48-4F85-8B43-3BEE4E221E57" ROLEID="BA475D33-809F-4F0E-A197-4E14620EB5E8" PERMISSIONSID="D4561F34-CC9B-4201-91FB-D784C0DC8B2D" OPERATIONID="BDE0758D-DC74-4EF5-87D9-CA7008DE2D13"/>
<row PERMISSIONID="DEB574F0-7D4F-4C02-8C92-446AD15974BD" ROLEID="93FB848C-B97B-4744-BC40-7D95B06DB328" PERMISSIONSID="EED99045-CD8F-4611-B85A-B2EB65172571" OPERATIONID="76D2C0F2-5034-435B-B654-687BA051FBD3"/>
<row PERMISSIONID="AF4D8C77-9818-4353-9C13-492747F0906A" ROLEID="6A2A6E89-4FE5-4111-9B1F-A9894A49D825" PERMISSIONSID="DCDF9887-BE27-4DA4-A6EC-49D634CCD2FD" OPERATIONID="BDE0758D-DC74-4EF5-87D9-CA7008DE2D13"/>
<row PERMISSIONID="6D1130A3-4BA4-4E98-80B0-4932AF9D788F" ROLEID="BA475D33-809F-4F0E-A197-4E14620EB5E8" PERMISSIONSID="28FC8409-CCE6-4168-80B9-6E9E6A11610E" OPERATIONID="BDE0758D-DC74-4EF5-87D9-CA7008DE2D13"/>
<row PERMISSIONID="E41F3635-2032-4ECC-A0D6-4B1C99619685" ROLEID="BA475D33-809F-4F0E-A197-4E14620EB5E8" PERMISSIONSID="790EB459-0B85-45A7-9745-74DC6E3BEBAA" OPERATIONID="4C799025-ABF7-46D4-8168-DC92E9FD40F3"/>
<row PERMISSIONID="BE28AF7F-E7CA-4E2F-B931-4B223016FB8B" ROLEID="7E40502B-C68B-4789-A4CE-8D5D49EDBD49" PERMISSIONSID="779A8FCB-9AF8-45A7-BE6A-6E6E6C841803" OPERATIONID="BDE0758D-DC74-4EF5-87D9-CA7008DE2D13"/>
<row PERMISSIONID="A765B0EB-37D8-4C71-9E18-4B4DE892B2C3" ROLEID="3BF389E4-16F7-450E-B852-119CAC0E6191" PERMISSIONSID="48F98927-3324-4AF6-B332-2C3FE1E05B74" OPERATIONID="4762CF3D-3CED-4848-A74A-1F55CED8ED33"/>
<row PERMISSIONID="D4FB3D32-0FC9-4E81-AE4E-4BEC8B804C13" ROLEID="BA475D33-809F-4F0E-A197-4E14620EB5E8" PERMISSIONSID="CAAF3972-79D8-4B69-BFAF-1D2570A17CAC" OPERATIONID="BDE0758D-DC74-4EF5-87D9-CA7008DE2D13"/>
<row PERMISSIONID="27A1FD18-8F55-44E9-BB56-4C62C6A12EA2" ROLEID="BA475D33-809F-4F0E-A197-4E14620EB5E8" PERMISSIONSID="66B5F076-A617-461C-B952-4FB25E0FFBC9" OPERATIONID="FC229911-C65F-4509-B450-35724D59976A"/>
<row PERMISSIONID="B4A69479-892A-4E1B-A8A1-4D6293520ED8" ROLEID="BA475D33-809F-4F0E-A197-4E14620EB5E8" PERMISSIONSID="6E087399-79CE-4F64-B947-97C5B2DBD1C0" OPERATIONID="BDE0758D-DC74-4EF5-87D9-CA7008DE2D13"/>
<row PERMISSIONID="491F1031-0ED9-42D3-81EB-4D681F43559A" ROLEID="7E40502B-C68B-4789-A4CE-8D5D49EDBD49" PERMISSIONSID="71B2C75F-4BCC-41A7-AC01-91E27F39843D" OPERATIONID="BB7A66E3-8E2C-4ABB-88E3-D86D31951CA8"/>
<row PERMISSIONID="236E06A6-2BA7-4BB9-9DC8-4EE98D694C60" ROLEID="0A6D1A2A-170F-4B8C-B2EB-886BC94053F4" PERMISSIONSID="473CA875-BCD3-4A2B-904F-197AD0B36AD0" OPERATIONID="4762CF3D-3CED-4848-A74A-1F55CED8ED33"/>
<row PERMISSIONID="08C061D3-F424-412A-A601-512DB841E136" ROLEID="BA475D33-809F-4F0E-A197-4E14620EB5E8" PERMISSIONSID="EED99045-CD8F-4611-B85A-B2EB65172571" OPERATIONID="4762CF3D-3CED-4848-A74A-1F55CED8ED33"/>
<row PERMISSIONID="BDB5E150-1F69-4829-8809-5137EAB3DA98" ROLEID="BA475D33-809F-4F0E-A197-4E14620EB5E8" PERMISSIONSID="ED711BD0-23A0-4A52-8B9E-5649D317F6B7" OPERATIONID="BDE0758D-DC74-4EF5-87D9-CA7008DE2D13"/>
<row PERMISSIONID="162C8576-A292-470A-8A33-527088CA2D1E" ROLEID="BA475D33-809F-4F0E-A197-4E14620EB5E8" PERMISSIONSID="D7DDDC8E-A4C9-4E9C-BBEC-456BDDAFF4BF" OPERATIONID="BDE0758D-DC74-4EF5-87D9-CA7008DE2D13"/>
<row PERMISSIONID="6BE9EF3C-F309-43A6-95BE-53161BA0724D" ROLEID="3BF389E4-16F7-450E-B852-119CAC0E6191" PERMISSIONSID="ED711BD0-23A0-4A52-8B9E-5649D317F6B7" OPERATIONID="BDE0758D-DC74-4EF5-87D9-CA7008DE2D13"/>
<row PERMISSIONID="E5C1C742-404C-4C9F-AA94-549F1FE5D233" ROLEID="7E40502B-C68B-4789-A4CE-8D5D49EDBD49" PERMISSIONSID="97BB06B7-423D-4354-BE63-D78A3A0245AA" OPERATIONID="BDE0758D-DC74-4EF5-87D9-CA7008DE2D13"/>
<row PERMISSIONID="6502C509-14F3-4429-B564-54F8098791FC" ROLEID="7E40502B-C68B-4789-A4CE-8D5D49EDBD49" PERMISSIONSID="7D23D53A-E15B-44EF-B933-65DB79684960" OPERATIONID="BB7A66E3-8E2C-4ABB-88E3-D86D31951CA8"/>
<row PERMISSIONID="26DC3447-B4F1-496C-9AE6-55693922EA2C" ROLEID="0A6D1A2A-170F-4B8C-B2EB-886BC94053F4" PERMISSIONSID="85F85C85-4774-45B0-BFC2-E228E50BA1F1" OPERATIONID="4762CF3D-3CED-4848-A74A-1F55CED8ED33"/>
<row PERMISSIONID="72D7A54D-8DE6-4897-BD12-5570E92C36D1" ROLEID="0A6D1A2A-170F-4B8C-B2EB-886BC94053F4" PERMISSIONSID="42E7AF2D-399F-4913-AC8F-23ACE0928D3B" OPERATIONID="BDE0758D-DC74-4EF5-87D9-CA7008DE2D13"/>
<row PERMISSIONID="25ECBA57-4B6A-4B46-84B7-55A2E5EE54D9" ROLEID="5ED00A14-3BFE-4CB9-B4D5-C74F74CF8369" PERMISSIONSID="85F85C85-4774-45B0-BFC2-E228E50BA1F1" OPERATIONID="BDE0758D-DC74-4EF5-87D9-CA7008DE2D13"/>
<row PERMISSIONID="17A0CAAE-8F59-4403-9AD7-55ADAC07278F" ROLEID="BA475D33-809F-4F0E-A197-4E14620EB5E8" PERMISSIONSID="0305C989-264E-4453-B066-60A9413FB42A" OPERATIONID="BDE0758D-DC74-4EF5-87D9-CA7008DE2D13"/>
<row PERMISSIONID="F377A16E-9833-4F09-AC50-56DADE63BE7C" ROLEID="3BF389E4-16F7-450E-B852-119CAC0E6191" PERMISSIONSID="276D1EAF-7808-4B77-B71C-FDD913C3390F" OPERATIONID="4762CF3D-3CED-4848-A74A-1F55CED8ED33"/>
<row PERMISSIONID="7596F345-167D-4ECC-86DF-57D927CA1C4B" ROLEID="DAF62A9A-C1A6-4301-924C-9DF8FF3E9992" PERMISSIONSID="DCDF9887-BE27-4DA4-A6EC-49D634CCD2FD" OPERATIONID="BDE0758D-DC74-4EF5-87D9-CA7008DE2D13"/>
<row PERMISSIONID="04C1832A-B395-441F-8AD5-5AA5ADA4C5FA" ROLEID="5ED00A14-3BFE-4CB9-B4D5-C74F74CF8369" PERMISSIONSID="F0A0B791-3C73-4A83-A0A1-D08AF338A2EC" OPERATIONID="BB7A66E3-8E2C-4ABB-88E3-D86D31951CA8"/>
<row PERMISSIONID="4B85634A-0B73-4CC8-B69F-5B52E00C944E" ROLEID="5ED00A14-3BFE-4CB9-B4D5-C74F74CF8369" PERMISSIONSID="A2D69B22-D2A4-4205-807A-7157ECDC5D6C" OPERATIONID="BDE0758D-DC74-4EF5-87D9-CA7008DE2D13"/>
<row PERMISSIONID="CB5A9457-A872-4C0E-95A3-5CC5D41BA790" ROLEID="0A6D1A2A-170F-4B8C-B2EB-886BC94053F4" PERMISSIONSID="CDABCF6F-16A5-47C8-B1A0-E24655106C4D" OPERATIONID="B549FC99-79AF-4E61-9A28-7A2B33DCD077"/>
<row PERMISSIONID="282B39F5-D2C2-4C4B-98E1-5CFF1A51CF53" ROLEID="BA475D33-809F-4F0E-A197-4E14620EB5E8" PERMISSIONSID="EED99045-CD8F-4611-B85A-B2EB65172571" OPERATIONID="76D2C0F2-5034-435B-B654-687BA051FBD3"/>
<row PERMISSIONID="B439480F-06AB-48F1-8998-5EB08A01D0E3" ROLEID="7E40502B-C68B-4789-A4CE-8D5D49EDBD49" PERMISSIONSID="8730C2F4-4723-4EFA-9881-F059BDBDA42D" OPERATIONID="BDE0758D-DC74-4EF5-87D9-CA7008DE2D13"/>
<row PERMISSIONID="FD171BA9-008F-4529-839D-5EB5147FC8B1" ROLEID="BA475D33-809F-4F0E-A197-4E14620EB5E8" PERMISSIONSID="5EFBDAC4-261E-4B1B-8ED9-7DDD1DB0BA71" OPERATIONID="76D2C0F2-5034-435B-B654-687BA051FBD3"/>
<row PERMISSIONID="5AC81DD6-0E0D-49E6-B48D-6049F8A44A59" ROLEID="3BF389E4-16F7-450E-B852-119CAC0E6191" PERMISSIONSID="EED99045-CD8F-4611-B85A-B2EB65172571" OPERATIONID="C0F098CE-817C-4865-983B-BF98BCBFEC7B"/>
<row PERMISSIONID="C085F333-B3FA-4B8F-BB72-635363CF5791" ROLEID="93FB848C-B97B-4744-BC40-7D95B06DB328" PERMISSIONSID="3192E426-765F-4185-89D2-6C7666953C22" OPERATIONID="BDE0758D-DC74-4EF5-87D9-CA7008DE2D13"/>
<row PERMISSIONID="A846C0C8-A2B1-4663-BC42-63EFCD529479" ROLEID="3BF389E4-16F7-450E-B852-119CAC0E6191" PERMISSIONSID="905094FC-2268-41AA-BA31-263742AD77D1" OPERATIONID="4762CF3D-3CED-4848-A74A-1F55CED8ED33"/>
<row PERMISSIONID="AB17A2BA-52B8-43A6-8462-6671998DB073" ROLEID="7E40502B-C68B-4789-A4CE-8D5D49EDBD49" PERMISSIONSID="EED99045-CD8F-4611-B85A-B2EB65172571" OPERATIONID="C0F098CE-817C-4865-983B-BF98BCBFEC7B"/>
<row PERMISSIONID="962A7490-4841-46E0-B4D2-66C0445CDECC" ROLEID="0A6D1A2A-170F-4B8C-B2EB-886BC94053F4" PERMISSIONSID="CDABCF6F-16A5-47C8-B1A0-E24655106C4D" OPERATIONID="1016D1C4-3BBA-4EA0-A07A-097ECC8424C5"/>
<row PERMISSIONID="91EA800C-3C4F-4A9C-BA56-688E7B3D2F77" ROLEID="DAF62A9A-C1A6-4301-924C-9DF8FF3E9992" PERMISSIONSID="473CA875-BCD3-4A2B-904F-197AD0B36AD0" OPERATIONID="BDE0758D-DC74-4EF5-87D9-CA7008DE2D13"/>
<row PERMISSIONID="89090715-2E80-406A-8177-695656B56AD5" ROLEID="BA475D33-809F-4F0E-A197-4E14620EB5E8" PERMISSIONSID="85F85C85-4774-45B0-BFC2-E228E50BA1F1" OPERATIONID="BDE0758D-DC74-4EF5-87D9-CA7008DE2D13"/>
<row PERMISSIONID="77C713E1-91FA-4595-AAA9-6970735D52AB" ROLEID="5ED00A14-3BFE-4CB9-B4D5-C74F74CF8369" PERMISSIONSID="473CA875-BCD3-4A2B-904F-197AD0B36AD0" OPERATIONID="BDE0758D-DC74-4EF5-87D9-CA7008DE2D13"/>
<row PERMISSIONID="6A51EE59-B4ED-4295-9E5A-69D317D86BE5" ROLEID="7E40502B-C68B-4789-A4CE-8D5D49EDBD49" PERMISSIONSID="D4322346-553D-4BF7-B23C-FBB36F1C2F45" OPERATIONID="BDE0758D-DC74-4EF5-87D9-CA7008DE2D13"/>
<row PERMISSIONID="CC48D525-5225-436B-A6F1-6F5751632082" ROLEID="DAF62A9A-C1A6-4301-924C-9DF8FF3E9992" PERMISSIONSID="85F85C85-4774-45B0-BFC2-E228E50BA1F1" OPERATIONID="BDE0758D-DC74-4EF5-87D9-CA7008DE2D13"/>
<row PERMISSIONID="A2AF5BC1-5F27-4D30-9C05-6F86710F01BA" ROLEID="7E40502B-C68B-4789-A4CE-8D5D49EDBD49" PERMISSIONSID="4BE191BE-3B2E-4667-81DC-1B85DBEDE669" OPERATIONID="C0F098CE-817C-4865-983B-BF98BCBFEC7B"/>
<row PERMISSIONID="DCE1D6BB-5C9B-491E-8F26-71313286876D" ROLEID="BA475D33-809F-4F0E-A197-4E14620EB5E8" PERMISSIONSID="D4322346-553D-4BF7-B23C-FBB36F1C2F45" OPERATIONID="BDE0758D-DC74-4EF5-87D9-CA7008DE2D13"/>
<row PERMISSIONID="2B8B8568-DCF4-4D50-BFDD-72E4A9586824" ROLEID="DAF62A9A-C1A6-4301-924C-9DF8FF3E9992" PERMISSIONSID="85F85C85-4774-45B0-BFC2-E228E50BA1F1" OPERATIONID="4762CF3D-3CED-4848-A74A-1F55CED8ED33"/>
<row PERMISSIONID="75671854-4B9A-4BFD-9F36-753CB6DA828B" ROLEID="3BF389E4-16F7-450E-B852-119CAC0E6191" PERMISSIONSID="327BEB10-2F0A-480E-A82E-E3792C21E130" OPERATIONID="BDE0758D-DC74-4EF5-87D9-CA7008DE2D13"/>
<row PERMISSIONID="DFA9DEB4-29C3-452C-A5B5-77AC56DE487A" ROLEID="BA475D33-809F-4F0E-A197-4E14620EB5E8" PERMISSIONSID="959643D8-8664-43BF-833E-E108BE20DA6F" OPERATIONID="4762CF3D-3CED-4848-A74A-1F55CED8ED33"/>
<row PERMISSIONID="3ACD2E98-4DF9-4149-AF19-7BB722557275" ROLEID="BA475D33-809F-4F0E-A197-4E14620EB5E8" PERMISSIONSID="4BE191BE-3B2E-4667-81DC-1B85DBEDE669" OPERATIONID="76D2C0F2-5034-435B-B654-687BA051FBD3"/>
<row PERMISSIONID="EE669027-840D-476A-AB68-7BF3ADD80496" ROLEID="BA475D33-809F-4F0E-A197-4E14620EB5E8" PERMISSIONSID="473CA875-BCD3-4A2B-904F-197AD0B36AD0" OPERATIONID="BDE0758D-DC74-4EF5-87D9-CA7008DE2D13"/>
<row PERMISSIONID="4137162B-142D-40BB-8674-7D94B88966BA" ROLEID="93FB848C-B97B-4744-BC40-7D95B06DB328" PERMISSIONSID="EED99045-CD8F-4611-B85A-B2EB65172571" OPERATIONID="C0F098CE-817C-4865-983B-BF98BCBFEC7B"/>
<row PERMISSIONID="5EB45A68-B503-488E-8585-7EA07230D17C" ROLEID="BA475D33-809F-4F0E-A197-4E14620EB5E8" PERMISSIONSID="E2784D0F-A074-498C-8433-1E1703137D35" OPERATIONID="BDE0758D-DC74-4EF5-87D9-CA7008DE2D13"/>
<row PERMISSIONID="59DDB072-50C4-46BC-ACE2-80CC14398937" ROLEID="BA475D33-809F-4F0E-A197-4E14620EB5E8" PERMISSIONSID="6351F37F-A167-4D5D-8A78-B215B51CB35F" OPERATIONID="BB7A66E3-8E2C-4ABB-88E3-D86D31951CA8"/>
<row PERMISSIONID="6ADA762A-37C6-42F0-876C-82581676DC92" ROLEID="BA475D33-809F-4F0E-A197-4E14620EB5E8" PERMISSIONSID="4BE191BE-3B2E-4667-81DC-1B85DBEDE669" OPERATIONID="C0F098CE-817C-4865-983B-BF98BCBFEC7B"/>
<row PERMISSIONID="8956E91D-A545-4B27-A90A-8403B97E4B5D" ROLEID="3BF389E4-16F7-450E-B852-119CAC0E6191" PERMISSIONSID="A2D69B22-D2A4-4205-807A-7157ECDC5D6C" OPERATIONID="BDE0758D-DC74-4EF5-87D9-CA7008DE2D13"/>
<row PERMISSIONID="514B17FF-7DAB-4DA5-AC9A-85C05551AEEA" ROLEID="5ED00A14-3BFE-4CB9-B4D5-C74F74CF8369" PERMISSIONSID="327BEB10-2F0A-480E-A82E-E3792C21E130" OPERATIONID="BDE0758D-DC74-4EF5-87D9-CA7008DE2D13"/>
<row PERMISSIONID="8654B3AB-EAE6-4423-8365-8705C52003B2" ROLEID="BA475D33-809F-4F0E-A197-4E14620EB5E8" PERMISSIONSID="EED99045-CD8F-4611-B85A-B2EB65172571" OPERATIONID="BDE0758D-DC74-4EF5-87D9-CA7008DE2D13"/>
<row PERMISSIONID="8E7D8D5C-9A08-4B53-BF74-893C13C25FBA" ROLEID="BA475D33-809F-4F0E-A197-4E14620EB5E8" PERMISSIONSID="213B7C27-40B5-4232-BE43-4E9485851D68" OPERATIONID="76D2C0F2-5034-435B-B654-687BA051FBD3"/>
<row PERMISSIONID="EBE2C75A-DB7F-4FB3-8487-89AD153964FB" ROLEID="3BF389E4-16F7-450E-B852-119CAC0E6191" PERMISSIONSID="D4322346-553D-4BF7-B23C-FBB36F1C2F45" OPERATIONID="BDE0758D-DC74-4EF5-87D9-CA7008DE2D13"/>
<row PERMISSIONID="6EE83270-5F9F-41A3-B463-8ACD67A25BCD" ROLEID="BA475D33-809F-4F0E-A197-4E14620EB5E8" PERMISSIONSID="B6003980-B9F1-4E42-A8A8-5330C63CA592" OPERATIONID="BDE0758D-DC74-4EF5-87D9-CA7008DE2D13"/>
<row PERMISSIONID="31E82C09-AB2A-47E9-A6BE-8B0A57799464" ROLEID="3BF389E4-16F7-450E-B852-119CAC0E6191" PERMISSIONSID="EED99045-CD8F-4611-B85A-B2EB65172571" OPERATIONID="76D2C0F2-5034-435B-B654-687BA051FBD3"/>
<row PERMISSIONID="97AA4F7D-0011-43F4-BAE4-8B4A3C467EFE" ROLEID="BA475D33-809F-4F0E-A197-4E14620EB5E8" PERMISSIONSID="473CA875-BCD3-4A2B-904F-197AD0B36AD0" OPERATIONID="4762CF3D-3CED-4848-A74A-1F55CED8ED33"/>
<row PERMISSIONID="5B2B42C0-7FA6-4AFC-84F1-8BB921A2FF7B" ROLEID="3BF389E4-16F7-450E-B852-119CAC0E6191" PERMISSIONSID="6351F37F-A167-4D5D-8A78-B215B51CB35F" OPERATIONID="BB7A66E3-8E2C-4ABB-88E3-D86D31951CA8"/>
<row PERMISSIONID="597AA362-8262-4C7C-92F3-8E3DC6BD0FF1" ROLEID="7E40502B-C68B-4789-A4CE-8D5D49EDBD49" PERMISSIONSID="D4322346-553D-4BF7-B23C-FBB36F1C2F45" OPERATIONID="4762CF3D-3CED-4848-A74A-1F55CED8ED33"/>
<row PERMISSIONID="1B283CEA-4424-4598-B002-90B8A8801025" ROLEID="7E40502B-C68B-4789-A4CE-8D5D49EDBD49" PERMISSIONSID="28FC8409-CCE6-4168-80B9-6E9E6A11610E" OPERATIONID="CE58B145-B3FB-4EA1-AC2E-A17E3C629956"/>
<row PERMISSIONID="3B75FA6E-4CCE-4AE8-8FB2-9180C13F713E" ROLEID="BA475D33-809F-4F0E-A197-4E14620EB5E8" PERMISSIONSID="8730C2F4-4723-4EFA-9881-F059BDBDA42D" OPERATIONID="BDE0758D-DC74-4EF5-87D9-CA7008DE2D13"/>
<row PERMISSIONID="A1412024-BAD2-45F1-AC5D-92E014AD62BF" ROLEID="3BF389E4-16F7-450E-B852-119CAC0E6191" PERMISSIONSID="EED99045-CD8F-4611-B85A-B2EB65172571" OPERATIONID="BDE0758D-DC74-4EF5-87D9-CA7008DE2D13"/>
<row PERMISSIONID="09A3AB8C-6C9C-46B8-90BD-93863B6ED941" ROLEID="3BF389E4-16F7-450E-B852-119CAC0E6191" PERMISSIONSID="5EFBDAC4-261E-4B1B-8ED9-7DDD1DB0BA71" OPERATIONID="76D2C0F2-5034-435B-B654-687BA051FBD3"/>
<row PERMISSIONID="6A23C456-2A33-457F-8CDD-97709CF32DC2" ROLEID="6A2A6E89-4FE5-4111-9B1F-A9894A49D825" PERMISSIONSID="85F85C85-4774-45B0-BFC2-E228E50BA1F1" OPERATIONID="BDE0758D-DC74-4EF5-87D9-CA7008DE2D13"/>
<row PERMISSIONID="904018A8-79B9-40A3-9ECA-9AB557445209" ROLEID="BA475D33-809F-4F0E-A197-4E14620EB5E8" PERMISSIONSID="F0A0B791-3C73-4A83-A0A1-D08AF338A2EC" OPERATIONID="BB7A66E3-8E2C-4ABB-88E3-D86D31951CA8"/>
<row PERMISSIONID="12E7B807-F18E-422E-A5AD-9AEDE3DA0ADF" ROLEID="BA475D33-809F-4F0E-A197-4E14620EB5E8" PERMISSIONSID="28FC8409-CCE6-4168-80B9-6E9E6A11610E" OPERATIONID="76D2C0F2-5034-435B-B654-687BA051FBD3"/>
<row PERMISSIONID="17FDC618-39C0-4443-A7C9-9B12A5D1A6DA" ROLEID="6A2A6E89-4FE5-4111-9B1F-A9894A49D825" PERMISSIONSID="473CA875-BCD3-4A2B-904F-197AD0B36AD0" OPERATIONID="BDE0758D-DC74-4EF5-87D9-CA7008DE2D13"/>
<row PERMISSIONID="D29D2054-E0B7-4A03-A375-9ED304D0C6AC" ROLEID="BA475D33-809F-4F0E-A197-4E14620EB5E8" PERMISSIONSID="D4322346-553D-4BF7-B23C-FBB36F1C2F45" OPERATIONID="4762CF3D-3CED-4848-A74A-1F55CED8ED33"/>
<row PERMISSIONID="F2DAB2BD-0B62-4BBA-9523-A16AB45C8C51" ROLEID="BA475D33-809F-4F0E-A197-4E14620EB5E8" PERMISSIONSID="82B9CBCC-3162-478B-9355-BE033B4FE246" OPERATIONID="4762CF3D-3CED-4848-A74A-1F55CED8ED33"/>
<row PERMISSIONID="886E05FE-3B2A-4E77-9027-A1BC18521CEE" ROLEID="3BF389E4-16F7-450E-B852-119CAC0E6191" PERMISSIONSID="45FA31B5-4CD6-44FB-8721-59C7B85D8A1E" OPERATIONID="BDE0758D-DC74-4EF5-87D9-CA7008DE2D13"/>
<row PERMISSIONID="37FB75B0-68B3-422C-B927-A2C29D4AB15B" ROLEID="5ED00A14-3BFE-4CB9-B4D5-C74F74CF8369" PERMISSIONSID="DCDF9887-BE27-4DA4-A6EC-49D634CCD2FD" OPERATIONID="BDE0758D-DC74-4EF5-87D9-CA7008DE2D13"/>
<row PERMISSIONID="67C0A725-F687-4780-A899-A3367DF07876" ROLEID="5ED00A14-3BFE-4CB9-B4D5-C74F74CF8369" PERMISSIONSID="473CA875-BCD3-4A2B-904F-197AD0B36AD0" OPERATIONID="4762CF3D-3CED-4848-A74A-1F55CED8ED33"/>
<row PERMISSIONID="5786045D-B815-411A-B9FF-A5823C11998C" ROLEID="BA475D33-809F-4F0E-A197-4E14620EB5E8" PERMISSIONSID="327BEB10-2F0A-480E-A82E-E3792C21E130" OPERATIONID="BDE0758D-DC74-4EF5-87D9-CA7008DE2D13"/>
<row PERMISSIONID="4E37A682-E677-49FE-A421-A6CAE1815349" ROLEID="BA475D33-809F-4F0E-A197-4E14620EB5E8" PERMISSIONSID="BA037FBD-D544-4883-9732-0D19C5646212" OPERATIONID="BDE0758D-DC74-4EF5-87D9-CA7008DE2D13"/>
<row PERMISSIONID="BC6B93E9-3BFF-44AA-BE0A-A757FFF5E17B" ROLEID="BA475D33-809F-4F0E-A197-4E14620EB5E8" PERMISSIONSID="276D1EAF-7808-4B77-B71C-FDD913C3390F" OPERATIONID="4762CF3D-3CED-4848-A74A-1F55CED8ED33"/>
<row PERMISSIONID="68A04B24-CCB6-44C3-B786-A8091F6F9726" ROLEID="3BF389E4-16F7-450E-B852-119CAC0E6191" PERMISSIONSID="EED99045-CD8F-4611-B85A-B2EB65172571" OPERATIONID="4762CF3D-3CED-4848-A74A-1F55CED8ED33"/>
<row PERMISSIONID="46B9B1EC-2110-451B-BDAD-AA99A79D6CF5" ROLEID="BA475D33-809F-4F0E-A197-4E14620EB5E8" PERMISSIONSID="3A51FD07-0F89-4BD3-9018-8255D7A9E1FD" OPERATIONID="FC229911-C65F-4509-B450-35724D59976A"/>
<row PERMISSIONID="92E8C215-095B-4598-A1B9-AAC755251945" ROLEID="BA475D33-809F-4F0E-A197-4E14620EB5E8" PERMISSIONSID="3242FECA-F534-42A3-985C-0A94E33E03DC" OPERATIONID="FC229911-C65F-4509-B450-35724D59976A"/>
<row PERMISSIONID="2E010AE2-0EA2-4A4C-BFD1-ABBEABE0BE1A" ROLEID="7E40502B-C68B-4789-A4CE-8D5D49EDBD49" PERMISSIONSID="276D1EAF-7808-4B77-B71C-FDD913C3390F" OPERATIONID="BDE0758D-DC74-4EF5-87D9-CA7008DE2D13"/>
<row PERMISSIONID="DC9D5ED9-DAB9-4E4F-B201-ABF283C41778" ROLEID="0A6D1A2A-170F-4B8C-B2EB-886BC94053F4" PERMISSIONSID="473CA875-BCD3-4A2B-904F-197AD0B36AD0" OPERATIONID="BDE0758D-DC74-4EF5-87D9-CA7008DE2D13"/>
<row PERMISSIONID="F2CC07F0-2BDF-40DA-BAFA-AE774DBFC5E1" ROLEID="7E40502B-C68B-4789-A4CE-8D5D49EDBD49" PERMISSIONSID="54F006CB-70B3-49B9-8CD9-6088346AC539" OPERATIONID="4762CF3D-3CED-4848-A74A-1F55CED8ED33"/>
<row PERMISSIONID="E616C436-3B4A-49CB-828A-AEA127189007" ROLEID="BA475D33-809F-4F0E-A197-4E14620EB5E8" PERMISSIONSID="FC08641C-E634-4C30-9158-AAA0A470A2DC" OPERATIONID="FC229911-C65F-4509-B450-35724D59976A"/>
<row PERMISSIONID="8036B33A-424B-46C4-8C64-B0F7933D1589" ROLEID="BA475D33-809F-4F0E-A197-4E14620EB5E8" PERMISSIONSID="FD6B6CE0-25A2-4096-BAB0-A55CD1B4BEA7" OPERATIONID="4C799025-ABF7-46D4-8168-DC92E9FD40F3"/>
<row PERMISSIONID="E2FF2640-6EC7-4112-B7DE-B31EDCA26163" ROLEID="BA475D33-809F-4F0E-A197-4E14620EB5E8" PERMISSIONSID="3192E426-765F-4185-89D2-6C7666953C22" OPERATIONID="BDE0758D-DC74-4EF5-87D9-CA7008DE2D13"/>
<row PERMISSIONID="2D363655-B6E7-4048-9CF9-B32E4AF7F732" ROLEID="BA475D33-809F-4F0E-A197-4E14620EB5E8" PERMISSIONSID="54F006CB-70B3-49B9-8CD9-6088346AC539" OPERATIONID="BDE0758D-DC74-4EF5-87D9-CA7008DE2D13"/>
<row PERMISSIONID="D3C92884-9374-4D64-95AA-B372BCC2F8F5" ROLEID="5ED00A14-3BFE-4CB9-B4D5-C74F74CF8369" PERMISSIONSID="BA037FBD-D544-4883-9732-0D19C5646212" OPERATIONID="BDE0758D-DC74-4EF5-87D9-CA7008DE2D13"/>
<row PERMISSIONID="B2590CA6-7B95-4C9F-BE71-B3F03B334CD2" ROLEID="93FB848C-B97B-4744-BC40-7D95B06DB328" PERMISSIONSID="EED99045-CD8F-4611-B85A-B2EB65172571" OPERATIONID="4762CF3D-3CED-4848-A74A-1F55CED8ED33"/>
<row PERMISSIONID="EB973D43-7EC1-46AC-80A5-B66F1EEECA27" ROLEID="5ED00A14-3BFE-4CB9-B4D5-C74F74CF8369" PERMISSIONSID="45FA31B5-4CD6-44FB-8721-59C7B85D8A1E" OPERATIONID="BDE0758D-DC74-4EF5-87D9-CA7008DE2D13"/>
<row PERMISSIONID="1C2C55CC-0EA3-481C-886E-B86DFA656FF1" ROLEID="3BF389E4-16F7-450E-B852-119CAC0E6191" PERMISSIONSID="97BB06B7-423D-4354-BE63-D78A3A0245AA" OPERATIONID="BDE0758D-DC74-4EF5-87D9-CA7008DE2D13"/>
<row PERMISSIONID="20CF0728-F17F-43E4-BCAC-BBA1C5041D22" ROLEID="BA475D33-809F-4F0E-A197-4E14620EB5E8" PERMISSIONSID="CDABCF6F-16A5-47C8-B1A0-E24655106C4D" OPERATIONID="1016D1C4-3BBA-4EA0-A07A-097ECC8424C5"/>
<row PERMISSIONID="1F457911-B4E7-4BEB-A0B4-BC7D0657677B" ROLEID="7E40502B-C68B-4789-A4CE-8D5D49EDBD49" PERMISSIONSID="779A8FCB-9AF8-45A7-BE6A-6E6E6C841803" OPERATIONID="76D2C0F2-5034-435B-B654-687BA051FBD3"/>
<row PERMISSIONID="2A283DF4-122C-41A5-A7E9-BC9CFAFCFA04" ROLEID="7E40502B-C68B-4789-A4CE-8D5D49EDBD49" PERMISSIONSID="4BE191BE-3B2E-4667-81DC-1B85DBEDE669" OPERATIONID="BDE0758D-DC74-4EF5-87D9-CA7008DE2D13"/>
<row PERMISSIONID="0D7524B8-E4A4-45BD-93F7-BEEEB5385726" ROLEID="6A2A6E89-4FE5-4111-9B1F-A9894A49D825" PERMISSIONSID="85F85C85-4774-45B0-BFC2-E228E50BA1F1" OPERATIONID="4762CF3D-3CED-4848-A74A-1F55CED8ED33"/>
<row PERMISSIONID="D0395513-E214-49F0-8CB0-C04BAEF51F76" ROLEID="0A6D1A2A-170F-4B8C-B2EB-886BC94053F4" PERMISSIONSID="DCDF9887-BE27-4DA4-A6EC-49D634CCD2FD" OPERATIONID="BDE0758D-DC74-4EF5-87D9-CA7008DE2D13"/>
<row PERMISSIONID="494EC029-0781-4726-904B-C5720CDDB908" ROLEID="0A6D1A2A-170F-4B8C-B2EB-886BC94053F4" PERMISSIONSID="E2784D0F-A074-498C-8433-1E1703137D35" OPERATIONID="BDE0758D-DC74-4EF5-87D9-CA7008DE2D13"/>
<row PERMISSIONID="EB175643-C6C2-4B6C-A853-C58D86E1351B" ROLEID="7E40502B-C68B-4789-A4CE-8D5D49EDBD49" PERMISSIONSID="BA037FBD-D544-4883-9732-0D19C5646212" OPERATIONID="BDE0758D-DC74-4EF5-87D9-CA7008DE2D13"/>
<row PERMISSIONID="D05AB2F2-DCA5-4F9C-AC2B-C6C0602C8317" ROLEID="3BF389E4-16F7-450E-B852-119CAC0E6191" PERMISSIONSID="DDA4B4E5-10D4-4BA7-B544-C74E057230E4" OPERATIONID="BDE0758D-DC74-4EF5-87D9-CA7008DE2D13"/>
<row PERMISSIONID="D53E8DEC-2B64-4531-A064-C7060F8E3725" ROLEID="3BF389E4-16F7-450E-B852-119CAC0E6191" PERMISSIONSID="C2EE0068-A076-4ADC-832C-0FF41D763C0F" OPERATIONID="BDE0758D-DC74-4EF5-87D9-CA7008DE2D13"/>
<row PERMISSIONID="E45E6EBA-1540-4DC3-83FA-C7CB7343E4C1" ROLEID="0A6D1A2A-170F-4B8C-B2EB-886BC94053F4" PERMISSIONSID="42F41E86-F510-4A33-ADF7-E70754DC539B" OPERATIONID="BDE0758D-DC74-4EF5-87D9-CA7008DE2D13"/>
<row PERMISSIONID="D71F9D35-88FB-430B-A717-CAB35C8E4688" ROLEID="BA475D33-809F-4F0E-A197-4E14620EB5E8" PERMISSIONSID="DCDF9887-BE27-4DA4-A6EC-49D634CCD2FD" OPERATIONID="BDE0758D-DC74-4EF5-87D9-CA7008DE2D13"/>
<row PERMISSIONID="6B9C9AD0-966E-470E-9501-CAC4BF8654E4" ROLEID="5ED00A14-3BFE-4CB9-B4D5-C74F74CF8369" PERMISSIONSID="42F41E86-F510-4A33-ADF7-E70754DC539B" OPERATIONID="BDE0758D-DC74-4EF5-87D9-CA7008DE2D13"/>
<row PERMISSIONID="98C43C8E-E419-4E09-A66C-CB7F4B1E8CDC" ROLEID="BA475D33-809F-4F0E-A197-4E14620EB5E8" PERMISSIONSID="42F41E86-F510-4A33-ADF7-E70754DC539B" OPERATIONID="BDE0758D-DC74-4EF5-87D9-CA7008DE2D13"/>
<row PERMISSIONID="1D49A8C9-390D-4F98-A0CA-CC08EC1C2C9F" ROLEID="BA475D33-809F-4F0E-A197-4E14620EB5E8" PERMISSIONSID="276D1EAF-7808-4B77-B71C-FDD913C3390F" OPERATIONID="BDE0758D-DC74-4EF5-87D9-CA7008DE2D13"/>
<row PERMISSIONID="BF1FA7E8-19A1-4510-9C18-CC2355868363" ROLEID="7E40502B-C68B-4789-A4CE-8D5D49EDBD49" PERMISSIONSID="EED99045-CD8F-4611-B85A-B2EB65172571" OPERATIONID="BDE0758D-DC74-4EF5-87D9-CA7008DE2D13"/>
<row PERMISSIONID="C9842692-EBDA-486B-958A-D0DA82ED427C" ROLEID="BA475D33-809F-4F0E-A197-4E14620EB5E8" PERMISSIONSID="779A8FCB-9AF8-45A7-BE6A-6E6E6C841803" OPERATIONID="0EE32427-A671-4C23-9823-608BB3A444C4"/>
<row PERMISSIONID="4AC3E2DB-74EE-4317-B42B-D155C004FC01" ROLEID="7E40502B-C68B-4789-A4CE-8D5D49EDBD49" PERMISSIONSID="54F006CB-70B3-49B9-8CD9-6088346AC539" OPERATIONID="BDE0758D-DC74-4EF5-87D9-CA7008DE2D13"/>
<row PERMISSIONID="69947AD8-0F3D-4F65-905D-D17870D9E7F2" ROLEID="3BF389E4-16F7-450E-B852-119CAC0E6191" PERMISSIONSID="276D1EAF-7808-4B77-B71C-FDD913C3390F" OPERATIONID="BDE0758D-DC74-4EF5-87D9-CA7008DE2D13"/>
<row PERMISSIONID="686C4D61-612B-43C3-B45C-D5A512201C5E" ROLEID="BA475D33-809F-4F0E-A197-4E14620EB5E8" PERMISSIONSID="7D23D53A-E15B-44EF-B933-65DB79684960" OPERATIONID="BB7A66E3-8E2C-4ABB-88E3-D86D31951CA8"/>
<row PERMISSIONID="8D58E9A7-79B3-4AF3-A661-D6B2AF1D774F" ROLEID="BA475D33-809F-4F0E-A197-4E14620EB5E8" PERMISSIONSID="C2EE0068-A076-4ADC-832C-0FF41D763C0F" OPERATIONID="BDE0758D-DC74-4EF5-87D9-CA7008DE2D13"/>
<row PERMISSIONID="0F3E7829-131C-438A-9C8A-D8949EB3936C" ROLEID="DAF62A9A-C1A6-4301-924C-9DF8FF3E9992" PERMISSIONSID="473CA875-BCD3-4A2B-904F-197AD0B36AD0" OPERATIONID="4762CF3D-3CED-4848-A74A-1F55CED8ED33"/>
<row PERMISSIONID="40F6AB89-6615-4A0A-B1C3-D8C3AB2048B9" ROLEID="BA475D33-809F-4F0E-A197-4E14620EB5E8" PERMISSIONSID="45FA31B5-4CD6-44FB-8721-59C7B85D8A1E" OPERATIONID="CE58B145-B3FB-4EA1-AC2E-A17E3C629956"/>
<row PERMISSIONID="BA848132-5792-4C8B-8EBB-DC04C419AF33" ROLEID="BA475D33-809F-4F0E-A197-4E14620EB5E8" PERMISSIONSID="71B2C75F-4BCC-41A7-AC01-91E27F39843D" OPERATIONID="BB7A66E3-8E2C-4ABB-88E3-D86D31951CA8"/>
<row PERMISSIONID="AE66A26E-3843-4C2D-B265-DED3FD053727" ROLEID="3BF389E4-16F7-450E-B852-119CAC0E6191" PERMISSIONSID="8730C2F4-4723-4EFA-9881-F059BDBDA42D" OPERATIONID="BDE0758D-DC74-4EF5-87D9-CA7008DE2D13"/>
<row PERMISSIONID="821DC7F9-F6C5-4CFA-B2B2-E1DCAFB51F34" ROLEID="6A2A6E89-4FE5-4111-9B1F-A9894A49D825" PERMISSIONSID="473CA875-BCD3-4A2B-904F-197AD0B36AD0" OPERATIONID="4762CF3D-3CED-4848-A74A-1F55CED8ED33"/>
<row PERMISSIONID="BD5B6BF9-CFB3-412F-BE79-E21BCC98500C" ROLEID="BA475D33-809F-4F0E-A197-4E14620EB5E8" PERMISSIONSID="ED711BD0-23A0-4A52-8B9E-5649D317F6B7" OPERATIONID="4762CF3D-3CED-4848-A74A-1F55CED8ED33"/>
<row PERMISSIONID="EE77E946-0171-4040-AB14-E3D9B0A7698F" ROLEID="BA475D33-809F-4F0E-A197-4E14620EB5E8" PERMISSIONSID="B8E1628A-64CE-4298-AC5E-2E5CF74569B2" OPERATIONID="4762CF3D-3CED-4848-A74A-1F55CED8ED33"/>
<row PERMISSIONID="B7054C32-0884-4E1B-823A-E59EF47B8093" ROLEID="BA475D33-809F-4F0E-A197-4E14620EB5E8" PERMISSIONSID="DDA4B4E5-10D4-4BA7-B544-C74E057230E4" OPERATIONID="BDE0758D-DC74-4EF5-87D9-CA7008DE2D13"/>
<row PERMISSIONID="B20DBCF4-69FC-402D-96C5-E7CE074F3C75" ROLEID="BA475D33-809F-4F0E-A197-4E14620EB5E8" PERMISSIONSID="42E7AF2D-399F-4913-AC8F-23ACE0928D3B" OPERATIONID="BDE0758D-DC74-4EF5-87D9-CA7008DE2D13"/>
<row PERMISSIONID="99CA3943-6B8D-494B-B6EF-E7CF7D667F0B" ROLEID="BA475D33-809F-4F0E-A197-4E14620EB5E8" PERMISSIONSID="45FA31B5-4CD6-44FB-8721-59C7B85D8A1E" OPERATIONID="BDE0758D-DC74-4EF5-87D9-CA7008DE2D13"/>
<row PERMISSIONID="AFB0537A-CFE3-4DA2-8E09-E92C39BF5277" ROLEID="3BF389E4-16F7-450E-B852-119CAC0E6191" PERMISSIONSID="F0A0B791-3C73-4A83-A0A1-D08AF338A2EC" OPERATIONID="BB7A66E3-8E2C-4ABB-88E3-D86D31951CA8"/>
<row PERMISSIONID="B075790C-4388-43D7-A69C-E9CA6EACEE22" ROLEID="BA475D33-809F-4F0E-A197-4E14620EB5E8" PERMISSIONSID="28FC8409-CCE6-4168-80B9-6E9E6A11610E" OPERATIONID="0EE32427-A671-4C23-9823-608BB3A444C4"/>
<row PERMISSIONID="94EF0B5A-9F2D-4FA0-8A95-EA89F928A274" ROLEID="BA475D33-809F-4F0E-A197-4E14620EB5E8" PERMISSIONSID="54F006CB-70B3-49B9-8CD9-6088346AC539" OPERATIONID="4762CF3D-3CED-4848-A74A-1F55CED8ED33"/>
<row PERMISSIONID="C61266AD-DE7D-4AF8-837B-EBE8AB97962C" ROLEID="BA475D33-809F-4F0E-A197-4E14620EB5E8" PERMISSIONSID="28FC8409-CCE6-4168-80B9-6E9E6A11610E" OPERATIONID="CE58B145-B3FB-4EA1-AC2E-A17E3C629956"/>
<row PERMISSIONID="E70C7520-428A-4101-827F-EE581A84194B" ROLEID="7E40502B-C68B-4789-A4CE-8D5D49EDBD49" PERMISSIONSID="D7DDDC8E-A4C9-4E9C-BBEC-456BDDAFF4BF" OPERATIONID="BDE0758D-DC74-4EF5-87D9-CA7008DE2D13"/>
<row PERMISSIONID="D089EDDB-1A61-4966-A642-EE95C854457B" ROLEID="7E40502B-C68B-4789-A4CE-8D5D49EDBD49" PERMISSIONSID="28FC8409-CCE6-4168-80B9-6E9E6A11610E" OPERATIONID="0EE32427-A671-4C23-9823-608BB3A444C4"/>
<row PERMISSIONID="B1EC7CE4-B0D2-44EC-9C5C-EF0B03E829C2" ROLEID="BA475D33-809F-4F0E-A197-4E14620EB5E8" PERMISSIONSID="EED99045-CD8F-4611-B85A-B2EB65172571" OPERATIONID="C0F098CE-817C-4865-983B-BF98BCBFEC7B"/>
<row PERMISSIONID="037B8E2D-F5F3-4594-9011-EF7B0574B8C4" ROLEID="BA475D33-809F-4F0E-A197-4E14620EB5E8" PERMISSIONSID="97BB06B7-423D-4354-BE63-D78A3A0245AA" OPERATIONID="BDE0758D-DC74-4EF5-87D9-CA7008DE2D13"/>
<row PERMISSIONID="3D9A933E-D018-4709-88B1-F0CC18ED5F0F" ROLEID="7E40502B-C68B-4789-A4CE-8D5D49EDBD49" PERMISSIONSID="3192E426-765F-4185-89D2-6C7666953C22" OPERATIONID="BDE0758D-DC74-4EF5-87D9-CA7008DE2D13"/>
<row PERMISSIONID="54FC72D2-53D9-4BB4-9B93-F0FB682DBFF1" ROLEID="BA475D33-809F-4F0E-A197-4E14620EB5E8" PERMISSIONSID="5D9A2F07-6675-42C7-8AEF-37A92A492C49" OPERATIONID="B549FC99-79AF-4E61-9A28-7A2B33DCD077"/>
<row PERMISSIONID="25C3576F-CB62-46FA-8B00-F216E610990B" ROLEID="BA475D33-809F-4F0E-A197-4E14620EB5E8" PERMISSIONSID="BDDAF1D1-3D7E-4490-A8A0-21EA4ED3B2F3" OPERATIONID="BDE0758D-DC74-4EF5-87D9-CA7008DE2D13"/>
<row PERMISSIONID="D8A8AC08-26BD-4B86-AD9F-F25413E3E1E1" ROLEID="3BF389E4-16F7-450E-B852-119CAC0E6191" PERMISSIONSID="3192E426-765F-4185-89D2-6C7666953C22" OPERATIONID="BDE0758D-DC74-4EF5-87D9-CA7008DE2D13"/>
<row PERMISSIONID="689F5E7B-C87E-4DA2-BA9B-F326EC987C57" ROLEID="3BF389E4-16F7-450E-B852-119CAC0E6191" PERMISSIONSID="213B7C27-40B5-4232-BE43-4E9485851D68" OPERATIONID="76D2C0F2-5034-435B-B654-687BA051FBD3"/>
<row PERMISSIONID="6B02ABA4-E7CE-4F8A-B459-F58CBEEA0A42" ROLEID="6A2A6E89-4FE5-4111-9B1F-A9894A49D825" PERMISSIONSID="42F41E86-F510-4A33-ADF7-E70754DC539B" OPERATIONID="BDE0758D-DC74-4EF5-87D9-CA7008DE2D13"/>
<row PERMISSIONID="E5E8163A-C09C-4BCB-A3D1-F93F6CAED9CC" ROLEID="DAF62A9A-C1A6-4301-924C-9DF8FF3E9992" PERMISSIONSID="BDDAF1D1-3D7E-4490-A8A0-21EA4ED3B2F3" OPERATIONID="BDE0758D-DC74-4EF5-87D9-CA7008DE2D13"/>
<row PERMISSIONID="28456A92-972B-4990-8D2C-FA57489BD317" ROLEID="7E40502B-C68B-4789-A4CE-8D5D49EDBD49" PERMISSIONSID="ED711BD0-23A0-4A52-8B9E-5649D317F6B7" OPERATIONID="4762CF3D-3CED-4848-A74A-1F55CED8ED33"/>
<row PERMISSIONID="BDD8DD28-154A-481B-9FEE-FB383D99D321" ROLEID="3BF389E4-16F7-450E-B852-119CAC0E6191" PERMISSIONSID="BA037FBD-D544-4883-9732-0D19C5646212" OPERATIONID="BDE0758D-DC74-4EF5-87D9-CA7008DE2D13"/>
<row PERMISSIONID="F909CB07-65BD-46CE-A11D-FC2FD467B314" ROLEID="5ED00A14-3BFE-4CB9-B4D5-C74F74CF8369" PERMISSIONSID="A2D69B22-D2A4-4205-807A-7157ECDC5D6C" OPERATIONID="C0F098CE-817C-4865-983B-BF98BCBFEC7B"/>
<row PERMISSIONID="E04D18A1-0DFE-4F56-AAB7-FCA1370F3F38" ROLEID="BA475D33-809F-4F0E-A197-4E14620EB5E8" PERMISSIONSID="48F98927-3324-4AF6-B332-2C3FE1E05B74" OPERATIONID="4762CF3D-3CED-4848-A74A-1F55CED8ED33"/>
<row PERMISSIONID="B2A7D527-EF55-42D3-BB40-FED3C4F73910" ROLEID="93FB848C-B97B-4744-BC40-7D95B06DB328" PERMISSIONSID="E2784D0F-A074-498C-8433-1E1703137D35" OPERATIONID="BDE0758D-DC74-4EF5-87D9-CA7008DE2D13"/>
<row PERMISSIONID="39CCEC68-3A3F-4848-84F2-FF45107C2A50" ROLEID="7E40502B-C68B-4789-A4CE-8D5D49EDBD49" PERMISSIONSID="276D1EAF-7808-4B77-B71C-FDD913C3390F" OPERATIONID="4762CF3D-3CED-4848-A74A-1F55CED8ED33"/>
<row PERMISSIONID="83E31220-21FE-4EEA-B5E2-FFD6BE4F0D62" ROLEID="5ED00A14-3BFE-4CB9-B4D5-C74F74CF8369" PERMISSIONSID="C2EE0068-A076-4ADC-832C-0FF41D763C0F" OPERATIONID="BDE0758D-DC74-4EF5-87D9-CA7008DE2D13"/>
</Permission>
<ApplicationResource RESOURCEID="java.lang.String" PARENTRESOURCEID="java.lang.String" PERMISSIONSID="java.lang.String" APPLICATIONRESOURCETYPEID="java.lang.String" RESOURCENAME="java.lang.String">
<row RESOURCEID="E4A00B10-0A86-4044-9992-03AAAE7DAA6C" PARENTRESOURCEID="E1330C8A-DFE5-467E-AE94-E8B08FAF86F5" PERMISSIONSID="55C2989B-2B2C-41CF-864D-D54A5F520AB9" APPLICATIONRESOURCETYPEID="A9D7A15A-4855-490E-AC64-44D2B2375CE7" RESOURCENAME="advanced"/>
<row RESOURCEID="120EA9E9-D8B7-412D-836F-055AAF81C525" PARENTRESOURCEID="F41B9863-437F-4EB9-B408-D164832984CB" PERMISSIONSID="6ABB0D9F-8E30-45DD-97F0-A5B6F24F9838" APPLICATIONRESOURCETYPEID="A9D7A15A-4855-490E-AC64-44D2B2375CE7" RESOURCENAME="advanced"/>
<row RESOURCEID="1B4B4C11-D61E-494E-A58F-090F7B43CA65" PARENTRESOURCEID="E4A00B10-0A86-4044-9992-03AAAE7DAA6C" PERMISSIONSID="276D1EAF-7808-4B77-B71C-FDD913C3390F" APPLICATIONRESOURCETYPEID="A9D7A15A-4855-490E-AC64-44D2B2375CE7" RESOURCENAME="advanced-my-appearance"/>
<row RESOURCEID="785A3CDA-35E8-42B6-9B16-0A0931FBBF65" PARENTRESOURCEID="FFBD4249-1089-48E1-9AF4-6127DBEDC310" PERMISSIONSID="0305C989-264E-4453-B066-60A9413FB42A" APPLICATIONRESOURCETYPEID="A9D7A15A-4855-490E-AC64-44D2B2375CE7" RESOURCENAME="basic-corrman"/>
<row RESOURCEID="DB614044-F9B1-4BF2-A63A-0AB4ED215465" PARENTRESOURCEID="42230082-E703-43CF-BB2D-0C3172C8B34C" PERMISSIONSID="4C2D42AE-1548-4033-AA97-FE9B48096AE9" APPLICATIONRESOURCETYPEID="A9D7A15A-4855-490E-AC64-44D2B2375CE7" RESOURCENAME="advanced-external-role"/>
<row RESOURCEID="42230082-E703-43CF-BB2D-0C3172C8B34C" PARENTRESOURCEID="2168FA1B-3BAD-46C1-B8EA-6F179498BFC8" PERMISSIONSID="B4FC93D1-97C0-4BD4-91C6-3834B01F351F" APPLICATIONRESOURCETYPEID="A9D7A15A-4855-490E-AC64-44D2B2375CE7" RESOURCENAME="advanced"/>
<row RESOURCEID="7A609B53-DCBD-4500-8F08-0CC60F006527" PARENTRESOURCEID="5E7B85CE-5091-4318-9F6F-C8416E36A96D" PERMISSIONSID="54F006CB-70B3-49B9-8CD9-6088346AC539" APPLICATIONRESOURCETYPEID="A9D7A15A-4855-490E-AC64-44D2B2375CE7" RESOURCENAME="advanced-document-settings"/>
<row RESOURCEID="F9640B3F-953C-459E-9556-126631F2B612" PARENTRESOURCEID="B5A51BF1-79B1-444F-82B6-C634D3A794DF" PERMISSIONSID="B15CC46A-F068-41E3-A1C4-AC44E883B7DC" APPLICATIONRESOURCETYPEID="A9D7A15A-4855-490E-AC64-44D2B2375CE7" RESOURCENAME="reviewer"/>
<row RESOURCEID="D882FFD5-42C6-4837-857D-1823816DCBC7" PARENTRESOURCEID="B5A51BF1-79B1-444F-82B6-C634D3A794DF" PERMISSIONSID="5CDD84A4-F342-48EA-97E7-57474830847C" APPLICATIONRESOURCETYPEID="A9D7A15A-4855-490E-AC64-44D2B2375CE7" RESOURCENAME="doc-tracking"/>
<row RESOURCEID="D882FFD5-42C6-4837-857E-1823816DCBC7" PARENTRESOURCEID="B5A51BF1-79B1-444F-82B6-C634D3A794DF" PERMISSIONSID="8D73AA98-161C-41F4-8712-61BC62C915E8" APPLICATIONRESOURCETYPEID="A9D7A15A-4855-490E-AC64-44D2B2375CE7" RESOURCENAME="prodmon"/>
<row RESOURCEID="F1ADC2DC-9D80-4CCC-B942-192B38ED82D2" PARENTRESOURCEID="ED1DAA79-09A8-4714-A50B-DA15B39BF97D" PERMISSIONSID="48F98927-3324-4AF6-B332-2C3FE1E05B74" APPLICATIONRESOURCETYPEID="A9D7A15A-4855-490E-AC64-44D2B2375CE7" RESOURCENAME="advanced-internal-role-permissions"/>
<row RESOURCEID="2F8FE537-03AC-4FD8-A7F2-1A02356CADB2" PARENTRESOURCEID="ED1DAA79-09A8-4714-A50B-DA15B39BF97D" PERMISSIONSID="905094FC-2268-41AA-BA31-263742AD77D1" APPLICATIONRESOURCETYPEID="A9D7A15A-4855-490E-AC64-44D2B2375CE7" RESOURCENAME="advanced-internal-role-members"/>
<row RESOURCEID="17D06E24-EC95-4FAA-BB64-1A8E4D31BA53" PARENTRESOURCEID="FD551310-7160-4BA0-8EE7-C9B609E5D945" PERMISSIONSID="D644297B-6F5A-4393-83D7-3316F26500F5" APPLICATIONRESOURCETYPEID="A9D7A15A-4855-490E-AC64-44D2B2375CE7" RESOURCENAME="basic"/>
<row RESOURCEID="75B2EB13-CAA4-417B-9F7E-1E3612F18870" PARENTRESOURCEID="2A221C7D-883C-4CE8-9E86-5A4DC76975BD" PERMISSIONSID="E99BDDA4-A72D-4314-9458-B68D1D4294BE" APPLICATIONRESOURCETYPEID="A9D7A15A-4855-490E-AC64-44D2B2375CE7" RESOURCENAME="basic"/>
<row RESOURCEID="E86457B3-2792-43CE-B21C-1EEE945C0E1F" PARENTRESOURCEID="73C22177-5F6C-4BE9-9731-D0CCB6A33D29" PERMISSIONSID="3242FECA-F534-42A3-985C-0A94E33E03DC" APPLICATIONRESOURCETYPEID="A9D7A15A-4855-490E-AC64-44D2B2375CE7" RESOURCENAME="advanced-application-reviewer"/>
<row RESOURCEID="6309A550-08B1-4628-BD0C-20484722FD12" PARENTRESOURCEID="5E7B85CE-5091-4318-9F6F-C8416E36A96D" PERMISSIONSID="71B2C75F-4BCC-41A7-AC01-91E27F39843D" APPLICATIONRESOURCETYPEID="A9D7A15A-4855-490E-AC64-44D2B2375CE7" RESOURCENAME="advanced-document-current-search"/>
<row RESOURCEID="C118006A-BE98-4D56-9C04-2B2BF4B45DF5" PARENTRESOURCEID="F49CB7A5-4460-4D31-912C-7104E0746B42" PERMISSIONSID="6351F37F-A167-4D5D-8A78-B215B51CB35F" APPLICATIONRESOURCETYPEID="A9D7A15A-4855-490E-AC64-44D2B2375CE7" RESOURCENAME="basic-document-saved-search"/>
<row RESOURCEID="DE8ADE08-E3F9-4C86-B402-2B2F1CD6605E" PARENTRESOURCEID="ED1DAA79-09A8-4714-A50B-DA15B39BF97D" PERMISSIONSID="DDA4B4E5-10D4-4BA7-B544-C74E057230E4" APPLICATIONRESOURCETYPEID="A9D7A15A-4855-490E-AC64-44D2B2375CE7" RESOURCENAME="advanced-user-roles"/>
<row RESOURCEID="3C8DE2F9-4557-492B-8812-31CA522EBCAC" PARENTRESOURCEID="120EA9E9-D8B7-412D-836F-055AAF81C525" PERMISSIONSID="959643D8-8664-43BF-833E-E108BE20DA6F" APPLICATIONRESOURCETYPEID="A9D7A15A-4855-490E-AC64-44D2B2375CE7" RESOURCENAME="advanced-resource-to-private"/>
<row RESOURCEID="9136BABF-8010-45AF-B2FA-320D24914CD2" PARENTRESOURCEID="5E7B85CE-5091-4318-9F6F-C8416E36A96D" PERMISSIONSID="D7DDDC8E-A4C9-4E9C-BBEC-456BDDAFF4BF" APPLICATIONRESOURCETYPEID="A9D7A15A-4855-490E-AC64-44D2B2375CE7" RESOURCENAME="advanced-doc-tracking"/>
<row RESOURCEID="B109E2FE-5475-4211-A493-35175D3A3E45" PARENTRESOURCEID="6139115A-0C6F-4591-A35A-D015E6AE8239" PERMISSIONSID="C83C9C70-3694-4EF8-8079-124FE9B86233" APPLICATIONRESOURCETYPEID="A9D7A15A-4855-490E-AC64-44D2B2375CE7" RESOURCENAME="advanced"/>
<row RESOURCEID="5423B121-7420-47E8-8771-35383BD0AAE7" PARENTRESOURCEID="5E7B85CE-5091-4318-9F6F-C8416E36A96D" PERMISSIONSID="779A8FCB-9AF8-45A7-BE6A-6E6E6C841803" APPLICATIONRESOURCETYPEID="A9D7A15A-4855-490E-AC64-44D2B2375CE7" RESOURCENAME="advanced-blob"/>
<row RESOURCEID="B0BB8D56-734D-4940-8C8D-3D443B00945C" PARENTRESOURCEID="5CBE8815-AF94-4689-8259-758A603ECBC3" PERMISSIONSID="66B5F076-A617-461C-B952-4FB25E0FFBC9" APPLICATIONRESOURCETYPEID="A9D7A15A-4855-490E-AC64-44D2B2375CE7" RESOURCENAME="basic-application-reviewer"/>
<row RESOURCEID="7ECF22FC-2159-4239-9ACC-457391001CA3" PARENTRESOURCEID="12028CA6-FDA3-4D91-B803-E76ABE628E54" PERMISSIONSID="473CA875-BCD3-4A2B-904F-197AD0B36AD0" APPLICATIONRESOURCETYPEID="A9D7A15A-4855-490E-AC64-44D2B2375CE7" RESOURCENAME="basic-my-other-settings"/>
<row RESOURCEID="83A3ADA9-38DA-4003-A5C4-565B047E7E34" PARENTRESOURCEID="B5A51BF1-79B1-444F-82B6-C634D3A794DF" PERMISSIONSID="ECCF8F3A-C43C-4F3C-BFD4-DA7DACEFB6A0" APPLICATIONRESOURCETYPEID="A9D7A15A-4855-490E-AC64-44D2B2375CE7" RESOURCENAME="user-roles"/>
<row RESOURCEID="8EBF38D7-D91C-415D-880B-59E7D43C926E" PARENTRESOURCEID="ED1DAA79-09A8-4714-A50B-DA15B39BF97D" PERMISSIONSID="213B7C27-40B5-4232-BE43-4E9485851D68" APPLICATIONRESOURCETYPEID="A9D7A15A-4855-490E-AC64-44D2B2375CE7" RESOURCENAME="advanced-internal-role"/>
<row RESOURCEID="2A221C7D-883C-4CE8-9E86-5A4DC76975BD" PARENTRESOURCEID="B5A51BF1-79B1-444F-82B6-C634D3A794DF" PERMISSIONSID="01079877-E116-45E1-A442-E609FDF88E6B" APPLICATIONRESOURCETYPEID="A9D7A15A-4855-490E-AC64-44D2B2375CE7" RESOURCENAME="adhoc"/>
<row RESOURCEID="0D6155FE-068D-4DFF-9724-5A8EA813C45C" PARENTRESOURCEID="5E7B85CE-5091-4318-9F6F-C8416E36A96D" PERMISSIONSID="7D23D53A-E15B-44EF-B933-65DB79684960" APPLICATIONRESOURCETYPEID="A9D7A15A-4855-490E-AC64-44D2B2375CE7" RESOURCENAME="advanced-document-saved-search"/>
<row RESOURCEID="914E3777-CD6C-4385-AD7D-5C699CBB206F" PARENTRESOURCEID="2168FA1B-3BAD-46C1-B8EA-6F179498BFC8" PERMISSIONSID="0A92B690-964E-43AD-B3CE-99E3B69F39C5" APPLICATIONRESOURCETYPEID="A9D7A15A-4855-490E-AC64-44D2B2375CE7" RESOURCENAME="basic"/>
<row RESOURCEID="39C58F6C-9DB2-4F18-A734-5CF881178E65" PARENTRESOURCEID="2BC1F5A8-A6D2-45BA-B093-608CF598A430" PERMISSIONSID="BDDAF1D1-3D7E-4490-A8A0-21EA4ED3B2F3" APPLICATIONRESOURCETYPEID="A9D7A15A-4855-490E-AC64-44D2B2375CE7" RESOURCENAME="basic-text-management"/>
<row RESOURCEID="2BC1F5A8-A6D2-45BA-B093-608CF598A430" PARENTRESOURCEID="6139115A-0C6F-4591-A35A-D015E6AE8239" PERMISSIONSID="D83F9676-C849-4FEF-843C-2A47BD4E1BB2" APPLICATIONRESOURCETYPEID="A9D7A15A-4855-490E-AC64-44D2B2375CE7" RESOURCENAME="basic"/>
<row RESOURCEID="FFBD4249-1089-48E1-9AF4-6127DBEDC310" PARENTRESOURCEID="F41B9863-437F-4EB9-B408-D164832984CB" PERMISSIONSID="3B424ECE-8498-45E0-9487-2760E1B038B0" APPLICATIONRESOURCETYPEID="A9D7A15A-4855-490E-AC64-44D2B2375CE7" RESOURCENAME="basic"/>
<row RESOURCEID="A9F4752D-6745-431A-9AED-65280159541F" PARENTRESOURCEID="D87822E5-F113-41BD-8351-D500CD2C05B7" PERMISSIONSID="5EFBDAC4-261E-4B1B-8ED9-7DDD1DB0BA71" APPLICATIONRESOURCETYPEID="A9D7A15A-4855-490E-AC64-44D2B2375CE7" RESOURCENAME="advanced-job"/>
<row RESOURCEID="138E031C-0166-4858-847E-6847E341F343" PARENTRESOURCEID="42230082-E703-43CF-BB2D-0C3172C8B34C" PERMISSIONSID="82B9CBCC-3162-478B-9355-BE033B4FE246" APPLICATIONRESOURCETYPEID="A9D7A15A-4855-490E-AC64-44D2B2375CE7" RESOURCENAME="advanced-external-role-members"/>
<row RESOURCEID="80C34E87-725C-4A24-93FA-68787248DDCF" PARENTRESOURCEID="120EA9E9-D8B7-412D-836F-055AAF81C525" PERMISSIONSID="790EB459-0B85-45A7-9745-74DC6E3BEBAA" APPLICATIONRESOURCETYPEID="A9D7A15A-4855-490E-AC64-44D2B2375CE7" RESOURCENAME="advanced-document-definition"/>
<row RESOURCEID="354E1DB3-AB38-4EC9-82AB-6B1E285791C8" PARENTRESOURCEID="B109E2FE-5475-4211-A493-35175D3A3E45" PERMISSIONSID="FD6B6CE0-25A2-4096-BAB0-A55CD1B4BEA7" APPLICATIONRESOURCETYPEID="A9D7A15A-4855-490E-AC64-44D2B2375CE7" RESOURCENAME="advanced-document"/>
<row RESOURCEID="2168FA1B-3BAD-46C1-B8EA-6F179498BFC8" PARENTRESOURCEID="B5A51BF1-79B1-444F-82B6-C634D3A794DF" PERMISSIONSID="7394C0F9-24A5-4C78-854E-8A1CAB4C6E6A" APPLICATIONRESOURCETYPEID="A9D7A15A-4855-490E-AC64-44D2B2375CE7" RESOURCENAME="customers"/>
<row RESOURCEID="0F51BEBD-1B39-4147-8E89-6F43F4D01395" PARENTRESOURCEID="B109E2FE-5475-4211-A493-35175D3A3E45" PERMISSIONSID="42E7AF2D-399F-4913-AC8F-23ACE0928D3B" APPLICATIONRESOURCETYPEID="A9D7A15A-4855-490E-AC64-44D2B2375CE7" RESOURCENAME="advanced-text-management"/>
<row RESOURCEID="2C1D1523-45F7-4341-A4C4-7070E27C5493" PARENTRESOURCEID="914E3777-CD6C-4385-AD7D-5C699CBB206F" PERMISSIONSID="BA037FBD-D544-4883-9732-0D19C5646212" APPLICATIONRESOURCETYPEID="A9D7A15A-4855-490E-AC64-44D2B2375CE7" RESOURCENAME="basic-customers"/>
<row RESOURCEID="F49CB7A5-4460-4D31-912C-7104E0746B42" PARENTRESOURCEID="D882FFD5-42C6-4837-857D-1823816DCBC7" PERMISSIONSID="B6003980-B9F1-4E42-A8A3-5330C63CA592" APPLICATIONRESOURCETYPEID="A9D7A15A-4855-490E-AC64-44D2B2375CE7" RESOURCENAME="basic"/>
<row RESOURCEID="F49CB7A5-4460-4D31-912D-7104E0746B42" PARENTRESOURCEID="D882FFD5-42C6-4837-857E-1823816DCBC7" PERMISSIONSID="B6003980-B9F1-4E42-A8A4-5330C63CA592" APPLICATIONRESOURCETYPEID="A9D7A15A-4855-490E-AC64-44D2B2375CE7" RESOURCENAME="basic"/>
<row RESOURCEID="F49CB7A5-4460-4D31-912E-7104E0746B42" PARENTRESOURCEID="D882FFD5-42C6-4837-857E-1823816DCBC7" PERMISSIONSID="B6003980-B9F1-4E42-A8A5-5330C63CA592" APPLICATIONRESOURCETYPEID="A9D7A15A-4855-490E-AC64-44D2B2375CE7" RESOURCENAME="advanced"/>
<row RESOURCEID="F49CB7A5-4460-4D31-912F-7104E0746B42" PARENTRESOURCEID="F49CB7A5-4460-4D31-912D-7104E0746B42" PERMISSIONSID="B6003980-B9F1-4E42-A8A6-5330C63CA592" APPLICATIONRESOURCETYPEID="A9D7A15A-4855-490E-AC64-44D2B2375CE7" RESOURCENAME="basic-main-view"/>
<row RESOURCEID="F49CB7A5-4460-4D31-9130-7104E0746B42" PARENTRESOURCEID="F49CB7A5-4460-4D31-912E-7104E0746B42" PERMISSIONSID="B6003980-B9F1-4E42-A8A7-5330C63CA592" APPLICATIONRESOURCETYPEID="A9D7A15A-4855-490E-AC64-44D2B2375CE7" RESOURCENAME="advanced-main-view"/>
<row RESOURCEID="F49CB7A5-4460-4D31-9131-7104E0746B42" PARENTRESOURCEID="F49CB7A5-4460-4D31-912E-7104E0746B42" PERMISSIONSID="B6003980-B9F1-4E42-A8A8-5330C63CA592" APPLICATIONRESOURCETYPEID="A9D7A15A-4855-490E-AC64-44D2B2375CE7" RESOURCENAME="advanced-admin-view"/>
<row RESOURCEID="28A7965F-C455-47B6-9AA6-7290D0E43250" PARENTRESOURCEID="74234887-E738-4154-A741-FE5A761BFADF" PERMISSIONSID="66C115F7-A0F4-4B93-BA0F-99901E14A1F2" APPLICATIONRESOURCETYPEID="A9D7A15A-4855-490E-AC64-44D2B2375CE7" RESOURCENAME="basic"/>
<row RESOURCEID="D272E3B2-B4F5-4067-BFC4-72F324D28AB9" PARENTRESOURCEID="28A7965F-C455-47B6-9AA6-7290D0E43250" PERMISSIONSID="D4561F34-CC9B-4201-91FB-D784C0DC8B2D" APPLICATIONRESOURCETYPEID="A9D7A15A-4855-490E-AC64-44D2B2375CE7" RESOURCENAME="basic-job-tracking"/>
<row RESOURCEID="5CBE8815-AF94-4689-8259-758A603ECBC3" PARENTRESOURCEID="F9640B3F-953C-459E-9556-126631F2B612" PERMISSIONSID="2CB55361-E717-461A-AB32-5856D7103D88" APPLICATIONRESOURCETYPEID="A9D7A15A-4855-490E-AC64-44D2B2375CE7" RESOURCENAME="basic"/>
<row RESOURCEID="A3C42FC9-A40C-48B3-8994-7A1632E29905" PARENTRESOURCEID="E4A00B10-0A86-4044-9992-03AAAE7DAA6C" PERMISSIONSID="ED711BD0-23A0-4A52-8B9E-5649D317F6B7" APPLICATIONRESOURCETYPEID="A9D7A15A-4855-490E-AC64-44D2B2375CE7" RESOURCENAME="advanced-my-other-settings"/>
<row RESOURCEID="3ED55544-08A0-4E7B-9741-7C6FBCD1C1FF" PARENTRESOURCEID="2E0A8C92-0DE3-4065-85EF-C5D4B02BC722" PERMISSIONSID="E2784D0F-A074-498C-8433-1E1703137D35" APPLICATIONRESOURCETYPEID="A9D7A15A-4855-490E-AC64-44D2B2375CE7" RESOURCENAME="basic-user-roles"/>
<row RESOURCEID="823AB2E9-B8E9-4F7E-B76F-8AC5B5C3B66D" PARENTRESOURCEID="FD551310-7160-4BA0-8EE7-C9B609E5D945" PERMISSIONSID="EB2AA2FC-05F1-40EA-BEAA-D55F4F14A943" APPLICATIONRESOURCETYPEID="A9D7A15A-4855-490E-AC64-44D2B2375CE7" RESOURCENAME="advanced"/>
<row RESOURCEID="855E26DF-9FD3-4A08-8FC1-949DFFB7E5F5" PARENTRESOURCEID="D87822E5-F113-41BD-8351-D500CD2C05B7" PERMISSIONSID="97BB06B7-423D-4354-BE63-D78A3A0245AA" APPLICATIONRESOURCETYPEID="A9D7A15A-4855-490E-AC64-44D2B2375CE7" RESOURCENAME="advanced-job-tracking"/>
<row RESOURCEID="70F8F08E-4E3E-4844-ADCF-954E2144ABDD" PARENTRESOURCEID="75B2EB13-CAA4-417B-9F7E-1E3612F18870" PERMISSIONSID="FC08641C-E634-4C30-9158-AAA0A470A2DC" APPLICATIONRESOURCETYPEID="A9D7A15A-4855-490E-AC64-44D2B2375CE7" RESOURCENAME="basic-application-adhoc"/>
<row RESOURCEID="03DB29AF-FE3A-4F86-86E5-9B44D0DF16BC" PARENTRESOURCEID="42230082-E703-43CF-BB2D-0C3172C8B34C" PERMISSIONSID="B8E1628A-64CE-4298-AC5E-2E5CF74569B2" APPLICATIONRESOURCETYPEID="A9D7A15A-4855-490E-AC64-44D2B2375CE7" RESOURCENAME="advanced-external-role-permissions"/>
<row RESOURCEID="011A76B5-EC55-4146-AEA7-9D64FD886424" PARENTRESOURCEID="823AB2E9-B8E9-4F7E-B76F-8AC5B5C3B66D" PERMISSIONSID="3192E426-765F-4185-89D2-6C7666953C22" APPLICATIONRESOURCETYPEID="A9D7A15A-4855-490E-AC64-44D2B2375CE7" RESOURCENAME="advanced-distribution"/>
<row RESOURCEID="56101CCC-9DA5-497B-BFBF-A2C533009F80" PARENTRESOURCEID="E4A00B10-0A86-4044-9992-03AAAE7DAA6C" PERMISSIONSID="8730C2F4-4723-4EFA-9881-F059BDBDA42D" APPLICATIONRESOURCETYPEID="A9D7A15A-4855-490E-AC64-44D2B2375CE7" RESOURCENAME="advanced-profiles"/>
<row RESOURCEID="96FA507A-3F9C-42AA-AB64-A2DBB234C9AC" PARENTRESOURCEID="5E7B85CE-5091-4318-9F6F-C8416E36A96D" PERMISSIONSID="28FC8409-CCE6-4168-80B9-6E9E6A11610E" APPLICATIONRESOURCETYPEID="A9D7A15A-4855-490E-AC64-44D2B2375CE7" RESOURCENAME="advanced-document"/>
<row RESOURCEID="984A6A23-3EFC-4EDC-BCF1-A510836415A5" PARENTRESOURCEID="B109E2FE-5475-4211-A493-35175D3A3E45" PERMISSIONSID="CDABCF6F-16A5-47C8-B1A0-E24655106C4D" APPLICATIONRESOURCETYPEID="A9D7A15A-4855-490E-AC64-44D2B2375CE7" RESOURCENAME="advanced-text"/>
<row RESOURCEID="2644C22F-ED26-4A6A-A1BB-A553C5650367" PARENTRESOURCEID="F49CB7A5-4460-4D31-912C-7104E0746B42" PERMISSIONSID="A2D69B22-D2A4-4205-807A-7157ECDC5D6C" APPLICATIONRESOURCETYPEID="A9D7A15A-4855-490E-AC64-44D2B2375CE7" RESOURCENAME="basic-annotation"/>
<row RESOURCEID="A2DAB84A-884D-45BD-BD8B-A5E9224BB7B1" PARENTRESOURCEID="42230082-E703-43CF-BB2D-0C3172C8B34C" PERMISSIONSID="CAAF3972-79D8-4B69-BFAF-1D2570A17CAC" APPLICATIONRESOURCETYPEID="A9D7A15A-4855-490E-AC64-44D2B2375CE7" RESOURCENAME="advanced-customers"/>
<row RESOURCEID="4E4680E7-D2A1-43F9-9B61-A895B29AF238" PARENTRESOURCEID="120EA9E9-D8B7-412D-836F-055AAF81C525" PERMISSIONSID="6E087399-79CE-4F64-B947-97C5B2DBD1C0" APPLICATIONRESOURCETYPEID="A9D7A15A-4855-490E-AC64-44D2B2375CE7" RESOURCENAME="advanced-corrman"/>
<row RESOURCEID="1D716F72-E485-416F-8308-B03D875387EF" PARENTRESOURCEID="F49CB7A5-4460-4D31-912C-7104E0746B42" PERMISSIONSID="C2EE0068-A076-4ADC-832C-0FF41D763C0F" APPLICATIONRESOURCETYPEID="A9D7A15A-4855-490E-AC64-44D2B2375CE7" RESOURCENAME="basic-blob"/>
<row RESOURCEID="8701B927-73A5-4B75-85D0-B40847FF5077" PARENTRESOURCEID="120EA9E9-D8B7-412D-836F-055AAF81C525" PERMISSIONSID="5D9A2F07-6675-42C7-8AEF-37A92A492C49" APPLICATIONRESOURCETYPEID="A9D7A15A-4855-490E-AC64-44D2B2375CE7" RESOURCENAME="advanced-resource"/>
<row RESOURCEID="1C73B6AA-3230-4246-B171-C2A67F68071C" PARENTRESOURCEID="BE66F4F1-344A-42CC-9DF0-C786133809EB" PERMISSIONSID="3A51FD07-0F89-4BD3-9018-8255D7A9E1FD" APPLICATIONRESOURCETYPEID="A9D7A15A-4855-490E-AC64-44D2B2375CE7" RESOURCENAME="advanced-application-adhoc"/>
<row RESOURCEID="BD2D5C64-6F9D-4BD8-99A5-C31E0CAE3D30" PARENTRESOURCEID="823AB2E9-B8E9-4F7E-B76F-8AC5B5C3B66D" PERMISSIONSID="EED99045-CD8F-4611-B85A-B2EB65172571" APPLICATIONRESOURCETYPEID="A9D7A15A-4855-490E-AC64-44D2B2375CE7" RESOURCENAME="advanced-distribution-channel"/>
<row RESOURCEID="2E0A8C92-0DE3-4065-85EF-C5D4B02BC722" PARENTRESOURCEID="83A3ADA9-38DA-4003-A5C4-565B047E7E34" PERMISSIONSID="4B4B87B4-B202-48B6-894E-FF8279EB9253" APPLICATIONRESOURCETYPEID="A9D7A15A-4855-490E-AC64-44D2B2375CE7" RESOURCENAME="basic"/>
<row RESOURCEID="B5A51BF1-79B1-444F-82B6-C634D3A794DF" PARENTRESOURCEID="&lt;NULL&gt;" PERMISSIONSID="8D73AA98-161C-41F4-8711-61BC62C915E8" APPLICATIONRESOURCETYPEID="A9D7A15A-4855-490E-AC64-44D2B2375CE7" RESOURCENAME="docland"/>
<row RESOURCEID="49FB6A1C-87B3-41DD-A90C-C65A376DFE7B" PARENTRESOURCEID="F49CB7A5-4460-4D31-912C-7104E0746B42" PERMISSIONSID="327BEB10-2F0A-480E-A82E-E3792C21E130" APPLICATIONRESOURCETYPEID="A9D7A15A-4855-490E-AC64-44D2B2375CE7" RESOURCENAME="basic-doc-tracking"/>
<row RESOURCEID="BE66F4F1-344A-42CC-9DF0-C786133809EB" PARENTRESOURCEID="2A221C7D-883C-4CE8-9E86-5A4DC76975BD" PERMISSIONSID="662E7FB5-E86B-4B88-A4E9-3582C6F35F80" APPLICATIONRESOURCETYPEID="A9D7A15A-4855-490E-AC64-44D2B2375CE7" RESOURCENAME="advanced"/>
<row RESOURCEID="5E7B85CE-5091-4318-9F6F-C8416E36A96D" PARENTRESOURCEID="D882FFD5-42C6-4837-857D-1823816DCBC7" PERMISSIONSID="D611193F-98D7-4072-BE77-1AEA1B9DCB22" APPLICATIONRESOURCETYPEID="A9D7A15A-4855-490E-AC64-44D2B2375CE7" RESOURCENAME="advanced"/>
<row RESOURCEID="1A695A39-5D26-474C-A1FF-C8C92686F553" PARENTRESOURCEID="E4A00B10-0A86-4044-9992-03AAAE7DAA6C" PERMISSIONSID="D4322346-553D-4BF7-B23C-FBB36F1C2F45" APPLICATIONRESOURCETYPEID="A9D7A15A-4855-490E-AC64-44D2B2375CE7" RESOURCENAME="advanced-my-localization-language"/>
<row RESOURCEID="FD551310-7160-4BA0-8EE7-C9B609E5D945" PARENTRESOURCEID="B5A51BF1-79B1-444F-82B6-C634D3A794DF" PERMISSIONSID="708580D7-42AB-4219-9D22-75D011F2D77E" APPLICATIONRESOURCETYPEID="A9D7A15A-4855-490E-AC64-44D2B2375CE7" RESOURCENAME="distribution"/>
<row RESOURCEID="B3707448-272D-40A0-A612-CC00E286FFD0" PARENTRESOURCEID="17D06E24-EC95-4FAA-BB64-1A8E4D31BA53" PERMISSIONSID="42F41E86-F510-4A33-ADF7-E70754DC539B" APPLICATIONRESOURCETYPEID="A9D7A15A-4855-490E-AC64-44D2B2375CE7" RESOURCENAME="basic-distribution"/>
<row RESOURCEID="6139115A-0C6F-4591-A35A-D015E6AE8239" PARENTRESOURCEID="B5A51BF1-79B1-444F-82B6-C634D3A794DF" PERMISSIONSID="8621FB2D-DF6F-4652-A105-439694389205" APPLICATIONRESOURCETYPEID="A9D7A15A-4855-490E-AC64-44D2B2375CE7" RESOURCENAME="text-management"/>
<row RESOURCEID="73C22177-5F6C-4BE9-9731-D0CCB6A33D29" PARENTRESOURCEID="F9640B3F-953C-459E-9556-126631F2B612" PERMISSIONSID="49626408-3C22-4DF7-B1BC-E63048F592DD" APPLICATIONRESOURCETYPEID="A9D7A15A-4855-490E-AC64-44D2B2375CE7" RESOURCENAME="advanced"/>
<row RESOURCEID="F41B9863-437F-4EB9-B408-D164832984CB" PARENTRESOURCEID="B5A51BF1-79B1-444F-82B6-C634D3A794DF" PERMISSIONSID="5CB72727-49EF-41C8-A152-CA004AE1F83B" APPLICATIONRESOURCETYPEID="A9D7A15A-4855-490E-AC64-44D2B2375CE7" RESOURCENAME="corrman"/>
<row RESOURCEID="D87822E5-F113-41BD-8351-D500CD2C05B7" PARENTRESOURCEID="74234887-E738-4154-A741-FE5A761BFADF" PERMISSIONSID="C15EFAB0-939A-46C8-9E0A-B0BD32870955" APPLICATIONRESOURCETYPEID="A9D7A15A-4855-490E-AC64-44D2B2375CE7" RESOURCENAME="advanced"/>
<row RESOURCEID="76EB509D-8D7A-4BF5-98B0-D5332EC0158C" PARENTRESOURCEID="12028CA6-FDA3-4D91-B803-E76ABE628E54" PERMISSIONSID="DCDF9887-BE27-4DA4-A6EC-49D634CCD2FD" APPLICATIONRESOURCETYPEID="A9D7A15A-4855-490E-AC64-44D2B2375CE7" RESOURCENAME="basic-profiles"/>
<row RESOURCEID="ED1DAA79-09A8-4714-A50B-DA15B39BF97D" PARENTRESOURCEID="83A3ADA9-38DA-4003-A5C4-565B047E7E34" PERMISSIONSID="D72720BB-6562-40A0-BCF3-4A7915D616F4" APPLICATIONRESOURCETYPEID="A9D7A15A-4855-490E-AC64-44D2B2375CE7" RESOURCENAME="advanced"/>
<row RESOURCEID="3719C990-A16A-43D4-B261-E29F71E9E372" PARENTRESOURCEID="F49CB7A5-4460-4D31-912C-7104E0746B42" PERMISSIONSID="45FA31B5-4CD6-44FB-8721-59C7B85D8A1E" APPLICATIONRESOURCETYPEID="A9D7A15A-4855-490E-AC64-44D2B2375CE7" RESOURCENAME="basic-document"/>
<row RESOURCEID="12028CA6-FDA3-4D91-B803-E76ABE628E54" PARENTRESOURCEID="E1330C8A-DFE5-467E-AE94-E8B08FAF86F5" PERMISSIONSID="C493CF45-088B-4074-B308-113ED6056191" APPLICATIONRESOURCETYPEID="A9D7A15A-4855-490E-AC64-44D2B2375CE7" RESOURCENAME="basic"/>
<row RESOURCEID="E1330C8A-DFE5-467E-AE94-E8B08FAF86F5" PARENTRESOURCEID="B5A51BF1-79B1-444F-82B6-C634D3A794DF" PERMISSIONSID="4124C53D-4FCF-4029-86BA-44E449161373" APPLICATIONRESOURCETYPEID="A9D7A15A-4855-490E-AC64-44D2B2375CE7" RESOURCENAME="profiles"/>
<row RESOURCEID="A7297BCB-BC12-4ED4-B627-EB7F56EFEDE8" PARENTRESOURCEID="5E7B85CE-5091-4318-9F6F-C8416E36A96D" PERMISSIONSID="4BE191BE-3B2E-4667-81DC-1B85DBEDE669" APPLICATIONRESOURCETYPEID="A9D7A15A-4855-490E-AC64-44D2B2375CE7" RESOURCENAME="advanced-annotation"/>
<row RESOURCEID="BC4DE2FE-08CB-4B29-B966-EC8E5E1F51DC" PARENTRESOURCEID="12028CA6-FDA3-4D91-B803-E76ABE628E54" PERMISSIONSID="85F85C85-4774-45B0-BFC2-E228E50BA1F1" APPLICATIONRESOURCETYPEID="A9D7A15A-4855-490E-AC64-44D2B2375CE7" RESOURCENAME="basic-my-localization-language"/>
<row RESOURCEID="778CF19B-3214-4D8D-88CB-EF35F70EC2AD" PARENTRESOURCEID="F49CB7A5-4460-4D31-912C-7104E0746B42" PERMISSIONSID="F0A0B791-3C73-4A83-A0A1-D08AF338A2EC" APPLICATIONRESOURCETYPEID="A9D7A15A-4855-490E-AC64-44D2B2375CE7" RESOURCENAME="basic-document-current-search"/>
<row RESOURCEID="74234887-E738-4154-A741-FE5A761BFADF" PARENTRESOURCEID="B5A51BF1-79B1-444F-82B6-C634D3A794DF" PERMISSIONSID="45C58E5C-EF09-437B-A1A3-B724D7CEBDA6" APPLICATIONRESOURCETYPEID="A9D7A15A-4855-490E-AC64-44D2B2375CE7" RESOURCENAME="job-tracking"/>
</ApplicationResource>
<relAppResOperation RESOURCEID="java.lang.String" OPERATIONID="java.lang.String" CREATIONDATETIME="java.sql.Timestamp">
<row RESOURCEID="1B4B4C11-D61E-494E-A58F-090F7B43CA65" OPERATIONID="4762CF3D-3CED-4848-A74A-1F55CED8ED33" CREATIONDATETIME="2017-06-07 19:16:24.533"/>
<row RESOURCEID="1B4B4C11-D61E-494E-A58F-090F7B43CA65" OPERATIONID="BDE0758D-DC74-4EF5-87D9-CA7008DE2D13" CREATIONDATETIME="2017-06-07 19:16:24.533"/>
<row RESOURCEID="785A3CDA-35E8-42B6-9B16-0A0931FBBF65" OPERATIONID="BDE0758D-DC74-4EF5-87D9-CA7008DE2D13" CREATIONDATETIME="2017-06-07 19:16:24.563"/>
<row RESOURCEID="DB614044-F9B1-4BF2-A63A-0AB4ED215465" OPERATIONID="76D2C0F2-5034-435B-B654-687BA051FBD3" CREATIONDATETIME="2017-06-07 19:16:24.487"/>
<row RESOURCEID="7A609B53-DCBD-4500-8F08-0CC60F006527" OPERATIONID="4762CF3D-3CED-4848-A74A-1F55CED8ED33" CREATIONDATETIME="2017-06-07 19:16:24.44"/>
<row RESOURCEID="7A609B53-DCBD-4500-8F08-0CC60F006527" OPERATIONID="BDE0758D-DC74-4EF5-87D9-CA7008DE2D13" CREATIONDATETIME="2017-06-07 19:16:24.44"/>
<row RESOURCEID="F1ADC2DC-9D80-4CCC-B942-192B38ED82D2" OPERATIONID="4762CF3D-3CED-4848-A74A-1F55CED8ED33" CREATIONDATETIME="2017-06-07 19:16:24.47"/>
<row RESOURCEID="2F8FE537-03AC-4FD8-A7F2-1A02356CADB2" OPERATIONID="4762CF3D-3CED-4848-A74A-1F55CED8ED33" CREATIONDATETIME="2017-06-07 19:16:24.47"/>
<row RESOURCEID="E86457B3-2792-43CE-B21C-1EEE945C0E1F" OPERATIONID="FC229911-C65F-4509-B450-35724D59976A" CREATIONDATETIME="2017-06-07 19:16:24.613"/>
<row RESOURCEID="6309A550-08B1-4628-BD0C-20484722FD12" OPERATIONID="BB7A66E3-8E2C-4ABB-88E3-D86D31951CA8" CREATIONDATETIME="2017-06-07 19:16:24.43"/>
<row RESOURCEID="C118006A-BE98-4D56-9C04-2B2BF4B45DF5" OPERATIONID="BB7A66E3-8E2C-4ABB-88E3-D86D31951CA8" CREATIONDATETIME="2017-06-07 19:16:24.383"/>
<row RESOURCEID="DE8ADE08-E3F9-4C86-B402-2B2F1CD6605E" OPERATIONID="BDE0758D-DC74-4EF5-87D9-CA7008DE2D13" CREATIONDATETIME="2017-06-07 19:16:24.463"/>
<row RESOURCEID="3C8DE2F9-4557-492B-8812-31CA522EBCAC" OPERATIONID="4762CF3D-3CED-4848-A74A-1F55CED8ED33" CREATIONDATETIME="2017-06-07 19:16:24.58"/>
<row RESOURCEID="9136BABF-8010-45AF-B2FA-320D24914CD2" OPERATIONID="BDE0758D-DC74-4EF5-87D9-CA7008DE2D13" CREATIONDATETIME="2017-06-07 19:16:24.407"/>
<row RESOURCEID="5423B121-7420-47E8-8771-35383BD0AAE7" OPERATIONID="0EE32427-A671-4C23-9823-608BB3A444C4" CREATIONDATETIME="2017-06-07 19:16:24.433"/>
<row RESOURCEID="5423B121-7420-47E8-8771-35383BD0AAE7" OPERATIONID="76D2C0F2-5034-435B-B654-687BA051FBD3" CREATIONDATETIME="2017-06-07 19:16:24.433"/>
<row RESOURCEID="5423B121-7420-47E8-8771-35383BD0AAE7" OPERATIONID="BDE0758D-DC74-4EF5-87D9-CA7008DE2D13" CREATIONDATETIME="2017-06-07 19:16:24.43"/>
<row RESOURCEID="B0BB8D56-734D-4940-8C8D-3D443B00945C" OPERATIONID="FC229911-C65F-4509-B450-35724D59976A" CREATIONDATETIME="2017-06-07 19:16:24.607"/>
<row RESOURCEID="7ECF22FC-2159-4239-9ACC-457391001CA3" OPERATIONID="4762CF3D-3CED-4848-A74A-1F55CED8ED33" CREATIONDATETIME="2017-06-07 19:16:24.523"/>
<row RESOURCEID="7ECF22FC-2159-4239-9ACC-457391001CA3" OPERATIONID="BDE0758D-DC74-4EF5-87D9-CA7008DE2D13" CREATIONDATETIME="2017-06-07 19:16:24.523"/>
<row RESOURCEID="8EBF38D7-D91C-415D-880B-59E7D43C926E" OPERATIONID="76D2C0F2-5034-435B-B654-687BA051FBD3" CREATIONDATETIME="2017-06-07 19:16:24.467"/>
<row RESOURCEID="0D6155FE-068D-4DFF-9724-5A8EA813C45C" OPERATIONID="BB7A66E3-8E2C-4ABB-88E3-D86D31951CA8" CREATIONDATETIME="2017-06-07 19:16:24.42"/>
<row RESOURCEID="39C58F6C-9DB2-4F18-A734-5CF881178E65" OPERATIONID="BDE0758D-DC74-4EF5-87D9-CA7008DE2D13" CREATIONDATETIME="2017-06-07 19:16:24.547"/>
<row RESOURCEID="A9F4752D-6745-431A-9AED-65280159541F" OPERATIONID="76D2C0F2-5034-435B-B654-687BA051FBD3" CREATIONDATETIME="2017-06-07 19:16:24.453"/>
<row RESOURCEID="138E031C-0166-4858-847E-6847E341F343" OPERATIONID="4762CF3D-3CED-4848-A74A-1F55CED8ED33" CREATIONDATETIME="2017-06-07 19:16:24.49"/>
<row RESOURCEID="80C34E87-725C-4A24-93FA-68787248DDCF" OPERATIONID="C0F098CE-817C-4865-983B-BF98BCBFEC7B" CREATIONDATETIME="2017-06-07 19:16:24.573"/>
<row RESOURCEID="80C34E87-725C-4A24-93FA-68787248DDCF" OPERATIONID="4C799025-ABF7-46D4-8168-DC92E9FD40F3" CREATIONDATETIME="2017-06-07 19:16:24.573"/>
<row RESOURCEID="354E1DB3-AB38-4EC9-82AB-6B1E285791C8" OPERATIONID="4C799025-ABF7-46D4-8168-DC92E9FD40F3" CREATIONDATETIME="2017-06-07 19:16:24.56"/>
<row RESOURCEID="0F51BEBD-1B39-4147-8E89-6F43F4D01395" OPERATIONID="BDE0758D-DC74-4EF5-87D9-CA7008DE2D13" CREATIONDATETIME="2017-06-07 19:16:24.55"/>
<row RESOURCEID="2C1D1523-45F7-4341-A4C4-7070E27C5493" OPERATIONID="BDE0758D-DC74-4EF5-87D9-CA7008DE2D13" CREATIONDATETIME="2017-06-07 19:16:24.48"/>
<row RESOURCEID="F49CB7A5-4460-4D31-912F-7104E0746B42" OPERATIONID="BDE0758D-DC74-4EF5-87D9-CA7008DE2D13" CREATIONDATETIME="2017-06-07 19:16:24.583"/>
<row RESOURCEID="F49CB7A5-4460-4D31-9130-7104E0746B42" OPERATIONID="BDE0758D-DC74-4EF5-87D9-CA7008DE2D13" CREATIONDATETIME="2017-06-07 19:16:24.59"/>
<row RESOURCEID="F49CB7A5-4460-4D31-9131-7104E0746B42" OPERATIONID="BDE0758D-DC74-4EF5-87D9-CA7008DE2D13" CREATIONDATETIME="2017-06-07 19:16:24.593"/>
<row RESOURCEID="D272E3B2-B4F5-4067-BFC4-72F324D28AB9" OPERATIONID="BDE0758D-DC74-4EF5-87D9-CA7008DE2D13" CREATIONDATETIME="2017-06-07 19:16:24.447"/>
<row RESOURCEID="A3C42FC9-A40C-48B3-8994-7A1632E29905" OPERATIONID="4762CF3D-3CED-4848-A74A-1F55CED8ED33" CREATIONDATETIME="2017-06-07 19:16:24.54"/>
<row RESOURCEID="A3C42FC9-A40C-48B3-8994-7A1632E29905" OPERATIONID="BDE0758D-DC74-4EF5-87D9-CA7008DE2D13" CREATIONDATETIME="2017-06-07 19:16:24.54"/>
<row RESOURCEID="3ED55544-08A0-4E7B-9741-7C6FBCD1C1FF" OPERATIONID="BDE0758D-DC74-4EF5-87D9-CA7008DE2D13" CREATIONDATETIME="2017-06-07 19:16:24.46"/>
<row RESOURCEID="855E26DF-9FD3-4A08-8FC1-949DFFB7E5F5" OPERATIONID="BDE0758D-DC74-4EF5-87D9-CA7008DE2D13" CREATIONDATETIME="2017-06-07 19:16:24.45"/>
<row RESOURCEID="70F8F08E-4E3E-4844-ADCF-954E2144ABDD" OPERATIONID="FC229911-C65F-4509-B450-35724D59976A" CREATIONDATETIME="2017-06-07 19:16:24.603"/>
<row RESOURCEID="03DB29AF-FE3A-4F86-86E5-9B44D0DF16BC" OPERATIONID="4762CF3D-3CED-4848-A74A-1F55CED8ED33" CREATIONDATETIME="2017-06-07 19:16:24.493"/>
<row RESOURCEID="011A76B5-EC55-4146-AEA7-9D64FD886424" OPERATIONID="BDE0758D-DC74-4EF5-87D9-CA7008DE2D13" CREATIONDATETIME="2017-06-07 19:16:24.503"/>
<row RESOURCEID="56101CCC-9DA5-497B-BFBF-A2C533009F80" OPERATIONID="BDE0758D-DC74-4EF5-87D9-CA7008DE2D13" CREATIONDATETIME="2017-06-07 19:16:24.53"/>
<row RESOURCEID="96FA507A-3F9C-42AA-AB64-A2DBB234C9AC" OPERATIONID="0EE32427-A671-4C23-9823-608BB3A444C4" CREATIONDATETIME="2017-06-07 19:16:24.417"/>
<row RESOURCEID="96FA507A-3F9C-42AA-AB64-A2DBB234C9AC" OPERATIONID="76D2C0F2-5034-435B-B654-687BA051FBD3" CREATIONDATETIME="2017-06-07 19:16:24.413"/>
<row RESOURCEID="96FA507A-3F9C-42AA-AB64-A2DBB234C9AC" OPERATIONID="CE58B145-B3FB-4EA1-AC2E-A17E3C629956" CREATIONDATETIME="2017-06-07 19:16:24.413"/>
<row RESOURCEID="96FA507A-3F9C-42AA-AB64-A2DBB234C9AC" OPERATIONID="BDE0758D-DC74-4EF5-87D9-CA7008DE2D13" CREATIONDATETIME="2017-06-07 19:16:24.413"/>
<row RESOURCEID="984A6A23-3EFC-4EDC-BCF1-A510836415A5" OPERATIONID="1016D1C4-3BBA-4EA0-A07A-097ECC8424C5" CREATIONDATETIME="2017-06-07 19:16:24.557"/>
<row RESOURCEID="984A6A23-3EFC-4EDC-BCF1-A510836415A5" OPERATIONID="B549FC99-79AF-4E61-9A28-7A2B33DCD077" CREATIONDATETIME="2017-06-07 19:16:24.553"/>
<row RESOURCEID="2644C22F-ED26-4A6A-A1BB-A553C5650367" OPERATIONID="C0F098CE-817C-4865-983B-BF98BCBFEC7B" CREATIONDATETIME="2017-06-07 19:16:24.393"/>
<row RESOURCEID="2644C22F-ED26-4A6A-A1BB-A553C5650367" OPERATIONID="BDE0758D-DC74-4EF5-87D9-CA7008DE2D13" CREATIONDATETIME="2017-06-07 19:16:24.393"/>
<row RESOURCEID="A2DAB84A-884D-45BD-BD8B-A5E9224BB7B1" OPERATIONID="BDE0758D-DC74-4EF5-87D9-CA7008DE2D13" CREATIONDATETIME="2017-06-07 19:16:24.483"/>
<row RESOURCEID="4E4680E7-D2A1-43F9-9B61-A895B29AF238" OPERATIONID="BDE0758D-DC74-4EF5-87D9-CA7008DE2D13" CREATIONDATETIME="2017-06-07 19:16:24.57"/>
<row RESOURCEID="1D716F72-E485-416F-8308-B03D875387EF" OPERATIONID="BDE0758D-DC74-4EF5-87D9-CA7008DE2D13" CREATIONDATETIME="2017-06-07 19:16:24.39"/>
<row RESOURCEID="8701B927-73A5-4B75-85D0-B40847FF5077" OPERATIONID="B549FC99-79AF-4E61-9A28-7A2B33DCD077" CREATIONDATETIME="2017-06-07 19:16:24.57"/>
<row RESOURCEID="1C73B6AA-3230-4246-B171-C2A67F68071C" OPERATIONID="FC229911-C65F-4509-B450-35724D59976A" CREATIONDATETIME="2017-06-07 19:16:24.613"/>
<row RESOURCEID="BD2D5C64-6F9D-4BD8-99A5-C31E0CAE3D30" OPERATIONID="4762CF3D-3CED-4848-A74A-1F55CED8ED33" CREATIONDATETIME="2017-06-07 19:16:24.51"/>
<row RESOURCEID="BD2D5C64-6F9D-4BD8-99A5-C31E0CAE3D30" OPERATIONID="76D2C0F2-5034-435B-B654-687BA051FBD3" CREATIONDATETIME="2017-06-07 19:16:24.51"/>
<row RESOURCEID="BD2D5C64-6F9D-4BD8-99A5-C31E0CAE3D30" OPERATIONID="C0F098CE-817C-4865-983B-BF98BCBFEC7B" CREATIONDATETIME="2017-06-07 19:16:24.507"/>
<row RESOURCEID="BD2D5C64-6F9D-4BD8-99A5-C31E0CAE3D30" OPERATIONID="BDE0758D-DC74-4EF5-87D9-CA7008DE2D13" CREATIONDATETIME="2017-06-07 19:16:24.507"/>
<row RESOURCEID="49FB6A1C-87B3-41DD-A90C-C65A376DFE7B" OPERATIONID="BDE0758D-DC74-4EF5-87D9-CA7008DE2D13" CREATIONDATETIME="2017-06-07 19:16:24.377"/>
<row RESOURCEID="1A695A39-5D26-474C-A1FF-C8C92686F553" OPERATIONID="4762CF3D-3CED-4848-A74A-1F55CED8ED33" CREATIONDATETIME="2017-06-07 19:16:24.537"/>
<row RESOURCEID="1A695A39-5D26-474C-A1FF-C8C92686F553" OPERATIONID="BDE0758D-DC74-4EF5-87D9-CA7008DE2D13" CREATIONDATETIME="2017-06-07 19:16:24.537"/>
<row RESOURCEID="B3707448-272D-40A0-A612-CC00E286FFD0" OPERATIONID="BDE0758D-DC74-4EF5-87D9-CA7008DE2D13" CREATIONDATETIME="2017-06-07 19:16:24.5"/>
<row RESOURCEID="76EB509D-8D7A-4BF5-98B0-D5332EC0158C" OPERATIONID="BDE0758D-DC74-4EF5-87D9-CA7008DE2D13" CREATIONDATETIME="2017-06-07 19:16:24.517"/>
<row RESOURCEID="3719C990-A16A-43D4-B261-E29F71E9E372" OPERATIONID="CE58B145-B3FB-4EA1-AC2E-A17E3C629956" CREATIONDATETIME="2017-06-07 19:16:24.38"/>
<row RESOURCEID="3719C990-A16A-43D4-B261-E29F71E9E372" OPERATIONID="BDE0758D-DC74-4EF5-87D9-CA7008DE2D13" CREATIONDATETIME="2017-06-07 19:16:24.38"/>
<row RESOURCEID="A7297BCB-BC12-4ED4-B627-EB7F56EFEDE8" OPERATIONID="76D2C0F2-5034-435B-B654-687BA051FBD3" CREATIONDATETIME="2017-06-07 19:16:24.437"/>
<row RESOURCEID="A7297BCB-BC12-4ED4-B627-EB7F56EFEDE8" OPERATIONID="C0F098CE-817C-4865-983B-BF98BCBFEC7B" CREATIONDATETIME="2017-06-07 19:16:24.437"/>
<row RESOURCEID="A7297BCB-BC12-4ED4-B627-EB7F56EFEDE8" OPERATIONID="BDE0758D-DC74-4EF5-87D9-CA7008DE2D13" CREATIONDATETIME="2017-06-07 19:16:24.437"/>
<row RESOURCEID="BC4DE2FE-08CB-4B29-B966-EC8E5E1F51DC" OPERATIONID="4762CF3D-3CED-4848-A74A-1F55CED8ED33" CREATIONDATETIME="2017-06-07 19:16:24.52"/>
<row RESOURCEID="BC4DE2FE-08CB-4B29-B966-EC8E5E1F51DC" OPERATIONID="BDE0758D-DC74-4EF5-87D9-CA7008DE2D13" CREATIONDATETIME="2017-06-07 19:16:24.52"/>
<row RESOURCEID="778CF19B-3214-4D8D-88CB-EF35F70EC2AD" OPERATIONID="BB7A66E3-8E2C-4ABB-88E3-D86D31951CA8" CREATIONDATETIME="2017-06-07 19:16:24.387"/>
</relAppResOperation>
<RoleSettingValue ROLESETTINGVALUEID="java.lang.String" SETTINGID="java.lang.String" ROLEID="java.lang.String" SETTINGTYPE="java.lang.String" SETTINGVALUE="java.lang.String" LOCKED="java.lang.Integer" DOCUMENTTYPEID="java.lang.String" CREATIONDATETIME="java.sql.Timestamp"/>
<PrincipalObjectSettingValue PRINCIPALOBJECTSETTINGVALUEID="java.lang.String" SETTINGID="java.lang.String" PRINCIPALOBJECTID="java.lang.String" SETTINGTYPE="java.lang.String" SETTINGVALUE="java.lang.String" LOCKED="java.lang.Integer" DOCUMENTTYPEID="java.lang.String"/>
<ResultProfile RESULTPROFILEID="java.lang.String" PROFILENAME="java.lang.String" SORTITEMID="java.lang.String" SORTDIRECTION="java.lang.Integer" CREATIONDATETIME="java.sql.Timestamp"/>
<ResultProfileItem RESULTPROFILEITEMID="java.lang.String" RESULTPROFILEID="java.lang.String" FIXED="java.lang.Integer" COLUMNID="java.lang.String" COLUMNDATATYPE="java.lang.Integer" SORTORDER="java.lang.Integer" CREATIONDATETIME="java.sql.Timestamp"/>
<Search SEARCHID="java.lang.String" LISTRESULTPROFILEID="java.lang.String" DETAILSRESULTPROFILEID="java.lang.String" CRITERIAPROFILEID="java.lang.String" DOCUMENTTYPE="java.lang.String" SEARCHNAME="java.lang.String" SEARCHTYPEID="java.lang.String" OBJECTREFERENCE="java.lang.String" DEFAULTFOROBJECT="java.lang.Integer" CREATIONDATETIME="java.sql.Timestamp"/>
<SearchCriteriaItem SEARCHCRITERIAITEMID="java.lang.String" SEARCHID="java.lang.String" COLUMNID="java.lang.String" SEARCHCONDITION="java.lang.String" CONDITIONDATATYPE="java.lang.Integer" FIXED="java.lang.Integer" CREATIONDATETIME="java.sql.Timestamp"/>
</root>
