<?xml version="1.0" encoding="UTF-8"?><root>
<MetaDataName METADATANAMEID="java.lang.String" TYPEID="java.lang.String" METADATANAME="java.lang.String" DATATYPE="java.lang.Integer" MULTIPLEVALUES="java.lang.Integer" REQUIRED="java.lang.Integer" SOURCE="java.lang.String" SOURCETABLE="java.lang.String" SOURCECOLUMN="java.lang.String" USEMASK="java.lang.Integer" CREATIONDATETIME="java.sql.Timestamp"/>
<ResourceStore RESOURCESTOREID="java.lang.String" DOCUMENTTYPEID="java.lang.String" PERMISSIONSID="java.lang.String" PRINCIPALOBJECTID="java.lang.String" RESOURCETYPEID="java.lang.String" VERSION="java.lang.Integer" STATE="java.lang.Integer" RESOURCENAME="java.lang.String" DESCRIPTION="java.lang.String" EXTERNALID="java.lang.String" CREATIONDATETIME="java.sql.Timestamp">
<row RESOURCESTOREID="2C9B91D3-47D0-65D6-0148-0F44D23C1EBD" DOCUMENTTYPEID="&lt;NULL&gt;" PERMISSIONSID="&lt;NULL&gt;" PRINCIPALOBJECTID="&lt;NULL&gt;" RESOURCETYPEID="EEA85989-E501-4B61-A219-6F81F69BBF8E" VERSION="4" STATE="-1" RESOURCENAME="Image Anchor" DESCRIPTION="This is an embedded text" EXTERNALID="2c9b91d34649282c014667f428d00232" CREATIONDATETIME="2016-06-28 13:27:21.083"/>
<row RESOURCESTOREID="2C9B91D3-50D9-3AA0-0151-2081DE4A0110" DOCUMENTTYPEID="&lt;NULL&gt;" PERMISSIONSID="&lt;NULL&gt;" PRINCIPALOBJECTID="&lt;NULL&gt;" RESOURCETYPEID="EEA85989-E501-4B61-A219-6F81F69BBF8E" VERSION="13" STATE="-1" RESOURCENAME="Image Anchor" DESCRIPTION="This is an embedded text" EXTERNALID="2c9b91d34bb7704b014befd7ae50022f" CREATIONDATETIME="2016-06-28 13:27:16.263"/>
<row RESOURCESTOREID="2C9B91D3-50D9-3AA0-0151-20A3898401D0" DOCUMENTTYPEID="&lt;NULL&gt;" PERMISSIONSID="&lt;NULL&gt;" PRINCIPALOBJECTID="&lt;NULL&gt;" RESOURCETYPEID="60624C6A-5322-4E26-9EF9-67F810832FE0" VERSION="4" STATE="-1" RESOURCENAME="proc_ebill.commercial_ebill.proc_ebill.commercial_ebill" DESCRIPTION="&lt;NULL&gt;" EXTERNALID="2c9b91d34e21986d014e9d505572024f" CREATIONDATETIME="2016-06-28 13:27:16.32"/>
<row RESOURCESTOREID="2C9B91D3-50D9-3AA0-0151-20A4F7160212" DOCUMENTTYPEID="&lt;NULL&gt;" PERMISSIONSID="&lt;NULL&gt;" PRINCIPALOBJECTID="&lt;NULL&gt;" RESOURCETYPEID="60624C6A-5322-4E26-9EF9-67F810832FE0" VERSION="7" STATE="-1" RESOURCENAME="proc_ebill.commercial_ebill.proc_ebill.commercial_ebill" DESCRIPTION="&lt;NULL&gt;" EXTERNALID="2c9b91d34b7988af014b840c3b4f0087" CREATIONDATETIME="2016-06-28 13:27:16.327"/>
<row RESOURCESTOREID="2C9B91D3-4E0C-636C-014E-20B18941008A" DOCUMENTTYPEID="&lt;NULL&gt;" PERMISSIONSID="&lt;NULL&gt;" PRINCIPALOBJECTID="&lt;NULL&gt;" RESOURCETYPEID="EEA85989-E501-4B61-A219-6F81F69BBF8E" VERSION="7" STATE="-1" RESOURCENAME="Embedded text" DESCRIPTION="This is an embedded text" EXTERNALID="2c9b91d347d065d60147f42ec896102a" CREATIONDATETIME="2016-06-28 13:27:21.123"/>
<row RESOURCESTOREID="2C9B91D3-542F-8BD6-0154-398D09E10237" DOCUMENTTYPEID="&lt;NULL&gt;" PERMISSIONSID="&lt;NULL&gt;" PRINCIPALOBJECTID="&lt;NULL&gt;" RESOURCETYPEID="60624C6A-5322-4E26-9EF9-67F810832FE0" VERSION="3" STATE="-1" RESOURCENAME="proc_ebill.commercial_ebill.proc_ebill.commercial_ebill" DESCRIPTION="&lt;NULL&gt;" EXTERNALID="2c9b91d34cd8ca6e014cdc47fecb0087" CREATIONDATETIME="2016-06-28 13:27:16.29"/>
<row RESOURCESTOREID="2C9B91D3-542F-8BD6-0154-398D7BB6025E" DOCUMENTTYPEID="&lt;NULL&gt;" PERMISSIONSID="&lt;NULL&gt;" PRINCIPALOBJECTID="&lt;NULL&gt;" RESOURCETYPEID="60624C6A-5322-4E26-9EF9-67F810832FE0" VERSION="4" STATE="-1" RESOURCENAME="proc_ebill.commercial_ebill.proc_ebill.commercial_ebill" DESCRIPTION="&lt;NULL&gt;" EXTERNALID="2c9b91d34bb7704b014befc8de800165" CREATIONDATETIME="2016-06-28 13:27:16.317"/>
<row RESOURCESTOREID="2C9B91D3-542F-8BD6-0154-3995C28102D3" DOCUMENTTYPEID="&lt;NULL&gt;" PERMISSIONSID="&lt;NULL&gt;" PRINCIPALOBJECTID="&lt;NULL&gt;" RESOURCETYPEID="EEA85989-E501-4B61-A219-6F81F69BBF8E" VERSION="21" STATE="-1" RESOURCENAME="Image Anchor" DESCRIPTION="This is an embedded text" EXTERNALID="2c9b91d34649282c01465e79cc43006d" CREATIONDATETIME="2016-06-28 13:27:16.233"/>
<row RESOURCESTOREID="2C9B91D3-542F-8BD6-0154-399913140327" DOCUMENTTYPEID="&lt;NULL&gt;" PERMISSIONSID="&lt;NULL&gt;" PRINCIPALOBJECTID="&lt;NULL&gt;" RESOURCETYPEID="EEA85989-E501-4B61-A219-6F81F69BBF8E" VERSION="15" STATE="-1" RESOURCENAME="Image Anchor" DESCRIPTION="This is an embedded text" EXTERNALID="2c9b91d34bb7704b014bf004a9a902cf" CREATIONDATETIME="2016-06-28 13:27:16.277"/>
<row RESOURCESTOREID="2C9B91D3-4CDC-4D68-014D-48E3B788061F" DOCUMENTTYPEID="&lt;NULL&gt;" PERMISSIONSID="&lt;NULL&gt;" PRINCIPALOBJECTID="&lt;NULL&gt;" RESOURCETYPEID="60624C6A-5322-4E26-9EF9-67F810832FE0" VERSION="1" STATE="-1" RESOURCENAME="Not_in_BWB" DESCRIPTION=" $STRS_REPLACE_RESOURCE_NOTE_XMLESC$" EXTERNALID="2c9b91d34cdc4d68014d48e3b788061e" CREATIONDATETIME="2016-06-28 13:27:16.293"/>
<row RESOURCESTOREID="2C9B91D3-4CDC-4D68-014D-48E456B4066F" DOCUMENTTYPEID="&lt;NULL&gt;" PERMISSIONSID="&lt;NULL&gt;" PRINCIPALOBJECTID="&lt;NULL&gt;" RESOURCETYPEID="60624C6A-5322-4E26-9EF9-67F810832FE0" VERSION="1" STATE="-1" RESOURCENAME="Not_In_APP" DESCRIPTION="Not_In_APP" EXTERNALID="2c9b91d34cdc4d68014d48e456b4066e" CREATIONDATETIME="2016-06-28 13:27:16.313"/>
<row RESOURCESTOREID="2C9B91D3-4CDC-4D68-014D-48E4D40E0697" DOCUMENTTYPEID="&lt;NULL&gt;" PERMISSIONSID="&lt;NULL&gt;" PRINCIPALOBJECTID="&lt;NULL&gt;" RESOURCETYPEID="60624C6A-5322-4E26-9EF9-67F810832FE0" VERSION="1" STATE="-1" RESOURCENAME="Not_in_BWB" DESCRIPTION=" $STRS_REPLACE_RESOURCE_NOTE_XMLESC$" EXTERNALID="2c9b91d34cdc4d68014d48e4d40e0696" CREATIONDATETIME="2016-06-28 13:27:16.24"/>
<row RESOURCESTOREID="2C9B91D3-4CDC-4D68-014D-48E52AA606BF" DOCUMENTTYPEID="&lt;NULL&gt;" PERMISSIONSID="&lt;NULL&gt;" PRINCIPALOBJECTID="&lt;NULL&gt;" RESOURCETYPEID="60624C6A-5322-4E26-9EF9-67F810832FE0" VERSION="1" STATE="-1" RESOURCENAME="Not_In_APP" DESCRIPTION="Not_In_APP" EXTERNALID="2c9b91d34cdc4d68014d48e52aa606be" CREATIONDATETIME="2016-06-28 13:27:16.27"/>
<row RESOURCESTOREID="2C9B91D3-47D0-65D6-0148-55E4BF912F01" DOCUMENTTYPEID="AF853455-8CD7-49C8-AA4C-C22F177C30BC" PERMISSIONSID="&lt;NULL&gt;" PRINCIPALOBJECTID="&lt;NULL&gt;" RESOURCETYPEID="EF552EBE-1665-437B-A72C-0DDAA4946265" VERSION="1" STATE="0" RESOURCENAME="proc_residential_ebill.residential_ebill" DESCRIPTION="&lt;NULL&gt;" EXTERNALID="2c9b91d347d065d6014855e4be692ee9" CREATIONDATETIME="2016-06-28 13:27:20.93"/>
<row RESOURCESTOREID="2C9B91D3-49D3-6445-014A-58D9051E003C" DOCUMENTTYPEID="&lt;NULL&gt;" PERMISSIONSID="&lt;NULL&gt;" PRINCIPALOBJECTID="&lt;NULL&gt;" RESOURCETYPEID="EEA85989-E501-4B61-A219-6F81F69BBF8E" VERSION="9" STATE="-1" RESOURCENAME="Image Link" DESCRIPTION="This is an embedded text" EXTERNALID="2c9b91d34649282c014667f403d20205" CREATIONDATETIME="2016-06-28 13:27:21.13"/>
<row RESOURCESTOREID="2C9B91D3-49D3-6445-014A-58D9059B003F" DOCUMENTTYPEID="&lt;NULL&gt;" PERMISSIONSID="&lt;NULL&gt;" PRINCIPALOBJECTID="&lt;NULL&gt;" RESOURCETYPEID="EEA85989-E501-4B61-A219-6F81F69BBF8E" VERSION="22" STATE="-1" RESOURCENAME="Image Link" DESCRIPTION="This is an embedded text" EXTERNALID="2c9b91d347d065d601480d784c5b176f" CREATIONDATETIME="2016-06-28 13:27:21.08"/>
<row RESOURCESTOREID="2C9B91D3-4649-282C-0146-5E72AE7B000F" DOCUMENTTYPEID="9CA84B63-01B5-461B-A703-CFF49B2DEF83" PERMISSIONSID="&lt;NULL&gt;" PRINCIPALOBJECTID="&lt;NULL&gt;" RESOURCETYPEID="EF552EBE-1665-437B-A72C-0DDAA4946265" VERSION="1" STATE="0" RESOURCENAME="proc_ebill.commercial_ebill" DESCRIPTION="&lt;NULL&gt;" EXTERNALID="2c9b91d34649282c01465e72ad040006" CREATIONDATETIME="2016-06-28 13:27:16.117"/>
<row RESOURCESTOREID="2C9B920A-5517-1D3D-0155-8247E60920A2" DOCUMENTTYPEID="9CA84B63-01B5-461B-A703-CFF49B2DEF83" PERMISSIONSID="&lt;NULL&gt;" PRINCIPALOBJECTID="&lt;NULL&gt;" RESOURCETYPEID="38CC60AE-95BC-48D1-BF5F-4321CCB9BA82" VERSION="991" STATE="-1" RESOURCENAME="commercial_ebill" DESCRIPTION="&lt;NULL&gt;" EXTERNALID="2c9b91d34649282c01465e71ddc00001" CREATIONDATETIME="2016-06-28 13:27:16.033"/>
<row RESOURCESTOREID="2C9B91D3-5019-7732-0150-868B772C0557" DOCUMENTTYPEID="&lt;NULL&gt;" PERMISSIONSID="&lt;NULL&gt;" PRINCIPALOBJECTID="&lt;NULL&gt;" RESOURCETYPEID="EEA85989-E501-4B61-A219-6F81F69BBF8E" VERSION="15" STATE="-1" RESOURCENAME="Image Anchor" DESCRIPTION="This is an embedded text" EXTERNALID="2c9b91d34649282c0146678da73900d4" CREATIONDATETIME="2016-06-28 13:27:16.283"/>
<row RESOURCESTOREID="2C9B91D3-52EB-B909-0153-8A96D7BF04D5" DOCUMENTTYPEID="&lt;NULL&gt;" PERMISSIONSID="&lt;NULL&gt;" PRINCIPALOBJECTID="&lt;NULL&gt;" RESOURCETYPEID="EEA85989-E501-4B61-A219-6F81F69BBF8E" VERSION="13" STATE="-1" RESOURCENAME="Image Anchor" DESCRIPTION="This is an embedded text" EXTERNALID="2c9b91d347d065d601480d7867451786" CREATIONDATETIME="2016-06-28 13:27:21.05"/>
<row RESOURCESTOREID="2C9B91D3-52EB-B909-0153-8A96D7FE04D8" DOCUMENTTYPEID="&lt;NULL&gt;" PERMISSIONSID="&lt;NULL&gt;" PRINCIPALOBJECTID="&lt;NULL&gt;" RESOURCETYPEID="EEA85989-E501-4B61-A219-6F81F69BBF8E" VERSION="10" STATE="-1" RESOURCENAME="Image Link" DESCRIPTION="This is an embedded text" EXTERNALID="2c9b91d34649282c014667f41d7a0222" CREATIONDATETIME="2016-06-28 13:27:21.047"/>
<row RESOURCESTOREID="2C9B91D3-52EB-B909-0153-8B11ECF606E1" DOCUMENTTYPEID="&lt;NULL&gt;" PERMISSIONSID="&lt;NULL&gt;" PRINCIPALOBJECTID="&lt;NULL&gt;" RESOURCETYPEID="60624C6A-5322-4E26-9EF9-67F810832FE0" VERSION="1" STATE="-1" RESOURCENAME="proc_ebill.commercial_ebill.proc_ebill.commercial_ebill" DESCRIPTION="A business rule." EXTERNALID="2c9b91d352ebb90901538b11ecf606e0" CREATIONDATETIME="2016-06-28 13:27:16.33"/>
<row RESOURCESTOREID="2C9B91D3-52EB-B909-0153-8B12832D0706" DOCUMENTTYPEID="&lt;NULL&gt;" PERMISSIONSID="&lt;NULL&gt;" PRINCIPALOBJECTID="&lt;NULL&gt;" RESOURCETYPEID="60624C6A-5322-4E26-9EF9-67F810832FE0" VERSION="1" STATE="-1" RESOURCENAME="proc_ebill.commercial_ebill.proc_ebill.commercial_ebill" DESCRIPTION="A business rule." EXTERNALID="2c9b91d352ebb90901538b12832d0705" CREATIONDATETIME="2016-06-28 13:27:16.273"/>
<row RESOURCESTOREID="2C9B91D3-52EB-B909-0153-8B130528072C" DOCUMENTTYPEID="&lt;NULL&gt;" PERMISSIONSID="&lt;NULL&gt;" PRINCIPALOBJECTID="&lt;NULL&gt;" RESOURCETYPEID="60624C6A-5322-4E26-9EF9-67F810832FE0" VERSION="1" STATE="-1" RESOURCENAME="proc_ebill.commercial_ebill.proc_ebill.commercial_ebill" DESCRIPTION="A business rule." EXTERNALID="2c9b91d352ebb90901538b130528072b" CREATIONDATETIME="2016-06-28 13:27:16.24"/>
<row RESOURCESTOREID="2C9B91D3-52EB-B909-0153-8B139CB60753" DOCUMENTTYPEID="&lt;NULL&gt;" PERMISSIONSID="&lt;NULL&gt;" PRINCIPALOBJECTID="&lt;NULL&gt;" RESOURCETYPEID="60624C6A-5322-4E26-9EF9-67F810832FE0" VERSION="1" STATE="-1" RESOURCENAME="proc_ebill.commercial_ebill.proc_ebill.commercial_ebill" DESCRIPTION="A business rule." EXTERNALID="2c9b91d352ebb90901538b139cb60752" CREATIONDATETIME="2016-06-28 13:27:16.227"/>
<row RESOURCESTOREID="2C9B91D3-52EB-B909-0153-8B236EC907CB" DOCUMENTTYPEID="&lt;NULL&gt;" PERMISSIONSID="&lt;NULL&gt;" PRINCIPALOBJECTID="&lt;NULL&gt;" RESOURCETYPEID="EEA85989-E501-4B61-A219-6F81F69BBF8E" VERSION="18" STATE="-1" RESOURCENAME="Image Link" DESCRIPTION="This is an embedded text" EXTERNALID="2c9b91d34bb7704b014befd7c1ff024c" CREATIONDATETIME="2016-06-28 13:27:16.31"/>
<row RESOURCESTOREID="2C9B91D3-52EB-B909-0153-8B24D01C07F2" DOCUMENTTYPEID="&lt;NULL&gt;" PERMISSIONSID="&lt;NULL&gt;" PRINCIPALOBJECTID="&lt;NULL&gt;" RESOURCETYPEID="EEA85989-E501-4B61-A219-6F81F69BBF8E" VERSION="23" STATE="-1" RESOURCENAME="Image Link" DESCRIPTION="This is an embedded text" EXTERNALID="2c9b91d34649282c01465e766c1e0035" CREATIONDATETIME="2016-06-28 13:27:16.247"/>
<row RESOURCESTOREID="2C9B920A-5517-1D3D-0155-96C0FD052137" DOCUMENTTYPEID="AF853455-8CD7-49C8-AA4C-C22F177C30BC" PERMISSIONSID="&lt;NULL&gt;" PRINCIPALOBJECTID="&lt;NULL&gt;" RESOURCETYPEID="38CC60AE-95BC-48D1-BF5F-4321CCB9BA82" VERSION="1015" STATE="-1" RESOURCENAME="residential_ebill" DESCRIPTION=" " EXTERNALID="2c9b91d34649282c014667dbaa320189" CREATIONDATETIME="2016-06-28 13:27:20.853"/>
<row RESOURCESTOREID="2C9B91D3-5459-260D-0154-C44543290024" DOCUMENTTYPEID="&lt;NULL&gt;" PERMISSIONSID="&lt;NULL&gt;" PRINCIPALOBJECTID="&lt;NULL&gt;" RESOURCETYPEID="60624C6A-5322-4E26-9EF9-67F810832FE0" VERSION="5" STATE="-1" RESOURCENAME="proc_residential_ebill.777.proc_residential_ebill.777" DESCRIPTION="&lt;NULL&gt;" EXTERNALID="2c9b91d351212c94015134f938a301a1" CREATIONDATETIME="2016-06-28 13:27:21.053"/>
<row RESOURCESTOREID="2C9B91D3-5459-260D-0154-C44663480068" DOCUMENTTYPEID="&lt;NULL&gt;" PERMISSIONSID="&lt;NULL&gt;" PRINCIPALOBJECTID="&lt;NULL&gt;" RESOURCETYPEID="60624C6A-5322-4E26-9EF9-67F810832FE0" VERSION="4" STATE="-1" RESOURCENAME="proc_residential_ebill.777.proc_residential_ebill.777" DESCRIPTION="&lt;NULL&gt;" EXTERNALID="2c9b91d351212c94015134ef691c00dd" CREATIONDATETIME="2016-06-28 13:27:21.12"/>
<row RESOURCESTOREID="2C9B91D3-5459-260D-0154-C449DAEC008A" DOCUMENTTYPEID="&lt;NULL&gt;" PERMISSIONSID="&lt;NULL&gt;" PRINCIPALOBJECTID="&lt;NULL&gt;" RESOURCETYPEID="EEA85989-E501-4B61-A219-6F81F69BBF8E" VERSION="79" STATE="-1" RESOURCENAME="Embedded text" DESCRIPTION="This is an embedded text" EXTERNALID="2c9b91d347d065d60147e96acddc073b" CREATIONDATETIME="2016-06-28 13:27:21.1"/>
<row RESOURCESTOREID="2C9B91D3-5459-260D-0154-C44D7E7F00AC" DOCUMENTTYPEID="&lt;NULL&gt;" PERMISSIONSID="&lt;NULL&gt;" PRINCIPALOBJECTID="&lt;NULL&gt;" RESOURCETYPEID="EEA85989-E501-4B61-A219-6F81F69BBF8E" VERSION="30" STATE="-1" RESOURCENAME="Embedded text" DESCRIPTION="This is an embedded text" EXTERNALID="2c9b91d351212c94015134f0e4b200fe" CREATIONDATETIME="2016-06-28 13:27:21.07"/>
<row RESOURCESTOREID="2C9B91D3-5459-260D-0154-C453561000F0" DOCUMENTTYPEID="&lt;NULL&gt;" PERMISSIONSID="&lt;NULL&gt;" PRINCIPALOBJECTID="&lt;NULL&gt;" RESOURCETYPEID="EEA85989-E501-4B61-A219-6F81F69BBF8E" VERSION="7" STATE="-1" RESOURCENAME="Image Anchor" DESCRIPTION="This is an embedded text" EXTERNALID="2c9b91d34649282c014667f40f280213" CREATIONDATETIME="2016-06-28 13:27:21.087"/>
<row RESOURCESTOREID="2C9B91D3-5459-260D-0154-C6403A1E065F" DOCUMENTTYPEID="&lt;NULL&gt;" PERMISSIONSID="&lt;NULL&gt;" PRINCIPALOBJECTID="&lt;NULL&gt;" RESOURCETYPEID="60624C6A-5322-4E26-9EF9-67F810832FE0" VERSION="6" STATE="-1" RESOURCENAME="proc_residential_ebill.777.proc_residential_ebill.777" DESCRIPTION="&lt;NULL&gt;" EXTERNALID="2c9b91d34eacc13b014f2331972c066a" CREATIONDATETIME="2016-06-28 13:27:21.113"/>
<row RESOURCESTOREID="2C9B91D3-5459-260D-0154-C6403B460662" DOCUMENTTYPEID="&lt;NULL&gt;" PERMISSIONSID="&lt;NULL&gt;" PRINCIPALOBJECTID="&lt;NULL&gt;" RESOURCETYPEID="EEA85989-E501-4B61-A219-6F81F69BBF8E" VERSION="35" STATE="-1" RESOURCENAME="Image Link" DESCRIPTION="This is an embedded text" EXTERNALID="2c9b91d34cdc4d68014d4892d98f0436" CREATIONDATETIME="2016-06-28 13:27:21.06"/>
<row RESOURCESTOREID="2C9B91D3-5459-260D-0154-C6403BA40665" DOCUMENTTYPEID="&lt;NULL&gt;" PERMISSIONSID="&lt;NULL&gt;" PRINCIPALOBJECTID="&lt;NULL&gt;" RESOURCETYPEID="EEA85989-E501-4B61-A219-6F81F69BBF8E" VERSION="23" STATE="-1" RESOURCENAME="Image Anchor" DESCRIPTION="This is an embedded text" EXTERNALID="2c9b91d34cdc4d68014d4892a94b041f" CREATIONDATETIME="2016-06-28 13:27:21.067"/>
<row RESOURCESTOREID="2C9B91D3-5459-260D-0154-C64097A90687" DOCUMENTTYPEID="&lt;NULL&gt;" PERMISSIONSID="&lt;NULL&gt;" PRINCIPALOBJECTID="&lt;NULL&gt;" RESOURCETYPEID="60624C6A-5322-4E26-9EF9-67F810832FE0" VERSION="4" STATE="-1" RESOURCENAME="proc_residential_ebill.777.proc_residential_ebill.777" DESCRIPTION="&lt;NULL&gt;" EXTERNALID="2c9b91d34eacc13b014f23322aa50689" CREATIONDATETIME="2016-06-28 13:27:21.073"/>
<row RESOURCESTOREID="2C9B91D3-5459-260D-0154-C640E18406A9" DOCUMENTTYPEID="&lt;NULL&gt;" PERMISSIONSID="&lt;NULL&gt;" PRINCIPALOBJECTID="&lt;NULL&gt;" RESOURCETYPEID="60624C6A-5322-4E26-9EF9-67F810832FE0" VERSION="5" STATE="-1" RESOURCENAME="proc_residential_ebill.777.proc_residential_ebill.777" DESCRIPTION="&lt;NULL&gt;" EXTERNALID="2c9b91d34cdc4d68014d48a4720d0510" CREATIONDATETIME="2016-06-28 13:27:21.09"/>
<row RESOURCESTOREID="2C9B91D3-5459-260D-0154-C641370406CB" DOCUMENTTYPEID="&lt;NULL&gt;" PERMISSIONSID="&lt;NULL&gt;" PRINCIPALOBJECTID="&lt;NULL&gt;" RESOURCETYPEID="60624C6A-5322-4E26-9EF9-67F810832FE0" VERSION="5" STATE="-1" RESOURCENAME="proc_residential_ebill.777.proc_residential_ebill.777" DESCRIPTION="&lt;NULL&gt;" EXTERNALID="2c9b91d34cdc4d68014d48a4e901052b" CREATIONDATETIME="2016-06-28 13:27:21.093"/>
<row RESOURCESTOREID="2C9B91D3-5459-260D-0154-C643A28506ED" DOCUMENTTYPEID="&lt;NULL&gt;" PERMISSIONSID="&lt;NULL&gt;" PRINCIPALOBJECTID="&lt;NULL&gt;" RESOURCETYPEID="EEA85989-E501-4B61-A219-6F81F69BBF8E" VERSION="32" STATE="-1" RESOURCENAME="Image Link" DESCRIPTION="This is an embedded text" EXTERNALID="2c9b91d347d065d601484694d87b2b00" CREATIONDATETIME="2016-06-28 13:27:21.1"/>
<row RESOURCESTOREID="2C9B91D3-5459-260D-0154-C643A2D306F0" DOCUMENTTYPEID="&lt;NULL&gt;" PERMISSIONSID="&lt;NULL&gt;" PRINCIPALOBJECTID="&lt;NULL&gt;" RESOURCETYPEID="EEA85989-E501-4B61-A219-6F81F69BBF8E" VERSION="25" STATE="-1" RESOURCENAME="Image Anchor" DESCRIPTION="Anchor Link" EXTERNALID="2c9b91d347d065d60148ae13efc43e5c" CREATIONDATETIME="2016-06-28 13:27:21.127"/>
<row RESOURCESTOREID="2C9B91D3-5459-260D-0154-C64614AB0712" DOCUMENTTYPEID="&lt;NULL&gt;" PERMISSIONSID="&lt;NULL&gt;" PRINCIPALOBJECTID="&lt;NULL&gt;" RESOURCETYPEID="EEA85989-E501-4B61-A219-6F81F69BBF8E" VERSION="36" STATE="-1" RESOURCENAME="Image Link" DESCRIPTION="This is an embedded text" EXTERNALID="2c9b91d34649282c014667f1f78401ce" CREATIONDATETIME="2016-06-28 13:27:21.107"/>
<row RESOURCESTOREID="2C9B91D3-5459-260D-0154-C64BD8EB079A" DOCUMENTTYPEID="&lt;NULL&gt;" PERMISSIONSID="&lt;NULL&gt;" PRINCIPALOBJECTID="&lt;NULL&gt;" RESOURCETYPEID="EEA85989-E501-4B61-A219-6F81F69BBF8E" VERSION="16" STATE="-1" RESOURCENAME="Image Link" DESCRIPTION="This is an embedded text" EXTERNALID="2c9b91d34cdc4d68014d48939c42046d" CREATIONDATETIME="2016-06-28 13:27:21.077"/>
<row RESOURCESTOREID="2C9B91D3-5459-260D-0154-C65AA18A083B" DOCUMENTTYPEID="&lt;NULL&gt;" PERMISSIONSID="&lt;NULL&gt;" PRINCIPALOBJECTID="&lt;NULL&gt;" RESOURCETYPEID="EEA85989-E501-4B61-A219-6F81F69BBF8E" VERSION="71" STATE="-1" RESOURCENAME="Embedded text" DESCRIPTION="This is an embedded text" EXTERNALID="2c9b91d34bb7704b014befbec20d0104" CREATIONDATETIME="2016-06-28 13:27:16.307"/>
<row RESOURCESTOREID="2C9B91D3-5459-260D-0154-C6647B1308D4" DOCUMENTTYPEID="&lt;NULL&gt;" PERMISSIONSID="&lt;NULL&gt;" PRINCIPALOBJECTID="&lt;NULL&gt;" RESOURCETYPEID="EEA85989-E501-4B61-A219-6F81F69BBF8E" VERSION="36" STATE="-1" RESOURCENAME="Embedded text" DESCRIPTION="This is an embedded text" EXTERNALID="2c9b91d34cd8ca6e014cdc466eca0023" CREATIONDATETIME="2016-06-28 13:27:16.3"/>
<row RESOURCESTOREID="2C9B91D3-5459-260D-0154-C6702B0008FB" DOCUMENTTYPEID="&lt;NULL&gt;" PERMISSIONSID="&lt;NULL&gt;" PRINCIPALOBJECTID="&lt;NULL&gt;" RESOURCETYPEID="EEA85989-E501-4B61-A219-6F81F69BBF8E" VERSION="33" STATE="-1" RESOURCENAME="Image Link" DESCRIPTION="This is an embedded text" EXTERNALID="2c9b91d34649282c01465e740b280026" CREATIONDATETIME="2016-06-28 13:27:16.323"/>
<row RESOURCESTOREID="2C9B91D3-5459-260D-0154-C6785CE3096A" DOCUMENTTYPEID="&lt;NULL&gt;" PERMISSIONSID="&lt;NULL&gt;" PRINCIPALOBJECTID="&lt;NULL&gt;" RESOURCETYPEID="EEA85989-E501-4B61-A219-6F81F69BBF8E" VERSION="5" STATE="-1" RESOURCENAME="Image Link" DESCRIPTION="This is an embedded text" EXTERNALID="2c9b91d352ebb90901538b0de5a00673" CREATIONDATETIME="2016-06-28 13:27:16.297"/>
<row RESOURCESTOREID="2C9B91D3-5459-260D-0154-C6785D60096D" DOCUMENTTYPEID="&lt;NULL&gt;" PERMISSIONSID="&lt;NULL&gt;" PRINCIPALOBJECTID="&lt;NULL&gt;" RESOURCETYPEID="EEA85989-E501-4B61-A219-6F81F69BBF8E" VERSION="5" STATE="-1" RESOURCENAME="Image Anchor" DESCRIPTION="This is an embedded text" EXTERNALID="2c9b91d352ebb90901538b0f6e320699" CREATIONDATETIME="2016-06-28 13:27:16.223"/>
<row RESOURCESTOREID="2C9B91D3-5459-260D-0154-C67AFB470994" DOCUMENTTYPEID="&lt;NULL&gt;" PERMISSIONSID="&lt;NULL&gt;" PRINCIPALOBJECTID="&lt;NULL&gt;" RESOURCETYPEID="EEA85989-E501-4B61-A219-6F81F69BBF8E" VERSION="18" STATE="-1" RESOURCENAME="Image Link" DESCRIPTION="This is an embedded text" EXTERNALID="2c9b91d34bb7704b014bf0048ee902af" CREATIONDATETIME="2016-06-28 13:27:16.257"/>
<row RESOURCESTOREID="2C9B91D3-5459-260D-0154-C67E20F409BB" DOCUMENTTYPEID="&lt;NULL&gt;" PERMISSIONSID="&lt;NULL&gt;" PRINCIPALOBJECTID="&lt;NULL&gt;" RESOURCETYPEID="EEA85989-E501-4B61-A219-6F81F69BBF8E" VERSION="17" STATE="-1" RESOURCENAME="Image Link" DESCRIPTION="This is an embedded text" EXTERNALID="2c9b91d34b7988af014b840937720014" CREATIONDATETIME="2016-06-28 13:27:16.23"/>
<row RESOURCESTOREID="2C9B91D3-5459-260D-0154-C67E214209BE" DOCUMENTTYPEID="&lt;NULL&gt;" PERMISSIONSID="&lt;NULL&gt;" PRINCIPALOBJECTID="&lt;NULL&gt;" RESOURCETYPEID="EEA85989-E501-4B61-A219-6F81F69BBF8E" VERSION="19" STATE="-1" RESOURCENAME="Image Anchor" DESCRIPTION="This is an embedded text" EXTERNALID="2c9b91d34b7988af014b84097a6b002e" CREATIONDATETIME="2016-06-28 13:27:16.337"/>
<row RESOURCESTOREID="2C9B91D3-5459-260D-0154-C67E21B009C1" DOCUMENTTYPEID="&lt;NULL&gt;" PERMISSIONSID="&lt;NULL&gt;" PRINCIPALOBJECTID="&lt;NULL&gt;" RESOURCETYPEID="EEA85989-E501-4B61-A219-6F81F69BBF8E" VERSION="25" STATE="-1" RESOURCENAME="Image Link" DESCRIPTION="This is an embedded text" EXTERNALID="2c9b91d34649282c01465e7696a50042" CREATIONDATETIME="2016-06-28 13:27:16.25"/>
<row RESOURCESTOREID="2C9B91D3-5459-260D-0154-C67E220D09C4" DOCUMENTTYPEID="&lt;NULL&gt;" PERMISSIONSID="&lt;NULL&gt;" PRINCIPALOBJECTID="&lt;NULL&gt;" RESOURCETYPEID="EEA85989-E501-4B61-A219-6F81F69BBF8E" VERSION="31" STATE="-1" RESOURCENAME="Image Anchor" DESCRIPTION="This is an embedded text" EXTERNALID="2c9b91d34649282c0146678e1d9500eb" CREATIONDATETIME="2016-06-28 13:27:16.28"/>
<row RESOURCESTOREID="2C9B91D3-5459-260D-0154-C680810109EB" DOCUMENTTYPEID="&lt;NULL&gt;" PERMISSIONSID="&lt;NULL&gt;" PRINCIPALOBJECTID="&lt;NULL&gt;" RESOURCETYPEID="EEA85989-E501-4B61-A219-6F81F69BBF8E" VERSION="24" STATE="-1" RESOURCENAME="Image Link" DESCRIPTION="This is an embedded text" EXTERNALID="2c9b91d34649282c01465e76aff70050" CREATIONDATETIME="2016-06-28 13:27:16.26"/>
<row RESOURCESTOREID="2C9B91D3-5459-260D-0154-DE1C1B200E6E" DOCUMENTTYPEID="&lt;NULL&gt;" PERMISSIONSID="&lt;NULL&gt;" PRINCIPALOBJECTID="&lt;NULL&gt;" RESOURCETYPEID="EEA85989-E501-4B61-A219-6F81F69BBF8E" VERSION="31" STATE="-1" RESOURCENAME="Image Anchor" DESCRIPTION="This is an embedded text" EXTERNALID="2c9b91d34649282c0146678e6f500100" CREATIONDATETIME="2016-06-28 13:27:16.253"/>
<row RESOURCESTOREID="2C9B91D3-5459-260D-0154-DE1D63B50F04" DOCUMENTTYPEID="&lt;NULL&gt;" PERMISSIONSID="&lt;NULL&gt;" PRINCIPALOBJECTID="&lt;NULL&gt;" RESOURCETYPEID="EEA85989-E501-4B61-A219-6F81F69BBF8E" VERSION="16" STATE="-1" RESOURCENAME="Image Anchor" DESCRIPTION="This is an embedded text" EXTERNALID="2c9b91d34cdc4d68014d4893823c0454" CREATIONDATETIME="2016-06-28 13:27:21.117"/>
<row RESOURCESTOREID="2C9B91D3-5459-260D-0154-DE1D94950F26" DOCUMENTTYPEID="&lt;NULL&gt;" PERMISSIONSID="&lt;NULL&gt;" PRINCIPALOBJECTID="&lt;NULL&gt;" RESOURCETYPEID="EEA85989-E501-4B61-A219-6F81F69BBF8E" VERSION="30" STATE="-1" RESOURCENAME="Image Anchor" DESCRIPTION="This is an embedded text" EXTERNALID="2c9b91d34649282c014667f2141801dd" CREATIONDATETIME="2016-06-28 13:27:21.11"/>
<row RESOURCESTOREID="2C9B91D3-5283-E2B0-0152-EB66F53F0083" DOCUMENTTYPEID="&lt;NULL&gt;" PERMISSIONSID="&lt;NULL&gt;" PRINCIPALOBJECTID="&lt;NULL&gt;" RESOURCETYPEID="60624C6A-5322-4E26-9EF9-67F810832FE0" VERSION="2" STATE="-1" RESOURCENAME="proc_residential_ebill.777.proc_residential_ebill.777" DESCRIPTION="&lt;NULL&gt;" EXTERNALID="2c9b91d34cdc4d68014d48a5a3f70564" CREATIONDATETIME="2016-06-28 13:27:21.133"/>
<row RESOURCESTOREID="2C9B91D3-5283-E2B0-0152-EB67914F00AB" DOCUMENTTYPEID="&lt;NULL&gt;" PERMISSIONSID="&lt;NULL&gt;" PRINCIPALOBJECTID="&lt;NULL&gt;" RESOURCETYPEID="60624C6A-5322-4E26-9EF9-67F810832FE0" VERSION="2" STATE="-1" RESOURCENAME="proc_residential_ebill.777.proc_residential_ebill.777" DESCRIPTION="&lt;NULL&gt;" EXTERNALID="2c9b91d34cdc4d68014d48a6136c0581" CREATIONDATETIME="2016-06-28 13:27:21.06"/>
</ResourceStore>
<BlobInfo PARTID="java.lang.String" TRACKERID="java.lang.String" CREATIONDATETIME="java.sql.Timestamp" EXPIRINGDATETIME="java.sql.Timestamp" LASTACCESSTIME="java.sql.Timestamp" MODIFYDATETIME="java.sql.Timestamp" TOTALBLOBSIZE="java.lang.Long" CHUNKSIZE="java.lang.Integer" CONTENTTYPE="java.lang.String" CONTROLFLAGS="java.lang.Integer">
<row PARTID="2C9B91D3-47D0-65D6-0148-0F44D23C1EBD" TRACKERID="2C9B91D3-47D0-65D6-0148-0F44D23C1EBD" CREATIONDATETIME="2016-06-28 13:27:21.083" EXPIRINGDATETIME="2026-06-26 14:27:21.0" LASTACCESSTIME="&lt;NULL&gt;" MODIFYDATETIME="&lt;NULL&gt;" TOTALBLOBSIZE="168" CHUNKSIZE="2147483546" CONTENTTYPE="application/xhtml+xml" CONTROLFLAGS="0"/>
<row PARTID="2C9B91D3-50D9-3AA0-0151-2081DE4A0110" TRACKERID="2C9B91D3-50D9-3AA0-0151-2081DE4A0110" CREATIONDATETIME="2016-06-28 13:27:16.263" EXPIRINGDATETIME="2026-06-26 14:27:16.0" LASTACCESSTIME="&lt;NULL&gt;" MODIFYDATETIME="&lt;NULL&gt;" TOTALBLOBSIZE="254" CHUNKSIZE="2147483546" CONTENTTYPE="application/xhtml+xml" CONTROLFLAGS="0"/>
<row PARTID="2C9B91D3-50D9-3AA0-0151-20A3898401D0" TRACKERID="2C9B91D3-50D9-3AA0-0151-20A3898401D0" CREATIONDATETIME="2016-06-28 13:27:16.32" EXPIRINGDATETIME="2026-06-26 14:27:16.0" LASTACCESSTIME="&lt;NULL&gt;" MODIFYDATETIME="&lt;NULL&gt;" TOTALBLOBSIZE="1233" CHUNKSIZE="2147483546" CONTENTTYPE="application/xml" CONTROLFLAGS="0"/>
<row PARTID="2C9B91D3-50D9-3AA0-0151-20A4F7160212" TRACKERID="2C9B91D3-50D9-3AA0-0151-20A4F7160212" CREATIONDATETIME="2016-06-28 13:27:16.33" EXPIRINGDATETIME="2026-06-26 14:27:16.0" LASTACCESSTIME="&lt;NULL&gt;" MODIFYDATETIME="&lt;NULL&gt;" TOTALBLOBSIZE="1233" CHUNKSIZE="2147483546" CONTENTTYPE="application/xml" CONTROLFLAGS="0"/>
<row PARTID="2C9B91D3-4E0C-636C-014E-20B18941008A" TRACKERID="2C9B91D3-4E0C-636C-014E-20B18941008A" CREATIONDATETIME="2016-06-28 13:27:21.123" EXPIRINGDATETIME="2026-06-26 14:27:21.0" LASTACCESSTIME="&lt;NULL&gt;" MODIFYDATETIME="&lt;NULL&gt;" TOTALBLOBSIZE="22" CHUNKSIZE="2147483546" CONTENTTYPE="application/xhtml+xml" CONTROLFLAGS="0"/>
<row PARTID="2C9B91D3-542F-8BD6-0154-398D09E10237" TRACKERID="2C9B91D3-542F-8BD6-0154-398D09E10237" CREATIONDATETIME="2016-06-28 13:27:16.29" EXPIRINGDATETIME="2026-06-26 14:27:16.0" LASTACCESSTIME="&lt;NULL&gt;" MODIFYDATETIME="&lt;NULL&gt;" TOTALBLOBSIZE="810" CHUNKSIZE="2147483546" CONTENTTYPE="application/xml" CONTROLFLAGS="0"/>
<row PARTID="2C9B91D3-542F-8BD6-0154-398D7BB6025E" TRACKERID="2C9B91D3-542F-8BD6-0154-398D7BB6025E" CREATIONDATETIME="2016-06-28 13:27:16.317" EXPIRINGDATETIME="2026-06-26 14:27:16.0" LASTACCESSTIME="&lt;NULL&gt;" MODIFYDATETIME="&lt;NULL&gt;" TOTALBLOBSIZE="810" CHUNKSIZE="2147483546" CONTENTTYPE="application/xml" CONTROLFLAGS="0"/>
<row PARTID="2C9B91D3-542F-8BD6-0154-3995C28102D3" TRACKERID="2C9B91D3-542F-8BD6-0154-3995C28102D3" CREATIONDATETIME="2016-06-28 13:27:16.237" EXPIRINGDATETIME="2026-06-26 14:27:16.0" LASTACCESSTIME="&lt;NULL&gt;" MODIFYDATETIME="&lt;NULL&gt;" TOTALBLOBSIZE="240" CHUNKSIZE="2147483546" CONTENTTYPE="application/xhtml+xml" CONTROLFLAGS="0"/>
<row PARTID="2C9B91D3-542F-8BD6-0154-399913140327" TRACKERID="2C9B91D3-542F-8BD6-0154-399913140327" CREATIONDATETIME="2016-06-28 13:27:16.277" EXPIRINGDATETIME="2026-06-26 14:27:16.0" LASTACCESSTIME="&lt;NULL&gt;" MODIFYDATETIME="&lt;NULL&gt;" TOTALBLOBSIZE="350" CHUNKSIZE="2147483546" CONTENTTYPE="application/xhtml+xml" CONTROLFLAGS="0"/>
<row PARTID="2C9B91D3-4CDC-4D68-014D-48E3B788061F" TRACKERID="2C9B91D3-4CDC-4D68-014D-48E3B788061F" CREATIONDATETIME="2016-06-28 13:27:16.293" EXPIRINGDATETIME="2026-06-26 14:27:16.0" LASTACCESSTIME="&lt;NULL&gt;" MODIFYDATETIME="&lt;NULL&gt;" TOTALBLOBSIZE="823" CHUNKSIZE="2147483546" CONTENTTYPE="application/xml" CONTROLFLAGS="0"/>
<row PARTID="2C9B91D3-4CDC-4D68-014D-48E456B4066F" TRACKERID="2C9B91D3-4CDC-4D68-014D-48E456B4066F" CREATIONDATETIME="2016-06-28 13:27:16.313" EXPIRINGDATETIME="2026-06-26 14:27:16.0" LASTACCESSTIME="&lt;NULL&gt;" MODIFYDATETIME="&lt;NULL&gt;" TOTALBLOBSIZE="836" CHUNKSIZE="2147483546" CONTENTTYPE="application/xml" CONTROLFLAGS="0"/>
<row PARTID="2C9B91D3-4CDC-4D68-014D-48E4D40E0697" TRACKERID="2C9B91D3-4CDC-4D68-014D-48E4D40E0697" CREATIONDATETIME="2016-06-28 13:27:16.24" EXPIRINGDATETIME="2026-06-26 14:27:16.0" LASTACCESSTIME="&lt;NULL&gt;" MODIFYDATETIME="&lt;NULL&gt;" TOTALBLOBSIZE="823" CHUNKSIZE="2147483546" CONTENTTYPE="application/xml" CONTROLFLAGS="0"/>
<row PARTID="2C9B91D3-4CDC-4D68-014D-48E52AA606BF" TRACKERID="2C9B91D3-4CDC-4D68-014D-48E52AA606BF" CREATIONDATETIME="2016-06-28 13:27:16.27" EXPIRINGDATETIME="2026-06-26 14:27:16.0" LASTACCESSTIME="&lt;NULL&gt;" MODIFYDATETIME="&lt;NULL&gt;" TOTALBLOBSIZE="836" CHUNKSIZE="2147483546" CONTENTTYPE="application/xml" CONTROLFLAGS="0"/>
<row PARTID="2C9B91D3-47D0-65D6-0148-55E4BF912F01" TRACKERID="2C9B91D3-47D0-65D6-0148-55E4BF912F01" CREATIONDATETIME="2016-06-28 13:27:20.93" EXPIRINGDATETIME="2036-06-28 14:27:21.0" LASTACCESSTIME="2016-06-28 13:27:21.54" MODIFYDATETIME="&lt;NULL&gt;" TOTALBLOBSIZE="851" CHUNKSIZE="2147483546" CONTENTTYPE="application/xml" CONTROLFLAGS="0"/>
<row PARTID="2C9B91D3-49D3-6445-014A-58D9051E003C" TRACKERID="2C9B91D3-49D3-6445-014A-58D9051E003C" CREATIONDATETIME="2016-06-28 13:27:21.13" EXPIRINGDATETIME="2026-06-26 14:27:21.0" LASTACCESSTIME="&lt;NULL&gt;" MODIFYDATETIME="&lt;NULL&gt;" TOTALBLOBSIZE="262" CHUNKSIZE="2147483546" CONTENTTYPE="application/xhtml+xml" CONTROLFLAGS="0"/>
<row PARTID="2C9B91D3-49D3-6445-014A-58D9059B003F" TRACKERID="2C9B91D3-49D3-6445-014A-58D9059B003F" CREATIONDATETIME="2016-06-28 13:27:21.08" EXPIRINGDATETIME="2026-06-26 14:27:21.0" LASTACCESSTIME="&lt;NULL&gt;" MODIFYDATETIME="&lt;NULL&gt;" TOTALBLOBSIZE="268" CHUNKSIZE="2147483546" CONTENTTYPE="application/xhtml+xml" CONTROLFLAGS="0"/>
<row PARTID="2C9B91D3-4649-282C-0146-5E72AE7B000F" TRACKERID="2C9B91D3-4649-282C-0146-5E72AE7B000F" CREATIONDATETIME="2016-06-28 13:27:16.117" EXPIRINGDATETIME="2036-06-28 14:27:16.0" LASTACCESSTIME="2016-06-28 13:27:16.84" MODIFYDATETIME="&lt;NULL&gt;" TOTALBLOBSIZE="825" CHUNKSIZE="2147483546" CONTENTTYPE="application/xml" CONTROLFLAGS="0"/>
<row PARTID="2C9B920A-5517-1D3D-0155-8247E60920A2" TRACKERID="2C9B920A-5517-1D3D-0155-8247E60920A2" CREATIONDATETIME="2016-06-28 13:27:16.033" EXPIRINGDATETIME="2026-06-26 14:27:16.0" LASTACCESSTIME="&lt;NULL&gt;" MODIFYDATETIME="&lt;NULL&gt;" TOTALBLOBSIZE="5304" CHUNKSIZE="2147483546" CONTENTTYPE="application/xml" CONTROLFLAGS="0"/>
<row PARTID="2C9B91D3-5019-7732-0150-868B772C0557" TRACKERID="2C9B91D3-5019-7732-0150-868B772C0557" CREATIONDATETIME="2016-06-28 13:27:16.287" EXPIRINGDATETIME="2026-06-26 14:27:16.0" LASTACCESSTIME="&lt;NULL&gt;" MODIFYDATETIME="&lt;NULL&gt;" TOTALBLOBSIZE="246" CHUNKSIZE="2147483546" CONTENTTYPE="application/xhtml+xml" CONTROLFLAGS="0"/>
<row PARTID="2C9B91D3-52EB-B909-0153-8A96D7BF04D5" TRACKERID="2C9B91D3-52EB-B909-0153-8A96D7BF04D5" CREATIONDATETIME="2016-06-28 13:27:21.05" EXPIRINGDATETIME="2026-06-26 14:27:21.0" LASTACCESSTIME="&lt;NULL&gt;" MODIFYDATETIME="&lt;NULL&gt;" TOTALBLOBSIZE="344" CHUNKSIZE="2147483546" CONTENTTYPE="application/xhtml+xml" CONTROLFLAGS="0"/>
<row PARTID="2C9B91D3-52EB-B909-0153-8A96D7FE04D8" TRACKERID="2C9B91D3-52EB-B909-0153-8A96D7FE04D8" CREATIONDATETIME="2016-06-28 13:27:21.047" EXPIRINGDATETIME="2026-06-26 14:27:21.0" LASTACCESSTIME="&lt;NULL&gt;" MODIFYDATETIME="&lt;NULL&gt;" TOTALBLOBSIZE="256" CHUNKSIZE="2147483546" CONTENTTYPE="application/xhtml+xml" CONTROLFLAGS="0"/>
<row PARTID="2C9B91D3-52EB-B909-0153-8B11ECF606E1" TRACKERID="2C9B91D3-52EB-B909-0153-8B11ECF606E1" CREATIONDATETIME="2016-06-28 13:27:16.33" EXPIRINGDATETIME="2026-06-26 14:27:16.0" LASTACCESSTIME="&lt;NULL&gt;" MODIFYDATETIME="&lt;NULL&gt;" TOTALBLOBSIZE="810" CHUNKSIZE="2147483546" CONTENTTYPE="application/xml" CONTROLFLAGS="0"/>
<row PARTID="2C9B91D3-52EB-B909-0153-8B12832D0706" TRACKERID="2C9B91D3-52EB-B909-0153-8B12832D0706" CREATIONDATETIME="2016-06-28 13:27:16.273" EXPIRINGDATETIME="2026-06-26 14:27:16.0" LASTACCESSTIME="&lt;NULL&gt;" MODIFYDATETIME="&lt;NULL&gt;" TOTALBLOBSIZE="810" CHUNKSIZE="2147483546" CONTENTTYPE="application/xml" CONTROLFLAGS="0"/>
<row PARTID="2C9B91D3-52EB-B909-0153-8B130528072C" TRACKERID="2C9B91D3-52EB-B909-0153-8B130528072C" CREATIONDATETIME="2016-06-28 13:27:16.243" EXPIRINGDATETIME="2026-06-26 14:27:16.0" LASTACCESSTIME="&lt;NULL&gt;" MODIFYDATETIME="&lt;NULL&gt;" TOTALBLOBSIZE="810" CHUNKSIZE="2147483546" CONTENTTYPE="application/xml" CONTROLFLAGS="0"/>
<row PARTID="2C9B91D3-52EB-B909-0153-8B139CB60753" TRACKERID="2C9B91D3-52EB-B909-0153-8B139CB60753" CREATIONDATETIME="2016-06-28 13:27:16.227" EXPIRINGDATETIME="2026-06-26 14:27:16.0" LASTACCESSTIME="&lt;NULL&gt;" MODIFYDATETIME="&lt;NULL&gt;" TOTALBLOBSIZE="810" CHUNKSIZE="2147483546" CONTENTTYPE="application/xml" CONTROLFLAGS="0"/>
<row PARTID="2C9B91D3-52EB-B909-0153-8B236EC907CB" TRACKERID="2C9B91D3-52EB-B909-0153-8B236EC907CB" CREATIONDATETIME="2016-06-28 13:27:16.31" EXPIRINGDATETIME="2026-06-26 14:27:16.0" LASTACCESSTIME="&lt;NULL&gt;" MODIFYDATETIME="&lt;NULL&gt;" TOTALBLOBSIZE="262" CHUNKSIZE="2147483546" CONTENTTYPE="application/xhtml+xml" CONTROLFLAGS="0"/>
<row PARTID="2C9B91D3-52EB-B909-0153-8B24D01C07F2" TRACKERID="2C9B91D3-52EB-B909-0153-8B24D01C07F2" CREATIONDATETIME="2016-06-28 13:27:16.247" EXPIRINGDATETIME="2026-06-26 14:27:16.0" LASTACCESSTIME="&lt;NULL&gt;" MODIFYDATETIME="&lt;NULL&gt;" TOTALBLOBSIZE="282" CHUNKSIZE="2147483546" CONTENTTYPE="application/xhtml+xml" CONTROLFLAGS="0"/>
<row PARTID="2C9B920A-5517-1D3D-0155-96C0FD052137" TRACKERID="2C9B920A-5517-1D3D-0155-96C0FD052137" CREATIONDATETIME="2016-06-28 13:27:20.853" EXPIRINGDATETIME="2026-06-26 14:27:21.0" LASTACCESSTIME="&lt;NULL&gt;" MODIFYDATETIME="&lt;NULL&gt;" TOTALBLOBSIZE="4553" CHUNKSIZE="2147483546" CONTENTTYPE="application/xml" CONTROLFLAGS="0"/>
<row PARTID="2C9B91D3-5459-260D-0154-C44543290024" TRACKERID="2C9B91D3-5459-260D-0154-C44543290024" CREATIONDATETIME="2016-06-28 13:27:21.053" EXPIRINGDATETIME="2026-06-26 14:27:21.0" LASTACCESSTIME="&lt;NULL&gt;" MODIFYDATETIME="&lt;NULL&gt;" TOTALBLOBSIZE="1231" CHUNKSIZE="2147483546" CONTENTTYPE="application/xml" CONTROLFLAGS="0"/>
<row PARTID="2C9B91D3-5459-260D-0154-C44663480068" TRACKERID="2C9B91D3-5459-260D-0154-C44663480068" CREATIONDATETIME="2016-06-28 13:27:21.12" EXPIRINGDATETIME="2026-06-26 14:27:21.0" LASTACCESSTIME="&lt;NULL&gt;" MODIFYDATETIME="&lt;NULL&gt;" TOTALBLOBSIZE="808" CHUNKSIZE="2147483546" CONTENTTYPE="application/xml" CONTROLFLAGS="0"/>
<row PARTID="2C9B91D3-5459-260D-0154-C449DAEC008A" TRACKERID="2C9B91D3-5459-260D-0154-C449DAEC008A" CREATIONDATETIME="2016-06-28 13:27:21.1" EXPIRINGDATETIME="2026-06-26 14:27:21.0" LASTACCESSTIME="&lt;NULL&gt;" MODIFYDATETIME="&lt;NULL&gt;" TOTALBLOBSIZE="1332" CHUNKSIZE="2147483546" CONTENTTYPE="application/xhtml+xml" CONTROLFLAGS="0"/>
<row PARTID="2C9B91D3-5459-260D-0154-C44D7E7F00AC" TRACKERID="2C9B91D3-5459-260D-0154-C44D7E7F00AC" CREATIONDATETIME="2016-06-28 13:27:21.07" EXPIRINGDATETIME="2026-06-26 14:27:21.0" LASTACCESSTIME="&lt;NULL&gt;" MODIFYDATETIME="&lt;NULL&gt;" TOTALBLOBSIZE="947" CHUNKSIZE="2147483546" CONTENTTYPE="application/xhtml+xml" CONTROLFLAGS="0"/>
<row PARTID="2C9B91D3-5459-260D-0154-C453561000F0" TRACKERID="2C9B91D3-5459-260D-0154-C453561000F0" CREATIONDATETIME="2016-06-28 13:27:21.087" EXPIRINGDATETIME="2026-06-26 14:27:21.0" LASTACCESSTIME="&lt;NULL&gt;" MODIFYDATETIME="&lt;NULL&gt;" TOTALBLOBSIZE="1050" CHUNKSIZE="2147483546" CONTENTTYPE="application/xhtml+xml" CONTROLFLAGS="0"/>
<row PARTID="2C9B91D3-5459-260D-0154-C6403A1E065F" TRACKERID="2C9B91D3-5459-260D-0154-C6403A1E065F" CREATIONDATETIME="2016-06-28 13:27:21.113" EXPIRINGDATETIME="2026-06-26 14:27:21.0" LASTACCESSTIME="&lt;NULL&gt;" MODIFYDATETIME="&lt;NULL&gt;" TOTALBLOBSIZE="808" CHUNKSIZE="2147483546" CONTENTTYPE="application/xml" CONTROLFLAGS="0"/>
<row PARTID="2C9B91D3-5459-260D-0154-C6403B460662" TRACKERID="2C9B91D3-5459-260D-0154-C6403B460662" CREATIONDATETIME="2016-06-28 13:27:21.063" EXPIRINGDATETIME="2026-06-26 14:27:21.0" LASTACCESSTIME="&lt;NULL&gt;" MODIFYDATETIME="&lt;NULL&gt;" TOTALBLOBSIZE="268" CHUNKSIZE="2147483546" CONTENTTYPE="application/xhtml+xml" CONTROLFLAGS="0"/>
<row PARTID="2C9B91D3-5459-260D-0154-C6403BA40665" TRACKERID="2C9B91D3-5459-260D-0154-C6403BA40665" CREATIONDATETIME="2016-06-28 13:27:21.067" EXPIRINGDATETIME="2026-06-26 14:27:21.0" LASTACCESSTIME="&lt;NULL&gt;" MODIFYDATETIME="&lt;NULL&gt;" TOTALBLOBSIZE="238" CHUNKSIZE="2147483546" CONTENTTYPE="application/xhtml+xml" CONTROLFLAGS="0"/>
<row PARTID="2C9B91D3-5459-260D-0154-C64097A90687" TRACKERID="2C9B91D3-5459-260D-0154-C64097A90687" CREATIONDATETIME="2016-06-28 13:27:21.073" EXPIRINGDATETIME="2026-06-26 14:27:21.0" LASTACCESSTIME="&lt;NULL&gt;" MODIFYDATETIME="&lt;NULL&gt;" TOTALBLOBSIZE="808" CHUNKSIZE="2147483546" CONTENTTYPE="application/xml" CONTROLFLAGS="0"/>
<row PARTID="2C9B91D3-5459-260D-0154-C640E18406A9" TRACKERID="2C9B91D3-5459-260D-0154-C640E18406A9" CREATIONDATETIME="2016-06-28 13:27:21.09" EXPIRINGDATETIME="2026-06-26 14:27:21.0" LASTACCESSTIME="&lt;NULL&gt;" MODIFYDATETIME="&lt;NULL&gt;" TOTALBLOBSIZE="808" CHUNKSIZE="2147483546" CONTENTTYPE="application/xml" CONTROLFLAGS="0"/>
<row PARTID="2C9B91D3-5459-260D-0154-C641370406CB" TRACKERID="2C9B91D3-5459-260D-0154-C641370406CB" CREATIONDATETIME="2016-06-28 13:27:21.093" EXPIRINGDATETIME="2026-06-26 14:27:21.0" LASTACCESSTIME="&lt;NULL&gt;" MODIFYDATETIME="&lt;NULL&gt;" TOTALBLOBSIZE="808" CHUNKSIZE="2147483546" CONTENTTYPE="application/xml" CONTROLFLAGS="0"/>
<row PARTID="2C9B91D3-5459-260D-0154-C643A28506ED" TRACKERID="2C9B91D3-5459-260D-0154-C643A28506ED" CREATIONDATETIME="2016-06-28 13:27:21.103" EXPIRINGDATETIME="2026-06-26 14:27:21.0" LASTACCESSTIME="&lt;NULL&gt;" MODIFYDATETIME="&lt;NULL&gt;" TOTALBLOBSIZE="268" CHUNKSIZE="2147483546" CONTENTTYPE="application/xhtml+xml" CONTROLFLAGS="0"/>
<row PARTID="2C9B91D3-5459-260D-0154-C643A2D306F0" TRACKERID="2C9B91D3-5459-260D-0154-C643A2D306F0" CREATIONDATETIME="2016-06-28 13:27:21.127" EXPIRINGDATETIME="2026-06-26 14:27:21.0" LASTACCESSTIME="&lt;NULL&gt;" MODIFYDATETIME="&lt;NULL&gt;" TOTALBLOBSIZE="238" CHUNKSIZE="2147483546" CONTENTTYPE="application/xhtml+xml" CONTROLFLAGS="0"/>
<row PARTID="2C9B91D3-5459-260D-0154-C64614AB0712" TRACKERID="2C9B91D3-5459-260D-0154-C64614AB0712" CREATIONDATETIME="2016-06-28 13:27:21.107" EXPIRINGDATETIME="2026-06-26 14:27:21.0" LASTACCESSTIME="&lt;NULL&gt;" MODIFYDATETIME="&lt;NULL&gt;" TOTALBLOBSIZE="276" CHUNKSIZE="2147483546" CONTENTTYPE="application/xhtml+xml" CONTROLFLAGS="0"/>
<row PARTID="2C9B91D3-5459-260D-0154-C64BD8EB079A" TRACKERID="2C9B91D3-5459-260D-0154-C64BD8EB079A" CREATIONDATETIME="2016-06-28 13:27:21.077" EXPIRINGDATETIME="2026-06-26 14:27:21.0" LASTACCESSTIME="&lt;NULL&gt;" MODIFYDATETIME="&lt;NULL&gt;" TOTALBLOBSIZE="276" CHUNKSIZE="2147483546" CONTENTTYPE="application/xhtml+xml" CONTROLFLAGS="0"/>
<row PARTID="2C9B91D3-5459-260D-0154-C65AA18A083B" TRACKERID="2C9B91D3-5459-260D-0154-C65AA18A083B" CREATIONDATETIME="2016-06-28 13:27:16.307" EXPIRINGDATETIME="2026-06-26 14:27:16.0" LASTACCESSTIME="&lt;NULL&gt;" MODIFYDATETIME="&lt;NULL&gt;" TOTALBLOBSIZE="502" CHUNKSIZE="2147483546" CONTENTTYPE="application/xhtml+xml" CONTROLFLAGS="0"/>
<row PARTID="2C9B91D3-5459-260D-0154-C6647B1308D4" TRACKERID="2C9B91D3-5459-260D-0154-C6647B1308D4" CREATIONDATETIME="2016-06-28 13:27:16.3" EXPIRINGDATETIME="2026-06-26 14:27:16.0" LASTACCESSTIME="&lt;NULL&gt;" MODIFYDATETIME="&lt;NULL&gt;" TOTALBLOBSIZE="758" CHUNKSIZE="2147483546" CONTENTTYPE="application/xhtml+xml" CONTROLFLAGS="0"/>
<row PARTID="2C9B91D3-5459-260D-0154-C6702B0008FB" TRACKERID="2C9B91D3-5459-260D-0154-C6702B0008FB" CREATIONDATETIME="2016-06-28 13:27:16.323" EXPIRINGDATETIME="2026-06-26 14:27:16.0" LASTACCESSTIME="&lt;NULL&gt;" MODIFYDATETIME="&lt;NULL&gt;" TOTALBLOBSIZE="268" CHUNKSIZE="2147483546" CONTENTTYPE="application/xhtml+xml" CONTROLFLAGS="0"/>
<row PARTID="2C9B91D3-5459-260D-0154-C6785CE3096A" TRACKERID="2C9B91D3-5459-260D-0154-C6785CE3096A" CREATIONDATETIME="2016-06-28 13:27:16.297" EXPIRINGDATETIME="2026-06-26 14:27:16.0" LASTACCESSTIME="&lt;NULL&gt;" MODIFYDATETIME="&lt;NULL&gt;" TOTALBLOBSIZE="278" CHUNKSIZE="2147483546" CONTENTTYPE="application/xhtml+xml" CONTROLFLAGS="0"/>
<row PARTID="2C9B91D3-5459-260D-0154-C6785D60096D" TRACKERID="2C9B91D3-5459-260D-0154-C6785D60096D" CREATIONDATETIME="2016-06-28 13:27:16.223" EXPIRINGDATETIME="2026-06-26 14:27:16.0" LASTACCESSTIME="&lt;NULL&gt;" MODIFYDATETIME="&lt;NULL&gt;" TOTALBLOBSIZE="92" CHUNKSIZE="2147483546" CONTENTTYPE="application/xhtml+xml" CONTROLFLAGS="0"/>
<row PARTID="2C9B91D3-5459-260D-0154-C67AFB470994" TRACKERID="2C9B91D3-5459-260D-0154-C67AFB470994" CREATIONDATETIME="2016-06-28 13:27:16.257" EXPIRINGDATETIME="2026-06-26 14:27:16.0" LASTACCESSTIME="&lt;NULL&gt;" MODIFYDATETIME="&lt;NULL&gt;" TOTALBLOBSIZE="274" CHUNKSIZE="2147483546" CONTENTTYPE="application/xhtml+xml" CONTROLFLAGS="0"/>
<row PARTID="2C9B91D3-5459-260D-0154-C67E20F409BB" TRACKERID="2C9B91D3-5459-260D-0154-C67E20F409BB" CREATIONDATETIME="2016-06-28 13:27:16.23" EXPIRINGDATETIME="2026-06-26 14:27:16.0" LASTACCESSTIME="&lt;NULL&gt;" MODIFYDATETIME="&lt;NULL&gt;" TOTALBLOBSIZE="268" CHUNKSIZE="2147483546" CONTENTTYPE="application/xhtml+xml" CONTROLFLAGS="0"/>
<row PARTID="2C9B91D3-5459-260D-0154-C67E214209BE" TRACKERID="2C9B91D3-5459-260D-0154-C67E214209BE" CREATIONDATETIME="2016-06-28 13:27:16.337" EXPIRINGDATETIME="2026-06-26 14:27:16.0" LASTACCESSTIME="&lt;NULL&gt;" MODIFYDATETIME="&lt;NULL&gt;" TOTALBLOBSIZE="258" CHUNKSIZE="2147483546" CONTENTTYPE="application/xhtml+xml" CONTROLFLAGS="0"/>
<row PARTID="2C9B91D3-5459-260D-0154-C67E21B009C1" TRACKERID="2C9B91D3-5459-260D-0154-C67E21B009C1" CREATIONDATETIME="2016-06-28 13:27:16.25" EXPIRINGDATETIME="2026-06-26 14:27:16.0" LASTACCESSTIME="&lt;NULL&gt;" MODIFYDATETIME="&lt;NULL&gt;" TOTALBLOBSIZE="268" CHUNKSIZE="2147483546" CONTENTTYPE="application/xhtml+xml" CONTROLFLAGS="0"/>
<row PARTID="2C9B91D3-5459-260D-0154-C67E220D09C4" TRACKERID="2C9B91D3-5459-260D-0154-C67E220D09C4" CREATIONDATETIME="2016-06-28 13:27:16.28" EXPIRINGDATETIME="2026-06-26 14:27:16.0" LASTACCESSTIME="&lt;NULL&gt;" MODIFYDATETIME="&lt;NULL&gt;" TOTALBLOBSIZE="258" CHUNKSIZE="2147483546" CONTENTTYPE="application/xhtml+xml" CONTROLFLAGS="0"/>
<row PARTID="2C9B91D3-5459-260D-0154-C680810109EB" TRACKERID="2C9B91D3-5459-260D-0154-C680810109EB" CREATIONDATETIME="2016-06-28 13:27:16.26" EXPIRINGDATETIME="2026-06-26 14:27:16.0" LASTACCESSTIME="&lt;NULL&gt;" MODIFYDATETIME="&lt;NULL&gt;" TOTALBLOBSIZE="276" CHUNKSIZE="2147483546" CONTENTTYPE="application/xhtml+xml" CONTROLFLAGS="0"/>
<row PARTID="2C9B91D3-5459-260D-0154-DE1C1B200E6E" TRACKERID="2C9B91D3-5459-260D-0154-DE1C1B200E6E" CREATIONDATETIME="2016-06-28 13:27:16.253" EXPIRINGDATETIME="2026-06-26 14:27:16.0" LASTACCESSTIME="&lt;NULL&gt;" MODIFYDATETIME="&lt;NULL&gt;" TOTALBLOBSIZE="176" CHUNKSIZE="2147483546" CONTENTTYPE="application/xhtml+xml" CONTROLFLAGS="0"/>
<row PARTID="2C9B91D3-5459-260D-0154-DE1D63B50F04" TRACKERID="2C9B91D3-5459-260D-0154-DE1D63B50F04" CREATIONDATETIME="2016-06-28 13:27:21.117" EXPIRINGDATETIME="2026-06-26 14:27:21.0" LASTACCESSTIME="&lt;NULL&gt;" MODIFYDATETIME="&lt;NULL&gt;" TOTALBLOBSIZE="176" CHUNKSIZE="2147483546" CONTENTTYPE="application/xhtml+xml" CONTROLFLAGS="0"/>
<row PARTID="2C9B91D3-5459-260D-0154-DE1D94950F26" TRACKERID="2C9B91D3-5459-260D-0154-DE1D94950F26" CREATIONDATETIME="2016-06-28 13:27:21.11" EXPIRINGDATETIME="2026-06-26 14:27:21.0" LASTACCESSTIME="&lt;NULL&gt;" MODIFYDATETIME="&lt;NULL&gt;" TOTALBLOBSIZE="176" CHUNKSIZE="2147483546" CONTENTTYPE="application/xhtml+xml" CONTROLFLAGS="0"/>
<row PARTID="2C9B91D3-5283-E2B0-0152-EB66F53F0083" TRACKERID="2C9B91D3-5283-E2B0-0152-EB66F53F0083" CREATIONDATETIME="2016-06-28 13:27:21.133" EXPIRINGDATETIME="2026-06-26 14:27:21.0" LASTACCESSTIME="&lt;NULL&gt;" MODIFYDATETIME="&lt;NULL&gt;" TOTALBLOBSIZE="808" CHUNKSIZE="2147483546" CONTENTTYPE="application/xml" CONTROLFLAGS="0"/>
<row PARTID="2C9B91D3-5283-E2B0-0152-EB67914F00AB" TRACKERID="2C9B91D3-5283-E2B0-0152-EB67914F00AB" CREATIONDATETIME="2016-06-28 13:27:21.06" EXPIRINGDATETIME="2026-06-26 14:27:21.0" LASTACCESSTIME="&lt;NULL&gt;" MODIFYDATETIME="&lt;NULL&gt;" TOTALBLOBSIZE="808" CHUNKSIZE="2147483546" CONTENTTYPE="application/xml" CONTROLFLAGS="0"/>
</BlobInfo>
<BinaryObject PARTID="java.lang.String" CHUNKINDEX="java.lang.Integer" DATA="java.sql.Blob" CREATIONDATETIME="java.sql.Timestamp" TYPENAME="java.lang.String">
<row PARTID="2C9B91D3-47D0-65D6-0148-0F44D23C1EBD" CHUNKINDEX="1" DATA="SUBSTITUTIONTEXT/BinaryObject-DATA-2C9B91D3-47D0-65D6-0148-0F44D23C1EBD.blob" CREATIONDATETIME="2016-06-28 13:27:21.087" TYPENAME="SUBSTITUTIONTEXT"/>
<row PARTID="2C9B91D3-50D9-3AA0-0151-2081DE4A0110" CHUNKINDEX="1" DATA="SUBSTITUTIONTEXT/BinaryObject-DATA-2C9B91D3-50D9-3AA0-0151-2081DE4A0110.blob" CREATIONDATETIME="2016-06-28 13:27:16.263" TYPENAME="SUBSTITUTIONTEXT"/>
<row PARTID="2C9B91D3-50D9-3AA0-0151-20A3898401D0" CHUNKINDEX="1" DATA="SUBSTITUTIONRULE/BinaryObject-DATA-2C9B91D3-50D9-3AA0-0151-20A3898401D0.blob" CREATIONDATETIME="2016-06-28 13:27:16.32" TYPENAME="SUBSTITUTIONRULE"/>
<row PARTID="2C9B91D3-50D9-3AA0-0151-20A4F7160212" CHUNKINDEX="1" DATA="SUBSTITUTIONRULE/BinaryObject-DATA-2C9B91D3-50D9-3AA0-0151-20A4F7160212.blob" CREATIONDATETIME="2016-06-28 13:27:16.33" TYPENAME="SUBSTITUTIONRULE"/>
<row PARTID="2C9B91D3-4E0C-636C-014E-20B18941008A" CHUNKINDEX="1" DATA="SUBSTITUTIONTEXT/BinaryObject-DATA-2C9B91D3-4E0C-636C-014E-20B18941008A.blob" CREATIONDATETIME="2016-06-28 13:27:21.127" TYPENAME="SUBSTITUTIONTEXT"/>
<row PARTID="2C9B91D3-542F-8BD6-0154-398D09E10237" CHUNKINDEX="1" DATA="SUBSTITUTIONRULE/BinaryObject-DATA-2C9B91D3-542F-8BD6-0154-398D09E10237.blob" CREATIONDATETIME="2016-06-28 13:27:16.29" TYPENAME="SUBSTITUTIONRULE"/>
<row PARTID="2C9B91D3-542F-8BD6-0154-398D7BB6025E" CHUNKINDEX="1" DATA="SUBSTITUTIONRULE/BinaryObject-DATA-2C9B91D3-542F-8BD6-0154-398D7BB6025E.blob" CREATIONDATETIME="2016-06-28 13:27:16.317" TYPENAME="SUBSTITUTIONRULE"/>
<row PARTID="2C9B91D3-542F-8BD6-0154-3995C28102D3" CHUNKINDEX="1" DATA="SUBSTITUTIONTEXT/BinaryObject-DATA-2C9B91D3-542F-8BD6-0154-3995C28102D3.blob" CREATIONDATETIME="2016-06-28 13:27:16.237" TYPENAME="SUBSTITUTIONTEXT"/>
<row PARTID="2C9B91D3-542F-8BD6-0154-399913140327" CHUNKINDEX="1" DATA="SUBSTITUTIONTEXT/BinaryObject-DATA-2C9B91D3-542F-8BD6-0154-399913140327.blob" CREATIONDATETIME="2016-06-28 13:27:16.28" TYPENAME="SUBSTITUTIONTEXT"/>
<row PARTID="2C9B91D3-4CDC-4D68-014D-48E3B788061F" CHUNKINDEX="1" DATA="SUBSTITUTIONRULE/BinaryObject-DATA-2C9B91D3-4CDC-4D68-014D-48E3B788061F.blob" CREATIONDATETIME="2016-06-28 13:27:16.293" TYPENAME="SUBSTITUTIONRULE"/>
<row PARTID="2C9B91D3-4CDC-4D68-014D-48E456B4066F" CHUNKINDEX="1" DATA="SUBSTITUTIONRULE/BinaryObject-DATA-2C9B91D3-4CDC-4D68-014D-48E456B4066F.blob" CREATIONDATETIME="2016-06-28 13:27:16.313" TYPENAME="SUBSTITUTIONRULE"/>
<row PARTID="2C9B91D3-4CDC-4D68-014D-48E4D40E0697" CHUNKINDEX="1" DATA="SUBSTITUTIONRULE/BinaryObject-DATA-2C9B91D3-4CDC-4D68-014D-48E4D40E0697.blob" CREATIONDATETIME="2016-06-28 13:27:16.24" TYPENAME="SUBSTITUTIONRULE"/>
<row PARTID="2C9B91D3-4CDC-4D68-014D-48E52AA606BF" CHUNKINDEX="1" DATA="SUBSTITUTIONRULE/BinaryObject-DATA-2C9B91D3-4CDC-4D68-014D-48E52AA606BF.blob" CREATIONDATETIME="2016-06-28 13:27:16.27" TYPENAME="SUBSTITUTIONRULE"/>
<row PARTID="2C9B91D3-47D0-65D6-0148-55E4BF912F01" CHUNKINDEX="1" DATA="CALLPROCRULE/BinaryObject-DATA-2C9B91D3-47D0-65D6-0148-55E4BF912F01.blob" CREATIONDATETIME="2016-06-28 13:27:21.537" TYPENAME="CALLPROCRULE"/>
<row PARTID="2C9B91D3-49D3-6445-014A-58D9051E003C" CHUNKINDEX="1" DATA="SUBSTITUTIONTEXT/BinaryObject-DATA-2C9B91D3-49D3-6445-014A-58D9051E003C.blob" CREATIONDATETIME="2016-06-28 13:27:21.13" TYPENAME="SUBSTITUTIONTEXT"/>
<row PARTID="2C9B91D3-49D3-6445-014A-58D9059B003F" CHUNKINDEX="1" DATA="SUBSTITUTIONTEXT/BinaryObject-DATA-2C9B91D3-49D3-6445-014A-58D9059B003F.blob" CREATIONDATETIME="2016-06-28 13:27:21.08" TYPENAME="SUBSTITUTIONTEXT"/>
<row PARTID="2C9B91D3-4649-282C-0146-5E72AE7B000F" CHUNKINDEX="1" DATA="CALLPROCRULE/BinaryObject-DATA-2C9B91D3-4649-282C-0146-5E72AE7B000F.blob" CREATIONDATETIME="2016-06-28 13:27:16.837" TYPENAME="CALLPROCRULE"/>
<row PARTID="2C9B920A-5517-1D3D-0155-8247E60920A2" CHUNKINDEX="1" DATA="SUBSTITUTIONDOCUMENTDEFINITION/BinaryObject-DATA-2C9B920A-5517-1D3D-0155-8247E60920A2.blob" CREATIONDATETIME="2016-06-28 13:27:16.037" TYPENAME="SUBSTITUTIONDOCUMENTDEFINITION"/>
<row PARTID="2C9B91D3-5019-7732-0150-868B772C0557" CHUNKINDEX="1" DATA="SUBSTITUTIONTEXT/BinaryObject-DATA-2C9B91D3-5019-7732-0150-868B772C0557.blob" CREATIONDATETIME="2016-06-28 13:27:16.287" TYPENAME="SUBSTITUTIONTEXT"/>
<row PARTID="2C9B91D3-52EB-B909-0153-8A96D7BF04D5" CHUNKINDEX="1" DATA="SUBSTITUTIONTEXT/BinaryObject-DATA-2C9B91D3-52EB-B909-0153-8A96D7BF04D5.blob" CREATIONDATETIME="2016-06-28 13:27:21.05" TYPENAME="SUBSTITUTIONTEXT"/>
<row PARTID="2C9B91D3-52EB-B909-0153-8A96D7FE04D8" CHUNKINDEX="1" DATA="SUBSTITUTIONTEXT/BinaryObject-DATA-2C9B91D3-52EB-B909-0153-8A96D7FE04D8.blob" CREATIONDATETIME="2016-06-28 13:27:21.047" TYPENAME="SUBSTITUTIONTEXT"/>
<row PARTID="2C9B91D3-52EB-B909-0153-8B11ECF606E1" CHUNKINDEX="1" DATA="SUBSTITUTIONRULE/BinaryObject-DATA-2C9B91D3-52EB-B909-0153-8B11ECF606E1.blob" CREATIONDATETIME="2016-06-28 13:27:16.333" TYPENAME="SUBSTITUTIONRULE"/>
<row PARTID="2C9B91D3-52EB-B909-0153-8B12832D0706" CHUNKINDEX="1" DATA="SUBSTITUTIONRULE/BinaryObject-DATA-2C9B91D3-52EB-B909-0153-8B12832D0706.blob" CREATIONDATETIME="2016-06-28 13:27:16.273" TYPENAME="SUBSTITUTIONRULE"/>
<row PARTID="2C9B91D3-52EB-B909-0153-8B130528072C" CHUNKINDEX="1" DATA="SUBSTITUTIONRULE/BinaryObject-DATA-2C9B91D3-52EB-B909-0153-8B130528072C.blob" CREATIONDATETIME="2016-06-28 13:27:16.243" TYPENAME="SUBSTITUTIONRULE"/>
<row PARTID="2C9B91D3-52EB-B909-0153-8B139CB60753" CHUNKINDEX="1" DATA="SUBSTITUTIONRULE/BinaryObject-DATA-2C9B91D3-52EB-B909-0153-8B139CB60753.blob" CREATIONDATETIME="2016-06-28 13:27:16.23" TYPENAME="SUBSTITUTIONRULE"/>
<row PARTID="2C9B91D3-52EB-B909-0153-8B236EC907CB" CHUNKINDEX="1" DATA="SUBSTITUTIONTEXT/BinaryObject-DATA-2C9B91D3-52EB-B909-0153-8B236EC907CB.blob" CREATIONDATETIME="2016-06-28 13:27:16.31" TYPENAME="SUBSTITUTIONTEXT"/>
<row PARTID="2C9B91D3-52EB-B909-0153-8B24D01C07F2" CHUNKINDEX="1" DATA="SUBSTITUTIONTEXT/BinaryObject-DATA-2C9B91D3-52EB-B909-0153-8B24D01C07F2.blob" CREATIONDATETIME="2016-06-28 13:27:16.247" TYPENAME="SUBSTITUTIONTEXT"/>
<row PARTID="2C9B920A-5517-1D3D-0155-96C0FD052137" CHUNKINDEX="1" DATA="SUBSTITUTIONDOCUMENTDEFINITION/BinaryObject-DATA-2C9B920A-5517-1D3D-0155-96C0FD052137.blob" CREATIONDATETIME="2016-06-28 13:27:20.853" TYPENAME="SUBSTITUTIONDOCUMENTDEFINITION"/>
<row PARTID="2C9B91D3-5459-260D-0154-C44543290024" CHUNKINDEX="1" DATA="SUBSTITUTIONRULE/BinaryObject-DATA-2C9B91D3-5459-260D-0154-C44543290024.blob" CREATIONDATETIME="2016-06-28 13:27:21.053" TYPENAME="SUBSTITUTIONRULE"/>
<row PARTID="2C9B91D3-5459-260D-0154-C44663480068" CHUNKINDEX="1" DATA="SUBSTITUTIONRULE/BinaryObject-DATA-2C9B91D3-5459-260D-0154-C44663480068.blob" CREATIONDATETIME="2016-06-28 13:27:21.12" TYPENAME="SUBSTITUTIONRULE"/>
<row PARTID="2C9B91D3-5459-260D-0154-C449DAEC008A" CHUNKINDEX="1" DATA="SUBSTITUTIONTEXT/BinaryObject-DATA-2C9B91D3-5459-260D-0154-C449DAEC008A.blob" CREATIONDATETIME="2016-06-28 13:27:21.1" TYPENAME="SUBSTITUTIONTEXT"/>
<row PARTID="2C9B91D3-5459-260D-0154-C44D7E7F00AC" CHUNKINDEX="1" DATA="SUBSTITUTIONTEXT/BinaryObject-DATA-2C9B91D3-5459-260D-0154-C44D7E7F00AC.blob" CREATIONDATETIME="2016-06-28 13:27:21.07" TYPENAME="SUBSTITUTIONTEXT"/>
<row PARTID="2C9B91D3-5459-260D-0154-C453561000F0" CHUNKINDEX="1" DATA="SUBSTITUTIONTEXT/BinaryObject-DATA-2C9B91D3-5459-260D-0154-C453561000F0.blob" CREATIONDATETIME="2016-06-28 13:27:21.09" TYPENAME="SUBSTITUTIONTEXT"/>
<row PARTID="2C9B91D3-5459-260D-0154-C6403A1E065F" CHUNKINDEX="1" DATA="SUBSTITUTIONRULE/BinaryObject-DATA-2C9B91D3-5459-260D-0154-C6403A1E065F.blob" CREATIONDATETIME="2016-06-28 13:27:21.113" TYPENAME="SUBSTITUTIONRULE"/>
<row PARTID="2C9B91D3-5459-260D-0154-C6403B460662" CHUNKINDEX="1" DATA="SUBSTITUTIONTEXT/BinaryObject-DATA-2C9B91D3-5459-260D-0154-C6403B460662.blob" CREATIONDATETIME="2016-06-28 13:27:21.063" TYPENAME="SUBSTITUTIONTEXT"/>
<row PARTID="2C9B91D3-5459-260D-0154-C6403BA40665" CHUNKINDEX="1" DATA="SUBSTITUTIONTEXT/BinaryObject-DATA-2C9B91D3-5459-260D-0154-C6403BA40665.blob" CREATIONDATETIME="2016-06-28 13:27:21.067" TYPENAME="SUBSTITUTIONTEXT"/>
<row PARTID="2C9B91D3-5459-260D-0154-C64097A90687" CHUNKINDEX="1" DATA="SUBSTITUTIONRULE/BinaryObject-DATA-2C9B91D3-5459-260D-0154-C64097A90687.blob" CREATIONDATETIME="2016-06-28 13:27:21.073" TYPENAME="SUBSTITUTIONRULE"/>
<row PARTID="2C9B91D3-5459-260D-0154-C640E18406A9" CHUNKINDEX="1" DATA="SUBSTITUTIONRULE/BinaryObject-DATA-2C9B91D3-5459-260D-0154-C640E18406A9.blob" CREATIONDATETIME="2016-06-28 13:27:21.093" TYPENAME="SUBSTITUTIONRULE"/>
<row PARTID="2C9B91D3-5459-260D-0154-C641370406CB" CHUNKINDEX="1" DATA="SUBSTITUTIONRULE/BinaryObject-DATA-2C9B91D3-5459-260D-0154-C641370406CB.blob" CREATIONDATETIME="2016-06-28 13:27:21.097" TYPENAME="SUBSTITUTIONRULE"/>
<row PARTID="2C9B91D3-5459-260D-0154-C643A28506ED" CHUNKINDEX="1" DATA="SUBSTITUTIONTEXT/BinaryObject-DATA-2C9B91D3-5459-260D-0154-C643A28506ED.blob" CREATIONDATETIME="2016-06-28 13:27:21.103" TYPENAME="SUBSTITUTIONTEXT"/>
<row PARTID="2C9B91D3-5459-260D-0154-C643A2D306F0" CHUNKINDEX="1" DATA="SUBSTITUTIONTEXT/BinaryObject-DATA-2C9B91D3-5459-260D-0154-C643A2D306F0.blob" CREATIONDATETIME="2016-06-28 13:27:21.13" TYPENAME="SUBSTITUTIONTEXT"/>
<row PARTID="2C9B91D3-5459-260D-0154-C64614AB0712" CHUNKINDEX="1" DATA="SUBSTITUTIONTEXT/BinaryObject-DATA-2C9B91D3-5459-260D-0154-C64614AB0712.blob" CREATIONDATETIME="2016-06-28 13:27:21.107" TYPENAME="SUBSTITUTIONTEXT"/>
<row PARTID="2C9B91D3-5459-260D-0154-C64BD8EB079A" CHUNKINDEX="1" DATA="SUBSTITUTIONTEXT/BinaryObject-DATA-2C9B91D3-5459-260D-0154-C64BD8EB079A.blob" CREATIONDATETIME="2016-06-28 13:27:21.077" TYPENAME="SUBSTITUTIONTEXT"/>
<row PARTID="2C9B91D3-5459-260D-0154-C65AA18A083B" CHUNKINDEX="1" DATA="SUBSTITUTIONTEXT/BinaryObject-DATA-2C9B91D3-5459-260D-0154-C65AA18A083B.blob" CREATIONDATETIME="2016-06-28 13:27:16.307" TYPENAME="SUBSTITUTIONTEXT"/>
<row PARTID="2C9B91D3-5459-260D-0154-C6647B1308D4" CHUNKINDEX="1" DATA="SUBSTITUTIONTEXT/BinaryObject-DATA-2C9B91D3-5459-260D-0154-C6647B1308D4.blob" CREATIONDATETIME="2016-06-28 13:27:16.303" TYPENAME="SUBSTITUTIONTEXT"/>
<row PARTID="2C9B91D3-5459-260D-0154-C6702B0008FB" CHUNKINDEX="1" DATA="SUBSTITUTIONTEXT/BinaryObject-DATA-2C9B91D3-5459-260D-0154-C6702B0008FB.blob" CREATIONDATETIME="2016-06-28 13:27:16.327" TYPENAME="SUBSTITUTIONTEXT"/>
<row PARTID="2C9B91D3-5459-260D-0154-C6785CE3096A" CHUNKINDEX="1" DATA="SUBSTITUTIONTEXT/BinaryObject-DATA-2C9B91D3-5459-260D-0154-C6785CE3096A.blob" CREATIONDATETIME="2016-06-28 13:27:16.3" TYPENAME="SUBSTITUTIONTEXT"/>
<row PARTID="2C9B91D3-5459-260D-0154-C6785D60096D" CHUNKINDEX="1" DATA="SUBSTITUTIONTEXT/BinaryObject-DATA-2C9B91D3-5459-260D-0154-C6785D60096D.blob" CREATIONDATETIME="2016-06-28 13:27:16.223" TYPENAME="SUBSTITUTIONTEXT"/>
<row PARTID="2C9B91D3-5459-260D-0154-C67AFB470994" CHUNKINDEX="1" DATA="SUBSTITUTIONTEXT/BinaryObject-DATA-2C9B91D3-5459-260D-0154-C67AFB470994.blob" CREATIONDATETIME="2016-06-28 13:27:16.257" TYPENAME="SUBSTITUTIONTEXT"/>
<row PARTID="2C9B91D3-5459-260D-0154-C67E20F409BB" CHUNKINDEX="1" DATA="SUBSTITUTIONTEXT/BinaryObject-DATA-2C9B91D3-5459-260D-0154-C67E20F409BB.blob" CREATIONDATETIME="2016-06-28 13:27:16.233" TYPENAME="SUBSTITUTIONTEXT"/>
<row PARTID="2C9B91D3-5459-260D-0154-C67E214209BE" CHUNKINDEX="1" DATA="SUBSTITUTIONTEXT/BinaryObject-DATA-2C9B91D3-5459-260D-0154-C67E214209BE.blob" CREATIONDATETIME="2016-06-28 13:27:16.337" TYPENAME="SUBSTITUTIONTEXT"/>
<row PARTID="2C9B91D3-5459-260D-0154-C67E21B009C1" CHUNKINDEX="1" DATA="SUBSTITUTIONTEXT/BinaryObject-DATA-2C9B91D3-5459-260D-0154-C67E21B009C1.blob" CREATIONDATETIME="2016-06-28 13:27:16.25" TYPENAME="SUBSTITUTIONTEXT"/>
<row PARTID="2C9B91D3-5459-260D-0154-C67E220D09C4" CHUNKINDEX="1" DATA="SUBSTITUTIONTEXT/BinaryObject-DATA-2C9B91D3-5459-260D-0154-C67E220D09C4.blob" CREATIONDATETIME="2016-06-28 13:27:16.283" TYPENAME="SUBSTITUTIONTEXT"/>
<row PARTID="2C9B91D3-5459-260D-0154-C680810109EB" CHUNKINDEX="1" DATA="SUBSTITUTIONTEXT/BinaryObject-DATA-2C9B91D3-5459-260D-0154-C680810109EB.blob" CREATIONDATETIME="2016-06-28 13:27:16.26" TYPENAME="SUBSTITUTIONTEXT"/>
<row PARTID="2C9B91D3-5459-260D-0154-DE1C1B200E6E" CHUNKINDEX="1" DATA="SUBSTITUTIONTEXT/BinaryObject-DATA-2C9B91D3-5459-260D-0154-DE1C1B200E6E.blob" CREATIONDATETIME="2016-06-28 13:27:16.253" TYPENAME="SUBSTITUTIONTEXT"/>
<row PARTID="2C9B91D3-5459-260D-0154-DE1D63B50F04" CHUNKINDEX="1" DATA="SUBSTITUTIONTEXT/BinaryObject-DATA-2C9B91D3-5459-260D-0154-DE1D63B50F04.blob" CREATIONDATETIME="2016-06-28 13:27:21.117" TYPENAME="SUBSTITUTIONTEXT"/>
<row PARTID="2C9B91D3-5459-260D-0154-DE1D94950F26" CHUNKINDEX="1" DATA="SUBSTITUTIONTEXT/BinaryObject-DATA-2C9B91D3-5459-260D-0154-DE1D94950F26.blob" CREATIONDATETIME="2016-06-28 13:27:21.11" TYPENAME="SUBSTITUTIONTEXT"/>
<row PARTID="2C9B91D3-5283-E2B0-0152-EB66F53F0083" CHUNKINDEX="1" DATA="SUBSTITUTIONRULE/BinaryObject-DATA-2C9B91D3-5283-E2B0-0152-EB66F53F0083.blob" CREATIONDATETIME="2016-06-28 13:27:21.137" TYPENAME="SUBSTITUTIONRULE"/>
<row PARTID="2C9B91D3-5283-E2B0-0152-EB67914F00AB" CHUNKINDEX="1" DATA="SUBSTITUTIONRULE/BinaryObject-DATA-2C9B91D3-5283-E2B0-0152-EB67914F00AB.blob" CREATIONDATETIME="2016-06-28 13:27:21.06" TYPENAME="SUBSTITUTIONRULE"/>
</BinaryObject>
<VariableMetaData VARIABLEMETADATAID="java.lang.String" TRACKERID="java.lang.String" PARTID="java.lang.String" METADATANAMEID="java.lang.String" METADATAVALUE="java.lang.String" METADATAVALUEN="java.math.BigDecimal" METADATAVALUED="java.sql.Timestamp" CREATIONDATETIME="java.sql.Timestamp"/>
<relPartResourceStore PARTID="java.lang.String" RESOURCESTOREID="java.lang.String" CREATIONDATETIME="java.sql.Timestamp"/>
</root>
