<?xml version="1.0" encoding="UTF-8"?><root>
<Role ROLEID="java.lang.String" PARENTROLEID="java.lang.String" ROLEATTRIBUTESID="java.lang.String" ROLEDESCRIPTION="java.lang.String" ROLENAME="java.lang.String" ROLECREATIONTIME="java.sql.Timestamp"/>
<RoleAttributes ROLEATTRIBUTESID="java.lang.String" ROLEID="java.lang.String" METADATAVALUE="java.lang.String" METADATANAMEID="java.lang.String" CREATIONDATETIME="java.sql.Timestamp"/>
<PrincipalAttributes PRINCIPALATTRIBUTESID="java.lang.String" PASSWORD="java.lang.String" LOGINNAME="java.lang.String"/>
<PrincipalType PRINCIPALTYPEID="java.lang.String" TYPENAME="java.lang.String" URI="java.lang.String"/>
<PrincipalObject PRINCIPALOBJECTID="java.lang.String" PRINCIPALTYPEID="java.lang.String" PRINCIPALATTRIBUTESID="java.lang.String"/>
<relPrincipalObjectRole RELPRINCIPALOBJECTROLEID="java.lang.String" ROLEID="java.lang.String" PRINCIPALOBJECTID="java.lang.String" CREATIONDATETIME="java.sql.Timestamp"/>
<Operation OPERATIONID="java.lang.String" OPERATIONNAME="java.lang.String"/>
<ApplicationResourceType APPLICATIONRESOURCETYPEID="java.lang.String" TYPENAME="java.lang.String"/>
<Permissions PERMISSIONSID="java.lang.String"/>
<Permission PERMISSIONID="java.lang.String" ROLEID="java.lang.String" PERMISSIONSID="java.lang.String" OPERATIONID="java.lang.String"/>
<ApplicationResource RESOURCEID="java.lang.String" PARENTRESOURCEID="java.lang.String" PERMISSIONSID="java.lang.String" APPLICATIONRESOURCETYPEID="java.lang.String" RESOURCENAME="java.lang.String"/>
<relAppResOperation RESOURCEID="java.lang.String" OPERATIONID="java.lang.String" CREATIONDATETIME="java.sql.Timestamp"/>
<RoleSettingValue ROLESETTINGVALUEID="java.lang.String" SETTINGID="java.lang.String" ROLEID="java.lang.String" SETTINGTYPE="java.lang.String" SETTINGVALUE="java.lang.String" LOCKED="java.lang.Integer" DOCUMENTTYPEID="java.lang.String" CREATIONDATETIME="java.sql.Timestamp"/>
<PrincipalObjectSettingValue PRINCIPALOBJECTSETTINGVALUEID="java.lang.String" SETTINGID="java.lang.String" PRINCIPALOBJECTID="java.lang.String" SETTINGTYPE="java.lang.String" SETTINGVALUE="java.lang.String" LOCKED="java.lang.Integer" DOCUMENTTYPEID="java.lang.String"/>
<ResultProfile RESULTPROFILEID="java.lang.String" PROFILENAME="java.lang.String" SORTITEMID="java.lang.String" SORTDIRECTION="java.lang.Integer" CREATIONDATETIME="java.sql.Timestamp"/>
<ResultProfileItem RESULTPROFILEITEMID="java.lang.String" RESULTPROFILEID="java.lang.String" FIXED="java.lang.Integer" COLUMNID="java.lang.String" COLUMNDATATYPE="java.lang.Integer" SORTORDER="java.lang.Integer" CREATIONDATETIME="java.sql.Timestamp"/>
<Search SEARCHID="java.lang.String" LISTRESULTPROFILEID="java.lang.String" DETAILSRESULTPROFILEID="java.lang.String" CRITERIAPROFILEID="java.lang.String" DOCUMENTTYPE="java.lang.String" SEARCHNAME="java.lang.String" SEARCHTYPEID="java.lang.String" OBJECTREFERENCE="java.lang.String" DEFAULTFOROBJECT="java.lang.Integer" CREATIONDATETIME="java.sql.Timestamp"/>
<SearchCriteriaItem SEARCHCRITERIAITEMID="java.lang.String" SEARCHID="java.lang.String" COLUMNID="java.lang.String" SEARCHCONDITION="java.lang.String" CONDITIONDATATYPE="java.lang.Integer" FIXED="java.lang.Integer" CREATIONDATETIME="java.sql.Timestamp"/>
</root>
